alias	group	event
PSG0132664	PSG0000010	merged
PSG0132661	PSG0000048	merged
PSG0082214	PSG0000049	merged
PSG0082212	PSG0000050	merged
PSG0133760	PSG0000050	merged
PSG0133759	PSG0000054	merged
PSG0073600	PSG0000187	merged
PSG0144983	PSG0000222	merged
PSG0144982	PSG0000228	merged
PSG0133750	PSG0000261	merged
PSG0000276	PSG0000275	merged
PSG0133039	PSG0107915	merged
PSG0146378	PSG0107915	merged
PSG0146380	PSG0107915	merged
PSG0133746	PSG0000317	merged
PSG0000339	PSG0149286	split
PSG0144975	PSG0000346	merged
PSG0136205	PSG0000374	merged
PSG0144973	PSG0000383	merged
PSG0144969	PSG0000400	merged
PSG0141238	PSG0000419	merged
PSG0117168	PSG0000446	merged
PSG0125873	PSG0000451	merged
PSG0000456	PSG0149309	split
PSG0141243	PSG0123578	merged
PSG0144965	PSG0000474	merged
PSG0144963	PSG0000531	merged
PSG0134485	PSG0000534	merged
PSG0120681	PSG0000609	merged
PSG0000696	PSG0149350	split
PSG0120686	PSG0000705	merged
PSG0000735	PSG0149357	split
PSG0000747	PSG0149362	split
PSG0000756	PSG0149365	split
PSG0000782	PSG0000781	merged
PSG0132717	PSG0000784	merged
PSG0144954	PSG0000784	merged
PSG0000790	PSG0149371	split
PSG0138918	PSG0000835	merged
PSG0144953	PSG0000835	merged
PSG0138921	PSG0000851	merged
PSG0144948	PSG0000884	merged
PSG0000895	PSG0149389	split
PSG0144947	PSG0000898	merged
PSG0000915	PSG0149393	split
PSG0138931	PSG0000939	merged
PSG0144946	PSG0000939	merged
PSG0138933	PSG0000948	merged
PSG0131592	PSG0001122	merged
PSG0144938	PSG0001149	merged
PSG0001188	PSG0149430	split
PSG0001198	PSG0149432	split
PSG0001220	PSG0149435	split
PSG0131588	PSG0001223	merged
PSG0144936	PSG0001242	merged
PSG0001247	PSG0001246	merged
PSG0131572	PSG0001386	merged
PSG0144934	PSG0001407	merged
PSG0131570	PSG0001416	merged
PSG0144931	PSG0001443	merged
PSG0001446	PSG0149473	split
PSG0144930	PSG0001461	merged
PSG0134491	PSG0001537	merged
PSG0134494	PSG0001553	merged
PSG0130496	PSG0001557	merged
PSG0001559	PSG0149485	split
PSG0130497	PSG0125048	merged
PSG0144926	PSG0001585	merged
PSG0131565	PSG0001592	merged
PSG0131561	PSG0001638	merged
PSG0001664	PSG0149512	split
PSG0120631	PSG0001749	merged
PSG0131546	PSG0001801	merged
PSG0001862	PSG0149540	split
PSG0144912	PSG0001878	merged
PSG0001894	PSG0149545	split
PSG0136070	PSG0001950	merged
PSG0001967	PSG0149566	split
PSG0140964	PSG0001987	merged
PSG0147425	PSG0126177	merged
PSG0126284	PSG0002000	merged
PSG0056050	PSG0002040	merged
PSG0125560	PSG0002040	merged
PSG0122393	PSG0149597	split
PSG0138352	PSG0122395	merged
PSG0148698	PSG0002060	merged
PSG0134582	PSG0149600	split
PSG0108221	PSG0002064	merged
PSG0148699	PSG0002064	merged
PSG0134581	PSG0120126	merged
PSG0108224	PSG0002070	merged
PSG0148703	PSG0002086	merged
PSG0002091	PSG0002090	merged
PSG0125104	PSG0002104	merged
PSG0134572	PSG0002104	merged
PSG0148705	PSG0002122	merged
PSG0148706	PSG0002126	merged
PSG0134317	PSG0002149	merged
PSG0120140	PSG0002168	merged
PSG0134313	PSG0002171	merged
PSG0134305	PSG0002221	merged
PSG0134302	PSG0002235	merged
PSG0142433	PSG0002235	merged
PSG0002240	PSG0149661	split
PSG0132768	PSG0127008	merged
PSG0141286	PSG0127008	merged
PSG0141288	PSG0127012	merged
PSG0132767	PSG0127013	merged
PSG0141289	PSG0127013	merged
PSG0136689	PSG0119686	merged
PSG0143917	PSG0119686	merged
PSG0136690	PSG0119687	merged
PSG0143916	PSG0119687	merged
PSG0143915	PSG0002272	merged
PSG0002306	PSG0149681	split
PSG0002342	PSG0149688	split
PSG0132218	PSG0002504	merged
PSG0002566	PSG0149729	split
PSG0132221	PSG0002571	merged
PSG0132222	PSG0002619	merged
PSG0002628	PSG0002627	merged
PSG0002628	PSG0149741	split
PSG0002643	PSG0149746	split
PSG0132231	PSG0002656	merged
PSG0132232	PSG0002659	merged
PSG0144292	PSG0002699	merged
PSG0002748	PSG0149761	split
PSG0002780	PSG0149768	split
PSG0002831	PSG0002830	merged
PSG0002846	PSG0002845	merged
PSG0136673	PSG0002868	merged
PSG0131115	PSG0002898	merged
PSG0003007	PSG0149819	split
PSG0137778	PSG0003059	merged
PSG0141697	PSG0003059	merged
PSG0141696	PSG0003070	merged
PSG0137779	PSG0003077	merged
PSG0141695	PSG0003077	merged
PSG0141694	PSG0003079	merged
PSG0137780	PSG0003082	merged
PSG0141693	PSG0003082	merged
PSG0141692	PSG0003088	merged
PSG0141691	PSG0003090	merged
PSG0141689	PSG0003092	merged
PSG0133031	PSG0003098	merged
PSG0141687	PSG0003098	merged
PSG0149098	PSG0003116	merged
PSG0146132	PSG0003287	merged
PSG0134507	PSG0003291	merged
PSG0121767	PSG0003369	merged
PSG0134517	PSG0003375	merged
PSG0146125	PSG0003510	merged
PSG0134523	PSG0003517	merged
PSG0121776	PSG0003570	merged
PSG0143526	PSG0003599	merged
PSG0138789	PSG0003624	merged
PSG0138794	PSG0003645	merged
PSG0138796	PSG0003845	merged
PSG0128501	PSG0023877	merged
PSG0003910	PSG0003909	merged
PSG0003947	PSG0149977	split
PSG0128504	PSG0003954	merged
PSG0146113	PSG0003969	merged
PSG0003971	PSG0149984	split
PSG0146109	PSG0004025	merged
PSG0004081	PSG0150008	split
PSG0126805	PSG0004146	merged
PSG0139561	PSG0004151	merged
PSG0144051	PSG0004154	merged
PSG0144457	PSG0004170	merged
PSG0139563	PSG0004181	merged
PSG0139564	PSG0004190	merged
PSG0004198	PSG0150046	split
PSG0139568	PSG0004204	merged
PSG0118004	PSG0118003	merged
PSG0139862	PSG0004298	merged
PSG0139858	PSG0117990	merged
PSG0004319	PSG0150081	split
PSG0135365	PSG0004340	merged
PSG0139852	PSG0004340	merged
PSG0135364	PSG0004350	merged
PSG0139851	PSG0004350	merged
PSG0135362	PSG0004365	merged
PSG0139848	PSG0004365	merged
PSG0135360	PSG0004393	merged
PSG0140784	PSG0004393	merged
PSG0148873	PSG0004403	merged
PSG0140788	PSG0004439	merged
PSG0139603	PSG0004456	merged
PSG0140790	PSG0004456	merged
PSG0140791	PSG0004458	merged
PSG0139602	PSG0004469	merged
PSG0139601	PSG0004472	merged
PSG0140792	PSG0004472	merged
PSG0139600	PSG0004477	merged
PSG0140793	PSG0004477	merged
PSG0139599	PSG0004481	merged
PSG0140794	PSG0004481	merged
PSG0139598	PSG0004484	merged
PSG0140795	PSG0004484	merged
PSG0139597	PSG0004488	merged
PSG0140996	PSG0004488	merged
PSG0139595	PSG0004491	merged
PSG0139594	PSG0004492	merged
PSG0140997	PSG0004492	merged
PSG0145480	PSG0004499	merged
PSG0004514	PSG0150102	split
PSG0105402	PSG0004526	merged
PSG0139585	PSG0120967	merged
PSG0139583	PSG0004531	merged
PSG0145479	PSG0004531	merged
PSG0134839	PSG0125568	merged
PSG0131976	PSG0004622	merged
PSG0004702	PSG0150147	split
PSG0131984	PSG0150147	split
PSG0131984	PSG0004702	merged
PSG0135246	PSG0004765	merged
PSG0004777	PSG0004776	merged
PSG0004830	PSG0150166	split
PSG0117255	PSG0004847	merged
PSG0135255	PSG0004868	merged
PSG0140480	PSG0004972	merged
PSG0004976	PSG0004975	merged
PSG0147653	PSG0121568	merged
PSG0005006	PSG0150205	split
PSG0005027	PSG0005016	merged
PSG0133742	PSG0118454	merged
PSG0005055	PSG0150216	split
PSG0133736	PSG0005098	merged
PSG0133733	PSG0005111	merged
PSG0145234	PSG0005130	merged
PSG0005142	PSG0150229	split
PSG0135716	PSG0005179	merged
PSG0005246	PSG0150248	split
PSG0132126	PSG0130554	merged
PSG0112095	PSG0005262	merged
PSG0112094	PSG0005263	merged
PSG0005267	PSG0150253	split
PSG0146562	PSG0005282	merged
PSG0113569	PSG0005299	merged
PSG0134644	PSG0115576	merged
PSG0134647	PSG0115565	merged
PSG0134655	PSG0005351	merged
PSG0139719	PSG0121970	merged
PSG0005396	PSG0150281	split
PSG0147542	PSG0005401	merged
PSG0147619	PSG0005401	merged
PSG0005455	PSG0150291	split
PSG0146970	PSG0005466	merged
PSG0146967	PSG0005507	merged
PSG0005520	PSG0150303	split
PSG0005525	PSG0150305	split
PSG0134896	PSG0005607	merged
PSG0005693	PSG0150327	split
PSG0134888	PSG0005703	merged
PSG0005789	PSG0150346	split
PSG0135241	PSG0005808	merged
PSG0115146	PSG0150352	split
PSG0140940	PSG0005887	merged
PSG0125035	PSG0005895	merged
PSG0140425	PSG0005915	merged
PSG0140427	PSG0005921	merged
PSG0140428	PSG0005927	merged
PSG0005941	PSG0150370	split
PSG0125535	PSG0005945	merged
PSG0142061	PSG0123094	merged
PSG0139619	PSG0006018	merged
PSG0146137	PSG0006054	merged
PSG0139624	PSG0006055	merged
PSG0134935	PSG0006128	merged
PSG0134931	PSG0006223	merged
PSG0146144	PSG0006231	merged
PSG0134922	PSG0006317	merged
PSG0143928	PSG0006317	merged
PSG0147953	PSG0006424	merged
PSG0143184	PSG0006425	merged
PSG0006467	PSG0150489	split
PSG0092451	PSG0006472	merged
PSG0138987	PSG0006539	merged
PSG0148060	PSG0006555	merged
PSG0138992	PSG0006566	merged
PSG0006607	PSG0150524	split
PSG0131022	PSG0006642	merged
PSG0136120	PSG0006662	merged
PSG0136117	PSG0006679	merged
PSG0143382	PSG0006703	merged
PSG0145939	PSG0006765	merged
PSG0138868	PSG0126675	merged
PSG0006805	PSG0150561	split
PSG0118686	PSG0006809	merged
PSG0139021	PSG0006830	merged
PSG0145130	PSG0006846	merged
PSG0006846	PSG0150572	split
PSG0006850	PSG0150575	split
PSG0142786	PSG0006892	merged
PSG0108990	PSG0006922	merged
PSG0124387	PSG0006932	merged
PSG0139456	PSG0006977	merged
PSG0140401	PSG0006998	merged
PSG0007040	PSG0007039	merged
PSG0131169	PSG0007126	merged
PSG0131170	PSG0007133	merged
PSG0007153	PSG0007152	merged
PSG0131387	PSG0007168	merged
PSG0140547	PSG0007168	merged
PSG0131388	PSG0007171	merged
PSG0140548	PSG0007171	merged
PSG0131389	PSG0007177	merged
PSG0144136	PSG0007177	merged
PSG0131391	PSG0007192	merged
PSG0144600	PSG0007192	merged
PSG0131392	PSG0007194	merged
PSG0131393	PSG0007205	merged
PSG0131394	PSG0007207	merged
PSG0141150	PSG0007207	merged
PSG0007217	PSG0007216	merged
PSG0131399	PSG0007263	merged
PSG0141153	PSG0007263	merged
PSG0007265	PSG0150657	split
PSG0007286	PSG0007285	merged
PSG0007291	PSG0150661	split
PSG0144595	PSG0007310	merged
PSG0131401	PSG0007317	merged
PSG0122297	PSG0007364	merged
PSG0148725	PSG0119899	merged
PSG0142441	PSG0007419	merged
PSG0135618	PSG0007439	merged
PSG0119888	PSG0119887	merged
PSG0142437	PSG0119885	merged
PSG0134538	PSG0121779	merged
PSG0143012	PSG0007558	merged
PSG0142022	PSG0007634	merged
PSG0070083	PSG0007690	merged
PSG0147692	PSG0007699	merged
PSG0133288	PSG0007709	merged
PSG0134059	PSG0007742	merged
PSG0007755	PSG0150764	split
PSG0147689	PSG0007756	merged
PSG0125533	PSG0007629	merged
PSG0147677	PSG0007629	merged
PSG0007778	PSG0007776	merged
PSG0007954	PSG0007776	merged
PSG0125960	PSG0007776	merged
PSG0134061	PSG0007776	merged
PSG0147685	PSG0007795	merged
PSG0122712	PSG0007859	merged
PSG0007902	PSG0150790	split
PSG0007930	PSG0150794	split
PSG0137897	PSG0007948	merged
PSG0007955	PSG0150798	split
PSG0007958	PSG0150799	split
PSG0143404	PSG0007987	merged
PSG0142217	PSG0007989	merged
PSG0142218	PSG0007989	merged
PSG0143407	PSG0007989	merged
PSG0143408	PSG0007989	merged
PSG0133657	PSG0007995	merged
PSG0142215	PSG0007995	merged
PSG0142216	PSG0007995	merged
PSG0143409	PSG0125482	merged
PSG0142214	PSG0133658	merged
PSG0143410	PSG0133658	merged
PSG0008005	PSG0008004	merged
PSG0008008	PSG0150812	split
PSG0148343	PSG0008011	merged
PSG0133660	PSG0150818	split
PSG0138123	PSG0008039	merged
PSG0148340	PSG0008058	merged
PSG0097996	PSG0008064	merged
PSG0138126	PSG0008076	merged
PSG0148339	PSG0008079	merged
PSG0142169	PSG0008100	merged
PSG0122216	PSG0008113	merged
PSG0142183	PSG0008170	merged
PSG0142184	PSG0008190	merged
PSG0142185	PSG0008195	merged
PSG0148503	PSG0008204	merged
PSG0130009	PSG0008214	merged
PSG0142191	PSG0150868	split
PSG0141390	PSG0008313	merged
PSG0121081	PSG0008323	merged
PSG0147111	PSG0008336	merged
PSG0137653	PSG0008351	merged
PSG0141388	PSG0008370	merged
PSG0147110	PSG0008380	merged
PSG0147109	PSG0008392	merged
PSG0143944	PSG0008415	merged
PSG0147106	PSG0008432	merged
PSG0008438	PSG0150918	split
PSG0147105	PSG0008451	merged
PSG0141384	PSG0008484	merged
PSG0147103	PSG0008491	merged
PSG0008535	PSG0150950	split
PSG0147095	PSG0008558	merged
PSG0008560	PSG0150961	split
PSG0133301	PSG0008572	merged
PSG0125964	PSG0008576	merged
PSG0139830	PSG0008598	merged
PSG0139831	PSG0130353	merged
PSG0108364	PSG0008607	merged
PSG0108365	PSG0008610	merged
PSG0147090	PSG0008611	merged
PSG0058074	PSG0008615	merged
PSG0117274	PSG0008615	merged
PSG0145413	PSG0008616	merged
PSG0008630	PSG0150985	split
PSG0145440	PSG0008683	merged
PSG0069865	PSG0061829	merged
PSG0135506	PSG0061829	merged
PSG0138832	PSG0008742	merged
PSG0135508	PSG0008809	merged
PSG0144135	PSG0008809	merged
PSG0145435	PSG0008827	merged
PSG0135511	PSG0008859	merged
PSG0138312	PSG0008898	merged
PSG0138313	PSG0008899	merged
PSG0143278	PSG0008899	merged
PSG0138314	PSG0008901	merged
PSG0143277	PSG0008901	merged
PSG0143276	PSG0008930	merged
PSG0143343	PSG0008930	merged
PSG0143275	PSG0008932	merged
PSG0143344	PSG0008932	merged
PSG0143270	PSG0009010	merged
PSG0009037	PSG0151050	split
PSG0009045	PSG0009044	merged
PSG0134985	PSG0009056	merged
PSG0143267	PSG0009057	merged
PSG0009058	PSG0151057	split
PSG0134983	PSG0009061	merged
PSG0143266	PSG0009061	merged
PSG0118952	PSG0009065	merged
PSG0145049	PSG0134980	merged
PSG0009103	PSG0151067	split
PSG0144132	PSG0009134	merged
PSG0132485	PSG0009139	merged
PSG0134466	PSG0009139	merged
PSG0132478	PSG0009181	merged
PSG0132477	PSG0009183	merged
PSG0132470	PSG0009212	merged
PSG0119339	PSG0009240	merged
PSG0119340	PSG0009263	merged
PSG0149137	PSG0009274	merged
PSG0132465	PSG0009285	merged
PSG0132463	PSG0009291	merged
PSG0133422	PSG0009291	merged
PSG0132462	PSG0009293	merged
PSG0133423	PSG0009293	merged
PSG0132461	PSG0009296	merged
PSG0133424	PSG0009296	merged
PSG0132460	PSG0009297	merged
PSG0009305	PSG0009304	merged
PSG0009353	PSG0151109	split
PSG0130557	PSG0009455	merged
PSG0130556	PSG0009456	merged
PSG0132450	PSG0009468	merged
PSG0132447	PSG0009539	merged
PSG0009550	PSG0151141	split
PSG0114860	PSG0030877	merged
PSG0009595	PSG0151152	split
PSG0009600	PSG0009599	merged
PSG0123465	PSG0009631	merged
PSG0134364	PSG0009634	merged
PSG0134363	PSG0009635	merged
PSG0123464	PSG0009636	merged
PSG0125377	PSG0009638	merged
PSG0139773	PSG0009647	merged
PSG0139775	PSG0009652	merged
PSG0144511	PSG0009716	merged
PSG0141474	PSG0009742	merged
PSG0141470	PSG0009761	merged
PSG0009766	PSG0151182	split
PSG0144516	PSG0009807	merged
PSG0141465	PSG0009818	merged
PSG0144517	PSG0009824	merged
PSG0009829	PSG0151189	split
PSG0009859	PSG0151195	split
PSG0009892	PSG0151207	split
PSG0141201	PSG0009972	merged
PSG0009983	PSG0009982	merged
PSG0137324	PSG0010007	merged
PSG0045585	PSG0045432	merged
PSG0083183	PSG0045432	merged
PSG0091607	PSG0045432	merged
PSG0107051	PSG0045432	merged
PSG0133526	PSG0010072	merged
PSG0087721	PSG0010089	merged
PSG0087722	PSG0010092	merged
PSG0133523	PSG0087725	merged
PSG0010116	PSG0151260	split
PSG0133514	PSG0010158	merged
PSG0129761	PSG0010184	merged
PSG0133512	PSG0010184	merged
PSG0136459	PSG0010184	merged
PSG0133511	PSG0010194	merged
PSG0137996	PSG0010272	merged
PSG0145209	PSG0010291	merged
PSG0137989	PSG0010318	merged
PSG0123447	PSG0010321	merged
PSG0010323	PSG0010322	merged
PSG0010325	PSG0010324	merged
PSG0010365	PSG0010364	merged
PSG0142505	PSG0010425	merged
PSG0010431	PSG0010430	merged
PSG0142503	PSG0010438	merged
PSG0145207	PSG0010450	merged
PSG0142501	PSG0010460	merged
PSG0142493	PSG0010497	merged
PSG0142488	PSG0010525	merged
PSG0142486	PSG0010534	merged
PSG0010597	PSG0151341	split
PSG0010601	PSG0151342	split
PSG0010619	PSG0010618	merged
PSG0142474	PSG0010628	merged
PSG0010632	PSG0151345	split
PSG0145202	PSG0010633	merged
PSG0145202	PSG0151346	split
PSG0142473	PSG0010637	merged
PSG0010655	PSG0151351	split
PSG0010668	PSG0151356	split
PSG0145161	PSG0010702	merged
PSG0010759	PSG0151378	split
PSG0010778	PSG0151382	split
PSG0136356	PSG0010784	merged
PSG0145158	PSG0136353	merged
PSG0136354	PSG0010788	merged
PSG0136352	PSG0010794	merged
PSG0136351	PSG0010806	merged
PSG0136350	PSG0010820	merged
PSG0010829	PSG0010825	merged
PSG0010828	PSG0010826	merged
PSG0137759	PSG0010826	merged
PSG0145153	PSG0010826	merged
PSG0145156	PSG0010826	merged
PSG0136349	PSG0010830	merged
PSG0145155	PSG0010830	merged
PSG0137760	PSG0010832	merged
PSG0116256	PSG0116255	merged
PSG0145151	PSG0010842	merged
PSG0136345	PSG0010845	merged
PSG0137761	PSG0010845	merged
PSG0136344	PSG0010846	merged
PSG0137762	PSG0010846	merged
PSG0010884	PSG0151396	split
PSG0010907	PSG0151403	split
PSG0010915	PSG0151405	split
PSG0135993	PSG0010941	merged
PSG0135996	PSG0010950	merged
PSG0100483	PSG0010981	merged
PSG0011074	PSG0151443	split
PSG0136946	PSG0011194	merged
PSG0136943	PSG0011206	merged
PSG0011207	PSG0151463	split
PSG0136941	PSG0011219	merged
PSG0136938	PSG0011237	merged
PSG0011295	PSG0011294	merged
PSG0142165	PSG0011304	merged
PSG0011331	PSG0151486	split
PSG0011402	PSG0151504	split
PSG0145867	PSG0011405	merged
PSG0141411	PSG0011432	merged
PSG0144391	PSG0011466	merged
PSG0145395	PSG0011480	merged
PSG0148771	PSG0011576	merged
PSG0149024	PSG0011576	merged
PSG0148770	PSG0011589	merged
PSG0149025	PSG0011589	merged
PSG0148769	PSG0011592	merged
PSG0149026	PSG0011592	merged
PSG0148768	PSG0011599	merged
PSG0149027	PSG0011599	merged
PSG0135298	PSG0011606	merged
PSG0148767	PSG0011607	merged
PSG0149028	PSG0011607	merged
PSG0135299	PSG0011611	merged
PSG0135300	PSG0011615	merged
PSG0011636	PSG0011635	merged
PSG0135302	PSG0011640	merged
PSG0135305	PSG0011666	merged
PSG0147237	PSG0145972	merged
PSG0135316	PSG0011779	merged
PSG0135318	PSG0121787	merged
PSG0144367	PSG0011813	merged
PSG0144369	PSG0011831	merged
PSG0122053	PSG0011838	merged
PSG0137196	PSG0011846	merged
PSG0137194	PSG0011855	merged
PSG0144371	PSG0011872	merged
PSG0011899	PSG0151605	split
PSG0137187	PSG0011902	merged
PSG0082458	PSG0011912	merged
PSG0130513	PSG0011921	merged
PSG0136575	PSG0011951	merged
PSG0012003	PSG0151627	split
PSG0012155	PSG0151644	split
PSG0145592	PSG0012159	merged
PSG0012170	PSG0151650	split
PSG0132374	PSG0012174	merged
PSG0012205	PSG0151658	split
PSG0012281	PSG0151673	split
PSG0132381	PSG0012302	merged
PSG0012324	PSG0151687	split
PSG0012389	PSG0151697	split
PSG0012401	PSG0151702	split
PSG0131085	PSG0117549	merged
PSG0138450	PSG0113792	merged
PSG0143371	PSG0012464	merged
PSG0134010	PSG0012500	merged
PSG0119494	PSG0012558	merged
PSG0012558	PSG0151725	split
PSG0119494	PSG0151725	split
PSG0145575	PSG0119489	merged
PSG0145573	PSG0125822	merged
PSG0138214	PSG0012664	merged
PSG0146788	PSG0012711	merged
PSG0140657	PSG0119868	merged
PSG0119859	PSG0119858	merged
PSG0134464	PSG0119857	merged
PSG0012800	PSG0151767	split
PSG0012869	PSG0151775	split
PSG0012915	PSG0151787	split
PSG0012928	PSG0151792	split
PSG0133417	PSG0012952	merged
PSG0012988	PSG0012987	merged
PSG0012987	PSG0151805	split
PSG0012988	PSG0151805	split
PSG0139272	PSG0013010	merged
PSG0142610	PSG0013012	merged
PSG0013020	PSG0013019	merged
PSG0143856	PSG0013029	merged
PSG0148573	PSG0013037	merged
PSG0143852	PSG0013041	merged
PSG0148575	PSG0124138	merged
PSG0148795	PSG0013075	merged
PSG0144112	PSG0013087	merged
PSG0144116	PSG0013087	merged
PSG0144111	PSG0013088	merged
PSG0144115	PSG0013088	merged
PSG0013100	PSG0013099	merged
PSG0146605	PSG0013134	merged
PSG0146602	PSG0013175	merged
PSG0131235	PSG0013197	merged
PSG0131233	PSG0013226	merged
PSG0131231	PSG0013245	merged
PSG0013253	PSG0013252	merged
PSG0013272	PSG0151868	split
PSG0069161	PSG0013274	merged
PSG0069160	PSG0013275	merged
PSG0143077	PSG0013281	merged
PSG0013310	PSG0013309	merged
PSG0148874	PSG0013309	merged
PSG0013316	PSG0151886	split
PSG0144442	PSG0013319	merged
PSG0013325	PSG0013324	merged
PSG0126401	PSG0013334	merged
PSG0134159	PSG0013350	merged
PSG0134157	PSG0118425	merged
PSG0136674	PSG0118425	merged
PSG0148846	PSG0013412	merged
PSG0148864	PSG0013412	merged
PSG0148847	PSG0013413	merged
PSG0148865	PSG0013413	merged
PSG0148848	PSG0013415	merged
PSG0148866	PSG0013415	merged
PSG0145114	PSG0122133	merged
PSG0141324	PSG0013461	merged
PSG0141331	PSG0013493	merged
PSG0148067	PSG0013501	merged
PSG0143279	PSG0013534	merged
PSG0146280	PSG0116815	merged
PSG0107286	PSG0013545	merged
PSG0107287	PSG0013547	merged
PSG0107288	PSG0013548	merged
PSG0139350	PSG0013558	merged
PSG0122098	PSG0013563	merged
PSG0013573	PSG0151937	split
PSG0122095	PSG0013578	merged
PSG0063747	PSG0013598	merged
PSG0143227	PSG0130334	merged
PSG0143229	PSG0130333	merged
PSG0143231	PSG0013602	merged
PSG0013626	PSG0013625	merged
PSG0114378	PSG0013628	merged
PSG0135486	PSG0013644	merged
PSG0013648	PSG0151953	split
PSG0013668	PSG0013667	merged
PSG0140646	PSG0013716	merged
PSG0013722	PSG0151963	split
PSG0144224	PSG0013736	merged
PSG0144225	PSG0013761	merged
PSG0134350	PSG0013817	merged
PSG0137020	PSG0013817	merged
PSG0137023	PSG0013867	merged
PSG0144227	PSG0013876	merged
PSG0133985	PSG0013935	merged
PSG0013956	PSG0152001	split
PSG0056031	PSG0014007	merged
PSG0148674	PSG0014065	merged
PSG0014085	PSG0014084	merged
PSG0134065	PSG0114167	merged
PSG0140289	PSG0114167	merged
PSG0111641	PSG0014134	merged
PSG0114166	PSG0014134	merged
PSG0107079	PSG0014146	merged
PSG0114160	PSG0014146	merged
PSG0148188	PSG0114772	merged
PSG0114784	PSG0014157	merged
PSG0133840	PSG0014157	merged
PSG0148189	PSG0014157	merged
PSG0148190	PSG0014167	merged
PSG0114797	PSG0014221	merged
PSG0132772	PSG0014229	merged
PSG0141276	PSG0014229	merged
PSG0132773	PSG0014234	merged
PSG0141275	PSG0014234	merged
PSG0132774	PSG0014244	merged
PSG0141274	PSG0014244	merged
PSG0132775	PSG0014251	merged
PSG0141273	PSG0014251	merged
PSG0141272	PSG0014256	merged
PSG0132776	PSG0014260	merged
PSG0141271	PSG0014260	merged
PSG0132777	PSG0014261	merged
PSG0141270	PSG0014261	merged
PSG0141269	PSG0014262	merged
PSG0132778	PSG0014264	merged
PSG0141268	PSG0014264	merged
PSG0132779	PSG0014271	merged
PSG0141267	PSG0014271	merged
PSG0014281	PSG0152050	split
PSG0132781	PSG0014289	merged
PSG0141265	PSG0014289	merged
PSG0132782	PSG0014291	merged
PSG0142530	PSG0152057	split
PSG0114430	PSG0152061	split
PSG0134095	PSG0014335	merged
PSG0134096	PSG0014338	merged
PSG0144236	PSG0014363	merged
PSG0134100	PSG0014372	merged
PSG0014375	PSG0014374	merged
PSG0110482	PSG0014425	merged
PSG0113985	PSG0014425	merged
PSG0139659	PSG0014521	merged
PSG0117468	PSG0014529	merged
PSG0139661	PSG0014540	merged
PSG0014584	PSG0152107	split
PSG0139670	PSG0014617	merged
PSG0145301	PSG0152110	split
PSG0015036	PSG0014638	merged
PSG0017300	PSG0014638	merged
PSG0020678	PSG0014638	merged
PSG0030270	PSG0014638	merged
PSG0036491	PSG0014638	merged
PSG0043464	PSG0014638	merged
PSG0045597	PSG0014638	merged
PSG0049394	PSG0014638	merged
PSG0050215	PSG0014638	merged
PSG0069707	PSG0014638	merged
PSG0075403	PSG0014638	merged
PSG0096198	PSG0014638	merged
PSG0102718	PSG0014638	merged
PSG0117561	PSG0014638	merged
PSG0127529	PSG0014638	merged
PSG0130739	PSG0014638	merged
PSG0131708	PSG0014638	merged
PSG0133554	PSG0014638	merged
PSG0135418	PSG0014638	merged
PSG0137149	PSG0014638	merged
PSG0137802	PSG0014638	merged
PSG0139432	PSG0014638	merged
PSG0140927	PSG0014638	merged
PSG0142082	PSG0014638	merged
PSG0144285	PSG0014638	merged
PSG0144542	PSG0014638	merged
PSG0145368	PSG0014638	merged
PSG0145441	PSG0014638	merged
PSG0148240	PSG0014638	merged
PSG0014652	PSG0152114	split
PSG0139673	PSG0014668	merged
PSG0146095	PSG0014687	merged
PSG0138821	PSG0014703	merged
PSG0138820	PSG0014704	merged
PSG0138819	PSG0014712	merged
PSG0138814	PSG0014762	merged
PSG0138812	PSG0014780	merged
PSG0138808	PSG0014789	merged
PSG0138806	PSG0014799	merged
PSG0014837	PSG0152147	split
PSG0014840	PSG0014839	merged
PSG0014858	PSG0152152	split
PSG0128525	PSG0152153	split
PSG0014968	PSG0152177	split
PSG0014986	PSG0152182	split
PSG0132201	PSG0015034	merged
PSG0132199	PSG0015083	merged
PSG0015130	PSG0152207	split
PSG0132194	PSG0015169	merged
PSG0015206	PSG0152214	split
PSG0132189	PSG0015234	merged
PSG0132186	PSG0015410	merged
PSG0015484	PSG0152270	split
PSG0132180	PSG0015521	merged
PSG0132179	PSG0015526	merged
PSG0144027	PSG0015526	merged
PSG0123863	PSG0152280	split
PSG0144885	PSG0015557	merged
PSG0132173	PSG0015568	merged
PSG0015582	PSG0152291	split
PSG0132168	PSG0015653	merged
PSG0149055	PSG0015699	merged
PSG0132163	PSG0015725	merged
PSG0015790	PSG0152321	split
PSG0015862	PSG0152335	split
PSG0145564	PSG0123849	merged
PSG0123840	PSG0152341	split
PSG0117088	PSG0016010	merged
PSG0132954	PSG0016021	merged
PSG0132957	PSG0016050	merged
PSG0132958	PSG0016059	merged
PSG0135762	PSG0016059	merged
PSG0132959	PSG0016071	merged
PSG0135765	PSG0016071	merged
PSG0132960	PSG0016083	merged
PSG0135766	PSG0016083	merged
PSG0132961	PSG0016084	merged
PSG0132962	PSG0016092	merged
PSG0135767	PSG0016092	merged
PSG0083864	PSG0016093	merged
PSG0135768	PSG0016100	merged
PSG0132963	PSG0016103	merged
PSG0135769	PSG0016103	merged
PSG0132964	PSG0016106	merged
PSG0135770	PSG0016106	merged
PSG0132965	PSG0016107	merged
PSG0135771	PSG0016107	merged
PSG0131341	PSG0016111	merged
PSG0131342	PSG0016115	merged
PSG0131343	PSG0016117	merged
PSG0016120	PSG0016119	merged
PSG0131344	PSG0016123	merged
PSG0135772	PSG0016123	merged
PSG0131345	PSG0016126	merged
PSG0135773	PSG0016126	merged
PSG0131346	PSG0016134	merged
PSG0135774	PSG0016134	merged
PSG0131347	PSG0016136	merged
PSG0135775	PSG0016136	merged
PSG0131348	PSG0016138	merged
PSG0135776	PSG0016138	merged
PSG0016140	PSG0152399	split
PSG0131349	PSG0016143	merged
PSG0131350	PSG0016146	merged
PSG0131351	PSG0016154	merged
PSG0131352	PSG0016160	merged
PSG0135783	PSG0016160	merged
PSG0131353	PSG0016166	merged
PSG0135784	PSG0016166	merged
PSG0131354	PSG0016174	merged
PSG0131355	PSG0016179	merged
PSG0135785	PSG0016179	merged
PSG0131356	PSG0016180	merged
PSG0135786	PSG0016180	merged
PSG0131357	PSG0016194	merged
PSG0135787	PSG0016194	merged
PSG0131358	PSG0016200	merged
PSG0135788	PSG0016200	merged
PSG0135789	PSG0016202	merged
PSG0144618	PSG0016202	merged
PSG0135790	PSG0016206	merged
PSG0131359	PSG0016211	merged
PSG0135791	PSG0016211	merged
PSG0135792	PSG0016215	merged
PSG0131360	PSG0016223	merged
PSG0135794	PSG0016223	merged
PSG0144616	PSG0016226	merged
PSG0016233	PSG0016232	merged
PSG0131361	PSG0016236	merged
PSG0144614	PSG0016236	merged
PSG0131362	PSG0016253	merged
PSG0131366	PSG0016292	merged
PSG0131371	PSG0016375	merged
PSG0143388	PSG0016375	merged
PSG0131372	PSG0016380	merged
PSG0143387	PSG0016380	merged
PSG0139162	PSG0016397	merged
PSG0117080	PSG0016409	merged
PSG0144607	PSG0016409	merged
PSG0139166	PSG0016424	merged
PSG0139169	PSG0016452	merged
PSG0016468	PSG0152467	split
PSG0016486	PSG0152474	split
PSG0144606	PSG0016488	merged
PSG0016497	PSG0152477	split
PSG0131374	PSG0016556	merged
PSG0131375	PSG0016563	merged
PSG0139460	PSG0016563	merged
PSG0131376	PSG0016567	merged
PSG0139461	PSG0016567	merged
PSG0131381	PSG0016588	merged
PSG0140544	PSG0016588	merged
PSG0131384	PSG0016595	merged
PSG0140545	PSG0016595	merged
PSG0131385	PSG0016602	merged
PSG0140546	PSG0016602	merged
PSG0147073	PSG0016630	merged
PSG0016633	PSG0152503	split
PSG0016657	PSG0016656	merged
PSG0132014	PSG0016691	merged
PSG0016694	PSG0152510	split
PSG0016720	PSG0016719	merged
PSG0132024	PSG0016772	merged
PSG0136797	PSG0016788	merged
PSG0136799	PSG0016795	merged
PSG0136804	PSG0016812	merged
PSG0136807	PSG0016822	merged
PSG0136809	PSG0016824	merged
PSG0132713	PSG0016854	merged
PSG0132712	PSG0016859	merged
PSG0128167	PSG0030137	merged
PSG0097894	PSG0016981	merged
PSG0146236	PSG0016992	merged
PSG0017044	PSG0152589	split
PSG0017056	PSG0017055	merged
PSG0017057	PSG0152590	split
PSG0112180	PSG0017058	merged
PSG0112181	PSG0017060	merged
PSG0148158	PSG0141022	merged
PSG0137049	PSG0017125	merged
PSG0137048	PSG0017146	merged
PSG0137047	PSG0017152	merged
PSG0142873	PSG0017152	merged
PSG0137046	PSG0017154	merged
PSG0142874	PSG0017154	merged
PSG0142875	PSG0017155	merged
PSG0131054	PSG0017215	merged
PSG0017224	PSG0152615	split
PSG0131047	PSG0152638	split
PSG0017342	PSG0152645	split
PSG0017428	PSG0017427	merged
PSG0131747	PSG0017430	merged
PSG0017441	PSG0017440	merged
PSG0017443	PSG0152658	split
PSG0129245	PSG0017477	merged
PSG0018657	PSG0017479	merged
PSG0140304	PSG0017479	merged
PSG0131734	PSG0017542	merged
PSG0131733	PSG0017552	merged
PSG0024303	PSG0017555	merged
PSG0105424	PSG0017584	merged
PSG0134943	PSG0017625	merged
PSG0145282	PSG0017756	merged
PSG0139629	PSG0017793	merged
PSG0017800	PSG0152725	split
PSG0138424	PSG0113757	merged
PSG0017879	PSG0152743	split
PSG0017972	PSG0152757	split
PSG0138436	PSG0017978	merged
PSG0017991	PSG0152761	split
PSG0018045	PSG0152769	split
PSG0146590	PSG0018053	merged
PSG0138441	PSG0018078	merged
PSG0146592	PSG0018078	merged
PSG0119034	PSG0018103	merged
PSG0144479	PSG0018156	merged
PSG0144478	PSG0152794	split
PSG0135732	PSG0018215	merged
PSG0135728	PSG0018224	merged
PSG0144473	PSG0018235	merged
PSG0135726	PSG0018266	merged
PSG0144466	PSG0018324	merged
PSG0144464	PSG0018341	merged
PSG0018373	PSG0152827	split
PSG0141771	PSG0018402	merged
PSG0018409	PSG0152834	split
PSG0018413	PSG0152835	split
PSG0144458	PSG0018419	merged
PSG0018421	PSG0152837	split
PSG0141774	PSG0018456	merged
PSG0018461	PSG0152847	split
PSG0148150	PSG0018501	merged
PSG0018519	PSG0152860	split
PSG0133389	PSG0018536	merged
PSG0137101	PSG0018575	merged
PSG0137102	PSG0018581	merged
PSG0128961	PSG0018587	merged
PSG0137105	PSG0018588	merged
PSG0142795	PSG0018597	merged
PSG0125405	PSG0112473	merged
PSG0018618	PSG0018603	merged
PSG0140308	PSG0018606	merged
PSG0142408	PSG0018606	merged
PSG0142410	PSG0018606	merged
PSG0140306	PSG0018645	merged
PSG0146896	PSG0018649	merged
PSG0124968	PSG0018652	merged
PSG0018655	PSG0152882	split
PSG0146703	PSG0018739	merged
PSG0149153	PSG0018764	merged
PSG0018776	PSG0152911	split
PSG0122166	PSG0018821	merged
PSG0018864	PSG0152935	split
PSG0144537	PSG0018869	merged
PSG0140311	PSG0018902	merged
PSG0130585	PSG0124658	merged
PSG0130591	PSG0152978	split
PSG0130592	PSG0130591	merged
PSG0145303	PSG0019002	merged
PSG0130598	PSG0019024	merged
PSG0130603	PSG0019053	merged
PSG0034913	PSG0019085	merged
PSG0019117	PSG0153013	split
PSG0019119	PSG0153014	split
PSG0019135	PSG0153018	split
PSG0137593	PSG0019190	merged
PSG0136558	PSG0123305	merged
PSG0136556	PSG0019288	merged
PSG0136695	PSG0019293	merged
PSG0136555	PSG0019302	merged
PSG0144738	PSG0019302	merged
PSG0136553	PSG0019309	merged
PSG0136694	PSG0019309	merged
PSG0019362	PSG0153060	split
PSG0019376	PSG0153063	split
PSG0019395	PSG0153064	split
PSG0019422	PSG0153069	split
PSG0019456	PSG0153075	split
PSG0148276	PSG0019461	merged
PSG0148275	PSG0019472	merged
PSG0148273	PSG0019474	merged
PSG0143676	PSG0019574	merged
PSG0148265	PSG0019600	merged
PSG0019682	PSG0153112	split
PSG0139940	PSG0019712	merged
PSG0019726	PSG0019725	merged
PSG0122668	PSG0019743	merged
PSG0148264	PSG0019748	merged
PSG0139930	PSG0019765	merged
PSG0134039	PSG0019782	merged
PSG0142051	PSG0019782	merged
PSG0063978	PSG0019803	merged
PSG0126181	PSG0019803	merged
PSG0019803	PSG0153131	split
PSG0126181	PSG0153131	split
PSG0122143	PSG0019823	merged
PSG0148532	PSG0122142	merged
PSG0137361	PSG0019885	merged
PSG0019918	PSG0153160	split
PSG0148144	PSG0019949	merged
PSG0141603	PSG0019962	merged
PSG0135368	PSG0019966	merged
PSG0135367	PSG0019971	merged
PSG0019973	PSG0153171	split
PSG0137706	PSG0020011	merged
PSG0137356	PSG0020056	merged
PSG0137704	PSG0020056	merged
PSG0020058	PSG0020057	merged
PSG0148134	PSG0020063	merged
PSG0137350	PSG0020084	merged
PSG0127470	PSG0020103	merged
PSG0020127	PSG0153201	split
PSG0146688	PSG0020183	merged
PSG0148129	PSG0020183	merged
PSG0020192	PSG0020191	merged
PSG0020210	PSG0153217	split
PSG0137692	PSG0020224	merged
PSG0137691	PSG0020225	merged
PSG0140266	PSG0020261	merged
PSG0140265	PSG0020264	merged
PSG0132680	PSG0020265	merged
PSG0140264	PSG0020265	merged
PSG0146686	PSG0143956	merged
PSG0143958	PSG0020271	merged
PSG0143959	PSG0127632	merged
PSG0132681	PSG0020278	merged
PSG0143961	PSG0020278	merged
PSG0132683	PSG0020294	merged
PSG0136472	PSG0020294	merged
PSG0146682	PSG0127636	merged
PSG0132685	PSG0020321	merged
PSG0136465	PSG0020321	merged
PSG0020343	PSG0153243	split
PSG0132686	PSG0153244	split
PSG0130986	PSG0020497	merged
PSG0020522	PSG0153273	split
PSG0130990	PSG0020576	merged
PSG0114355	PSG0020651	merged
PSG0131005	PSG0020681	merged
PSG0108940	PSG0020703	merged
PSG0131275	PSG0020706	merged
PSG0131274	PSG0020721	merged
PSG0020735	PSG0153307	split
PSG0020757	PSG0020756	merged
PSG0020778	PSG0020777	merged
PSG0135666	PSG0020795	merged
PSG0140295	PSG0101225	merged
PSG0140297	PSG0020819	merged
PSG0140300	PSG0121017	merged
PSG0149170	PSG0020864	merged
PSG0020875	PSG0153342	split
PSG0125115	PSG0020884	merged
PSG0131828	PSG0020896	merged
PSG0131832	PSG0020907	merged
PSG0131835	PSG0020916	merged
PSG0020917	PSG0153345	split
PSG0020934	PSG0153349	split
PSG0130068	PSG0108236	merged
PSG0135339	PSG0020991	merged
PSG0131055	PSG0021031	merged
PSG0144842	PSG0021040	merged
PSG0135347	PSG0021074	merged
PSG0102867	PSG0021096	merged
PSG0126840	PSG0021096	merged
PSG0142975	PSG0021096	merged
PSG0021101	PSG0153376	split
PSG0115857	PSG0153382	split
PSG0146261	PSG0021122	merged
PSG0021196	PSG0153403	split
PSG0139545	PSG0113545	merged
PSG0021241	PSG0153412	split
PSG0141103	PSG0021248	merged
PSG0147848	PSG0021272	merged
PSG0132295	PSG0021320	merged
PSG0130132	PSG0021321	merged
PSG0021351	PSG0021350	merged
PSG0132302	PSG0021404	merged
PSG0021405	PSG0153445	split
PSG0132307	PSG0021412	merged
PSG0021424	PSG0153447	split
PSG0117995	PSG0153451	split
PSG0021535	PSG0153471	split
PSG0021538	PSG0153472	split
PSG0134153	PSG0021564	merged
PSG0134152	PSG0021572	merged
PSG0134151	PSG0021613	merged
PSG0021621	PSG0021620	merged
PSG0091263	PSG0021636	merged
PSG0021660	PSG0153493	split
PSG0021667	PSG0153496	split
PSG0119750	PSG0153497	split
PSG0134139	PSG0021712	merged
PSG0140046	PSG0021712	merged
PSG0134138	PSG0021718	merged
PSG0140047	PSG0021718	merged
PSG0104481	PSG0021812	merged
PSG0114679	PSG0153526	split
PSG0148546	PSG0021842	merged
PSG0135382	PSG0021858	merged
PSG0135383	PSG0021862	merged
PSG0021892	PSG0153547	split
PSG0021897	PSG0153548	split
PSG0148543	PSG0021899	merged
PSG0148541	PSG0021920	merged
PSG0135391	PSG0021958	merged
PSG0133702	PSG0022057	merged
PSG0022076	PSG0153580	split
PSG0022091	PSG0153583	split
PSG0137998	PSG0022092	merged
PSG0137999	PSG0022093	merged
PSG0138002	PSG0022113	merged
PSG0147342	PSG0022178	merged
PSG0117169	PSG0153600	split
PSG0040895	PSG0022207	merged
PSG0095908	PSG0022207	merged
PSG0138007	PSG0022213	merged
PSG0022234	PSG0022233	merged
PSG0022267	PSG0153615	split
PSG0137416	PSG0022434	merged
PSG0137417	PSG0022443	merged
PSG0132310	PSG0022451	merged
PSG0132311	PSG0022457	merged
PSG0132312	PSG0022463	merged
PSG0132317	PSG0022503	merged
PSG0132322	PSG0022538	merged
PSG0132323	PSG0022554	merged
PSG0132324	PSG0022554	merged
PSG0132325	PSG0022560	merged
PSG0146003	PSG0022659	merged
PSG0131860	PSG0115817	merged
PSG0138710	PSG0153680	split
PSG0138706	PSG0022765	merged
PSG0121257	PSG0022767	merged
PSG0138702	PSG0022777	merged
PSG0022778	PSG0153698	split
PSG0125385	PSG0022782	merged
PSG0138700	PSG0022814	merged
PSG0022858	PSG0153718	split
PSG0147673	PSG0022867	merged
PSG0147675	PSG0022894	merged
PSG0147603	PSG0022977	merged
PSG0140676	PSG0120246	merged
PSG0140681	PSG0023024	merged
PSG0124460	PSG0023029	merged
PSG0140683	PSG0124599	merged
PSG0140684	PSG0124597	merged
PSG0147598	PSG0124597	merged
PSG0147599	PSG0124597	merged
PSG0023047	PSG0153755	split
PSG0131682	PSG0023066	merged
PSG0138221	PSG0023177	merged
PSG0023204	PSG0153788	split
PSG0138237	PSG0023318	merged
PSG0147461	PSG0153812	split
PSG0023529	PSG0153855	split
PSG0138378	PSG0023579	merged
PSG0138374	PSG0023700	merged
PSG0023717	PSG0023716	merged
PSG0133652	PSG0023801	merged
PSG0023814	PSG0023813	merged
PSG0147924	PSG0023830	merged
PSG0133650	PSG0023841	merged
PSG0118758	PSG0023879	merged
PSG0134986	PSG0127806	merged
PSG0134860	PSG0023950	merged
PSG0023970	PSG0153938	split
PSG0023988	PSG0023987	merged
PSG0023997	PSG0153948	split
PSG0024021	PSG0153954	split
PSG0024028	PSG0153955	split
PSG0009842	PSG0153965	split
PSG0140737	PSG0024084	merged
PSG0024094	PSG0153968	split
PSG0140601	PSG0024102	merged
PSG0140600	PSG0024104	merged
PSG0140735	PSG0024104	merged
PSG0140599	PSG0024105	merged
PSG0140734	PSG0024105	merged
PSG0140598	PSG0024107	merged
PSG0140733	PSG0024108	merged
PSG0024133	PSG0153979	split
PSG0140593	PSG0024154	merged
PSG0140591	PSG0024161	merged
PSG0140587	PSG0117114	merged
PSG0138015	PSG0024180	merged
PSG0024201	PSG0153990	split
PSG0148653	PSG0024220	merged
PSG0121396	PSG0024225	merged
PSG0133670	PSG0024258	merged
PSG0141921	PSG0024258	merged
PSG0133669	PSG0024260	merged
PSG0024274	PSG0154002	split
PSG0024300	PSG0154009	split
PSG0024306	PSG0154010	split
PSG0133666	PSG0024330	merged
PSG0137233	PSG0024336	merged
PSG0133662	PSG0024354	merged
PSG0124922	PSG0024417	merged
PSG0133181	PSG0024420	merged
PSG0133182	PSG0024421	merged
PSG0024422	PSG0154044	split
PSG0133186	PSG0024443	merged
PSG0120848	PSG0024468	merged
PSG0024478	PSG0024477	merged
PSG0024491	PSG0154060	split
PSG0129901	PSG0078363	merged
PSG0133673	PSG0024492	merged
PSG0133672	PSG0129900	merged
PSG0078362	PSG0024493	merged
PSG0136589	PSG0129843	merged
PSG0136590	PSG0129843	merged
PSG0136587	PSG0024510	merged
PSG0024521	PSG0024520	merged
PSG0126296	PSG0024527	merged
PSG0024552	PSG0154070	split
PSG0142826	PSG0024554	merged
PSG0147061	PSG0024574	merged
PSG0024614	PSG0024613	merged
PSG0134993	PSG0024686	merged
PSG0137093	PSG0024686	merged
PSG0134992	PSG0024687	merged
PSG0137094	PSG0024687	merged
PSG0134990	PSG0024688	merged
PSG0137095	PSG0024688	merged
PSG0134989	PSG0024690	merged
PSG0137096	PSG0024690	merged
PSG0024759	PSG0154114	split
PSG0133790	PSG0024800	merged
PSG0024807	PSG0154119	split
PSG0135691	PSG0024890	merged
PSG0133782	PSG0024945	merged
PSG0133780	PSG0024953	merged
PSG0011365	PSG0154150	split
PSG0147312	PSG0025034	merged
PSG0149155	PSG0025052	merged
PSG0147316	PSG0025109	merged
PSG0083268	PSG0025150	merged
PSG0134025	PSG0025159	merged
PSG0025164	PSG0025163	merged
PSG0147320	PSG0025195	merged
PSG0144150	PSG0025274	merged
PSG0086311	PSG0025293	merged
PSG0086312	PSG0025295	merged
PSG0086313	PSG0025296	merged
PSG0086314	PSG0025298	merged
PSG0025472	PSG0154264	split
PSG0142259	PSG0025522	merged
PSG0128934	PSG0128933	merged
PSG0128928	PSG0154276	split
PSG0052949	PSG0025655	merged
PSG0115698	PSG0025655	merged
PSG0130472	PSG0154309	split
PSG0146805	PSG0127859	merged
PSG0025696	PSG0154319	split
PSG0025759	PSG0154336	split
PSG0146807	PSG0025771	merged
PSG0103097	PSG0025874	merged
PSG0133576	PSG0025874	merged
PSG0142839	PSG0025874	merged
PSG0095028	PSG0025898	merged
PSG0133037	PSG0025898	merged
PSG0140260	PSG0025898	merged
PSG0141002	PSG0025898	merged
PSG0136240	PSG0025974	merged
PSG0148046	PSG0026036	merged
PSG0026044	PSG0154400	split
PSG0026049	PSG0154401	split
PSG0144318	PSG0026081	merged
PSG0139035	PSG0026108	merged
PSG0144317	PSG0026133	merged
PSG0126723	PSG0026220	merged
PSG0131108	PSG0026220	merged
PSG0136633	PSG0026220	merged
PSG0140062	PSG0026220	merged
PSG0141117	PSG0026220	merged
PSG0141119	PSG0026220	merged
PSG0141120	PSG0026220	merged
PSG0141990	PSG0026220	merged
PSG0131107	PSG0026226	merged
PSG0131106	PSG0026292	merged
PSG0141116	PSG0026292	merged
PSG0141122	PSG0026292	merged
PSG0026230	PSG0026229	merged
PSG0040923	PSG0026229	merged
PSG0040924	PSG0026229	merged
PSG0040925	PSG0026229	merged
PSG0131105	PSG0026229	merged
PSG0141118	PSG0026229	merged
PSG0141991	PSG0026229	merged
PSG0149072	PSG0026229	merged
PSG0131102	PSG0123529	merged
PSG0147837	PSG0026263	merged
PSG0125041	PSG0026268	merged
PSG0141121	PSG0126142	merged
PSG0141115	PSG0026293	merged
PSG0141123	PSG0026293	merged
PSG0136632	PSG0026299	merged
PSG0147853	PSG0026308	merged
PSG0101896	PSG0026333	merged
PSG0026334	PSG0154473	split
PSG0138142	PSG0117945	merged
PSG0026395	PSG0154482	split
PSG0135747	PSG0117924	merged
PSG0146434	PSG0128368	merged
PSG0026541	PSG0026540	merged
PSG0137075	PSG0026546	merged
PSG0095949	PSG0026554	merged
PSG0032260	PSG0154514	split
PSG0144425	PSG0026574	merged
PSG0134820	PSG0130367	merged
PSG0130366	PSG0026600	merged
PSG0134819	PSG0026600	merged
PSG0103269	PSG0026660	merged
PSG0125863	PSG0026660	merged
PSG0134815	PSG0125464	merged
PSG0147539	PSG0026690	merged
PSG0088805	PSG0026763	merged
PSG0135324	PSG0026839	merged
PSG0131769	PSG0129192	merged
PSG0131771	PSG0026874	merged
PSG0129189	PSG0026897	merged
PSG0026901	PSG0026900	merged
PSG0143310	PSG0026918	merged
PSG0143308	PSG0129184	merged
PSG0131775	PSG0129182	merged
PSG0131779	PSG0129171	merged
PSG0086138	PSG0026983	merged
PSG0027007	PSG0154612	split
PSG0137401	PSG0027091	merged
PSG0147727	PSG0027094	merged
PSG0027114	PSG0027113	merged
PSG0137397	PSG0027131	merged
PSG0027132	PSG0154639	split
PSG0027148	PSG0027147	merged
PSG0130475	PSG0027184	merged
PSG0137390	PSG0027191	merged
PSG0027197	PSG0154662	split
PSG0137385	PSG0027208	merged
PSG0137381	PSG0027224	merged
PSG0137379	PSG0027235	merged
PSG0148353	PSG0027249	merged
PSG0125038	PSG0027251	merged
PSG0134765	PSG0027254	merged
PSG0027269	PSG0027268	merged
PSG0148354	PSG0027273	merged
PSG0125505	PSG0027276	merged
PSG0134766	PSG0125388	merged
PSG0027283	PSG0027278	merged
PSG0139295	PSG0027278	merged
PSG0027284	PSG0027279	merged
PSG0127553	PSG0027279	merged
PSG0031765	PSG0027341	merged
PSG0131452	PSG0027341	merged
PSG0145822	PSG0027341	merged
PSG0131453	PSG0027342	merged
PSG0135115	PSG0027342	merged
PSG0148861	PSG0027342	merged
PSG0131454	PSG0027344	merged
PSG0146382	PSG0027344	merged
PSG0141363	PSG0027389	merged
PSG0125670	PSG0027402	merged
PSG0129535	PSG0027402	merged
PSG0131457	PSG0027402	merged
PSG0027404	PSG0027398	merged
PSG0027407	PSG0027398	merged
PSG0131458	PSG0027398	merged
PSG0131460	PSG0027398	merged
PSG0145826	PSG0027398	merged
PSG0131459	PSG0027396	merged
PSG0131462	PSG0027406	merged
PSG0141362	PSG0027406	merged
PSG0141364	PSG0027406	merged
PSG0141366	PSG0027406	merged
PSG0145824	PSG0027406	merged
PSG0145825	PSG0027406	merged
PSG0122990	PSG0154729	split
PSG0124472	PSG0027443	merged
PSG0129113	PSG0027499	merged
PSG0136517	PSG0027503	merged
PSG0027507	PSG0154759	split
PSG0027512	PSG0154761	split
PSG0076543	PSG0027549	merged
PSG0135515	PSG0116964	merged
PSG0143339	PSG0027626	merged
PSG0140902	PSG0122012	merged
PSG0147622	PSG0027630	merged
PSG0140903	PSG0027632	merged
PSG0139738	PSG0027634	merged
PSG0140904	PSG0027634	merged
PSG0139741	PSG0027652	merged
PSG0140905	PSG0027652	merged
PSG0080831	PSG0027664	merged
PSG0139744	PSG0027665	merged
PSG0140906	PSG0027665	merged
PSG0139745	PSG0027672	merged
PSG0147627	PSG0027672	merged
PSG0133283	PSG0133282	merged
PSG0133285	PSG0133282	merged
PSG0027721	PSG0154807	split
PSG0144833	PSG0027776	merged
PSG0130290	PSG0027789	merged
PSG0144838	PSG0027925	merged
PSG0132391	PSG0027933	merged
PSG0135359	PSG0027933	merged
PSG0132392	PSG0027934	merged
PSG0135358	PSG0027934	merged
PSG0132393	PSG0027951	merged
PSG0135357	PSG0027951	merged
PSG0135355	PSG0027967	merged
PSG0028008	PSG0028007	merged
PSG0028015	PSG0028007	merged
PSG0135114	PSG0028018	merged
PSG0135349	PSG0028018	merged
PSG0028020	PSG0154861	split
PSG0140525	PSG0028071	merged
PSG0143186	PSG0028076	merged
PSG0133438	PSG0028096	merged
PSG0137812	PSG0028096	merged
PSG0028103	PSG0154878	split
PSG0028117	PSG0028116	merged
PSG0126850	PSG0028116	merged
PSG0137815	PSG0028121	merged
PSG0028126	PSG0028125	merged
PSG0148888	PSG0028139	merged
PSG0133434	PSG0028153	merged
PSG0108917	PSG0028178	merged
PSG0140672	PSG0028178	merged
PSG0148286	PSG0028184	merged
PSG0148289	PSG0028196	merged
PSG0028201	PSG0154904	split
PSG0142066	PSG0028215	merged
PSG0028225	PSG0154917	split
PSG0148292	PSG0028237	merged
PSG0140668	PSG0028252	merged
PSG0148293	PSG0028252	merged
PSG0138634	PSG0028267	merged
PSG0132645	PSG0028276	merged
PSG0028318	PSG0154943	split
PSG0141916	PSG0124900	merged
PSG0028357	PSG0028340	merged
PSG0029888	PSG0028340	merged
PSG0031771	PSG0028340	merged
PSG0048056	PSG0028340	merged
PSG0053339	PSG0028340	merged
PSG0061206	PSG0028340	merged
PSG0066652	PSG0028340	merged
PSG0069456	PSG0028340	merged
PSG0133476	PSG0028340	merged
PSG0134180	PSG0028340	merged
PSG0136896	PSG0028340	merged
PSG0146930	PSG0028340	merged
PSG0133874	PSG0122478	merged
PSG0028390	PSG0154963	split
PSG0028397	PSG0154965	split
PSG0137430	PSG0028435	merged
PSG0137431	PSG0028438	merged
PSG0142602	PSG0028455	merged
PSG0137439	PSG0028497	merged
PSG0028498	PSG0154994	split
PSG0142290	PSG0028503	merged
PSG0148477	PSG0028522	merged
PSG0148476	PSG0028524	merged
PSG0125124	PSG0028526	merged
PSG0135013	PSG0028568	merged
PSG0135017	PSG0028577	merged
PSG0046744	PSG0028578	merged
PSG0129427	PSG0028578	merged
PSG0130275	PSG0046741	merged
PSG0147491	PSG0046741	merged
PSG0131476	PSG0129419	merged
PSG0148896	PSG0131477	merged
PSG0131479	PSG0131478	merged
PSG0147487	PSG0131478	merged
PSG0131482	PSG0124479	merged
PSG0084338	PSG0028616	merged
PSG0149071	PSG0028639	merged
PSG0131486	PSG0028656	merged
PSG0145338	PSG0028664	merged
PSG0141450	PSG0028679	merged
PSG0143955	PSG0028714	merged
PSG0028718	PSG0155049	split
PSG0028755	PSG0155063	split
PSG0142815	PSG0028755	merged
PSG0145333	PSG0028766	merged
PSG0143083	PSG0028777	merged
PSG0028800	PSG0155070	split
PSG0110847	PSG0028810	merged
PSG0140893	PSG0028810	merged
PSG0077027	PSG0028811	merged
PSG0117238	PSG0028811	merged
PSG0142997	PSG0126303	merged
PSG0143304	PSG0126303	merged
PSG0147437	PSG0126303	merged
PSG0149081	PSG0028814	merged
PSG0142999	PSG0130906	merged
PSG0143000	PSG0123518	merged
PSG0051341	PSG0028815	merged
PSG0086558	PSG0028815	merged
PSG0143002	PSG0028819	merged
PSG0149214	PSG0028876	merged
PSG0127178	PSG0028883	merged
PSG0028927	PSG0155091	split
PSG0060096	PSG0028932	merged
PSG0032566	PSG0028933	merged
PSG0146864	PSG0128791	merged
PSG0140543	PSG0128792	merged
PSG0143397	PSG0128792	merged
PSG0140542	PSG0028935	merged
PSG0143398	PSG0028935	merged
PSG0140541	PSG0028938	merged
PSG0143399	PSG0028938	merged
PSG0146865	PSG0143400	merged
PSG0140540	PSG0028943	merged
PSG0143402	PSG0028943	merged
PSG0099404	PSG0028963	merged
PSG0128796	PSG0028963	merged
PSG0028980	PSG0155104	split
PSG0029026	PSG0155115	split
PSG0140527	PSG0128808	merged
PSG0144910	PSG0029082	merged
PSG0029090	PSG0155131	split
PSG0029104	PSG0155134	split
PSG0131537	PSG0029110	merged
PSG0144899	PSG0029318	merged
PSG0029318	PSG0155177	split
PSG0144899	PSG0155177	split
PSG0117854	PSG0029397	merged
PSG0131527	PSG0029397	merged
PSG0131526	PSG0029400	merged
PSG0029461	PSG0155205	split
PSG0131521	PSG0131520	merged
PSG0029481	PSG0155208	split
PSG0147114	PSG0029498	merged
PSG0029511	PSG0155214	split
PSG0131518	PSG0029518	merged
PSG0147115	PSG0142454	merged
PSG0142456	PSG0029591	merged
PSG0147118	PSG0144054	merged
PSG0140276	PSG0029613	merged
PSG0147122	PSG0029624	merged
PSG0147124	PSG0029633	merged
PSG0112267	PSG0029668	merged
PSG0112268	PSG0029669	merged
PSG0112269	PSG0029670	merged
PSG0132796	PSG0029671	merged
PSG0138670	PSG0029778	merged
PSG0029782	PSG0029781	merged
PSG0138668	PSG0029793	merged
PSG0138667	PSG0029799	merged
PSG0138666	PSG0029801	merged
PSG0137293	PSG0029856	merged
PSG0143142	PSG0029856	merged
PSG0137292	PSG0029859	merged
PSG0143143	PSG0029859	merged
PSG0143144	PSG0029861	merged
PSG0131153	PSG0029865	merged
PSG0029867	PSG0155279	split
PSG0131152	PSG0029878	merged
PSG0137481	PSG0029878	merged
PSG0145762	PSG0029887	merged
PSG0131150	PSG0029890	merged
PSG0137480	PSG0029890	merged
PSG0131148	PSG0120179	merged
PSG0137479	PSG0120179	merged
PSG0145760	PSG0120179	merged
PSG0131147	PSG0118612	merged
PSG0137478	PSG0118612	merged
PSG0131146	PSG0118608	merged
PSG0137477	PSG0118608	merged
PSG0118607	PSG0118606	merged
PSG0131145	PSG0029898	merged
PSG0137476	PSG0029898	merged
PSG0131143	PSG0029905	merged
PSG0137475	PSG0029905	merged
PSG0131142	PSG0029907	merged
PSG0137474	PSG0029907	merged
PSG0131141	PSG0118603	merged
PSG0137472	PSG0118603	merged
PSG0118602	PSG0029941	merged
PSG0131135	PSG0029947	merged
PSG0145759	PSG0029966	merged
PSG0029979	PSG0155304	split
PSG0029991	PSG0155308	split
PSG0136130	PSG0122892	merged
PSG0030050	PSG0030049	merged
PSG0132928	PSG0030087	merged
PSG0030105	PSG0155337	split
PSG0132925	PSG0030105	merged
PSG0145848	PSG0030105	merged
PSG0030111	PSG0155340	split
PSG0126914	PSG0155345	split
PSG0030180	PSG0155356	split
PSG0030267	PSG0155366	split
PSG0130844	PSG0118412	merged
PSG0135005	PSG0030300	merged
PSG0130848	PSG0030327	merged
PSG0130852	PSG0030373	merged
PSG0130857	PSG0030437	merged
PSG0130860	PSG0030532	merged
PSG0145607	PSG0030596	merged
PSG0141636	PSG0030614	merged
PSG0030680	PSG0030630	merged
PSG0126055	PSG0030630	merged
PSG0141632	PSG0030630	merged
PSG0141634	PSG0030630	merged
PSG0141635	PSG0030630	merged
PSG0148953	PSG0030630	merged
PSG0030659	PSG0155422	split
PSG0141628	PSG0126721	merged
PSG0134781	PSG0030677	merged
PSG0134777	PSG0030737	merged
PSG0134769	PSG0030791	merged
PSG0055447	PSG0030801	merged
PSG0030822	PSG0155457	split
PSG0148179	PSG0030879	merged
PSG0148180	PSG0155465	split
PSG0149090	PSG0030920	merged
PSG0148181	PSG0030931	merged
PSG0111515	PSG0030959	merged
PSG0128338	PSG0108953	merged
PSG0125366	PSG0030979	merged
PSG0141317	PSG0030997	merged
PSG0031023	PSG0155492	split
PSG0031239	PSG0155528	split
PSG0137072	PSG0031239	merged
PSG0144563	PSG0031249	merged
PSG0031255	PSG0155533	split
PSG0031293	PSG0031292	merged
PSG0132394	PSG0031303	merged
PSG0137074	PSG0031303	merged
PSG0132395	PSG0031308	merged
PSG0144560	PSG0031308	merged
PSG0132396	PSG0031325	merged
PSG0144559	PSG0031357	merged
PSG0132399	PSG0031372	merged
PSG0132402	PSG0031386	merged
PSG0143934	PSG0031386	merged
PSG0144557	PSG0031453	merged
PSG0031470	PSG0031469	merged
PSG0031486	PSG0155558	split
PSG0031555	PSG0155578	split
PSG0144554	PSG0031568	merged
PSG0031672	PSG0155602	split
PSG0031695	PSG0155606	split
PSG0137666	PSG0031720	merged
PSG0031722	PSG0155611	split
PSG0130040	PSG0031746	merged
PSG0138177	PSG0031760	merged
PSG0146383	PSG0031760	merged
PSG0031760	PSG0155623	split
PSG0110696	PSG0031767	merged
PSG0113288	PSG0031767	merged
PSG0138181	PSG0031767	merged
PSG0031783	PSG0155627	split
PSG0031801	PSG0155631	split
PSG0031821	PSG0155637	split
PSG0146555	PSG0031830	merged
PSG0132105	PSG0155644	split
PSG0031881	PSG0155647	split
PSG0146557	PSG0113555	merged
PSG0147944	PSG0123137	merged
PSG0136374	PSG0031988	merged
PSG0136373	PSG0032014	merged
PSG0143592	PSG0032014	merged
PSG0136372	PSG0032019	merged
PSG0136371	PSG0032023	merged
PSG0143593	PSG0032023	merged
PSG0145165	PSG0032025	merged
PSG0136370	PSG0032028	merged
PSG0032029	PSG0155680	split
PSG0136367	PSG0032053	merged
PSG0032066	PSG0155690	split
PSG0145162	PSG0032071	merged
PSG0032582	PSG0032097	merged
PSG0039249	PSG0032097	merged
PSG0045562	PSG0032097	merged
PSG0052419	PSG0032097	merged
PSG0061412	PSG0032097	merged
PSG0063878	PSG0032097	merged
PSG0072133	PSG0032097	merged
PSG0074721	PSG0032097	merged
PSG0095475	PSG0032097	merged
PSG0100908	PSG0032097	merged
PSG0104327	PSG0032097	merged
PSG0116091	PSG0032097	merged
PSG0132921	PSG0032097	merged
PSG0134015	PSG0032097	merged
PSG0146212	PSG0032097	merged
PSG0032118	PSG0155708	split
PSG0145697	PSG0032207	merged
PSG0123303	PSG0032253	merged
PSG0032262	PSG0155735	split
PSG0144429	PSG0032300	merged
PSG0134825	PSG0032319	merged
PSG0099655	PSG0032358	merged
PSG0114535	PSG0032358	merged
PSG0099657	PSG0032359	merged
PSG0114529	PSG0032359	merged
PSG0145457	PSG0032413	merged
PSG0133249	PSG0032430	merged
PSG0145459	PSG0032447	merged
PSG0032497	PSG0155788	split
PSG0145461	PSG0032562	merged
PSG0032575	PSG0155802	split
PSG0114701	PSG0056085	merged
PSG0147082	PSG0032631	merged
PSG0135398	PSG0032640	merged
PSG0140066	PSG0032640	merged
PSG0144052	PSG0032686	merged
PSG0124792	PSG0124791	merged
PSG0131019	PSG0032772	merged
PSG0134087	PSG0032772	merged
PSG0144179	PSG0032774	merged
PSG0032843	PSG0155845	split
PSG0146718	PSG0032893	merged
PSG0032897	PSG0155861	split
PSG0120649	PSG0032926	merged
PSG0032939	PSG0155874	split
PSG0125156	PSG0032960	merged
PSG0033010	PSG0033009	merged
PSG0033017	PSG0155893	split
PSG0122123	PSG0155904	split
PSG0145796	PSG0033180	merged
PSG0135920	PSG0033190	merged
PSG0145797	PSG0033190	merged
PSG0033190	PSG0155926	split
PSG0147239	PSG0033259	merged
PSG0132982	PSG0033301	merged
PSG0138684	PSG0033362	merged
PSG0093650	PSG0033397	merged
PSG0130224	PSG0033453	merged
PSG0148498	PSG0033454	merged
PSG0130506	PSG0033487	merged
PSG0033522	PSG0155989	split
PSG0110201	PSG0033661	merged
PSG0129483	PSG0033661	merged
PSG0134908	PSG0033666	merged
PSG0148845	PSG0033698	merged
PSG0134903	PSG0033743	merged
PSG0139768	PSG0033743	merged
PSG0134902	PSG0033748	merged
PSG0139767	PSG0033748	merged
PSG0134901	PSG0033751	merged
PSG0139766	PSG0033751	merged
PSG0033753	PSG0156031	split
PSG0136642	PSG0033797	merged
PSG0139759	PSG0033797	merged
PSG0136643	PSG0033800	merged
PSG0139758	PSG0033800	merged
PSG0146161	PSG0033802	merged
PSG0033805	PSG0156039	split
PSG0136644	PSG0033865	merged
PSG0146165	PSG0033940	merged
PSG0136657	PSG0034023	merged
PSG0143224	PSG0034023	merged
PSG0136658	PSG0034028	merged
PSG0143223	PSG0034028	merged
PSG0034040	PSG0156073	split
PSG0034104	PSG0156085	split
PSG0136662	PSG0034140	merged
PSG0140474	PSG0034140	merged
PSG0034157	PSG0034156	merged
PSG0140475	PSG0034159	merged
PSG0034162	PSG0156103	split
PSG0034164	PSG0156104	split
PSG0130509	PSG0034213	merged
PSG0136872	PSG0034216	merged
PSG0146263	PSG0034240	merged
PSG0034243	PSG0156122	split
PSG0115852	PSG0156123	split
PSG0146390	PSG0034399	merged
PSG0034408	PSG0156146	split
PSG0134076	PSG0114273	merged
PSG0114269	PSG0034460	merged
PSG0098483	PSG0034461	merged
PSG0114268	PSG0034461	merged
PSG0140303	PSG0034469	merged
PSG0147241	PSG0034564	merged
PSG0034570	PSG0034569	merged
PSG0141009	PSG0034571	merged
PSG0141006	PSG0034598	merged
PSG0123011	PSG0123010	merged
PSG0148549	PSG0034666	merged
PSG0137005	PSG0114669	merged
PSG0135376	PSG0034670	merged
PSG0137004	PSG0034670	merged
PSG0135375	PSG0034671	merged
PSG0135372	PSG0034673	merged
PSG0137003	PSG0034673	merged
PSG0034684	PSG0156213	split
PSG0137002	PSG0034686	merged
PSG0135371	PSG0034693	merged
PSG0137000	PSG0034693	merged
PSG0135370	PSG0034695	merged
PSG0136999	PSG0034695	merged
PSG0136998	PSG0034696	merged
PSG0135369	PSG0034697	merged
PSG0136996	PSG0034697	merged
PSG0034708	PSG0156222	split
PSG0136985	PSG0034803	merged
PSG0034823	PSG0034822	merged
PSG0136981	PSG0034841	merged
PSG0148825	PSG0128573	merged
PSG0034876	PSG0034875	merged
PSG0139067	PSG0034875	merged
PSG0146253	PSG0034875	merged
PSG0146876	PSG0034875	merged
PSG0130621	PSG0123042	merged
PSG0130617	PSG0034901	merged
PSG0130611	PSG0034907	merged
PSG0130634	PSG0034947	merged
PSG0130635	PSG0034953	merged
PSG0130637	PSG0034964	merged
PSG0034970	PSG0156290	split
PSG0130643	PSG0035006	merged
PSG0130658	PSG0035030	merged
PSG0130667	PSG0035054	merged
PSG0035057	PSG0035056	merged
PSG0144173	PSG0035084	merged
PSG0035087	PSG0156303	split
PSG0148331	PSG0126043	merged
PSG0148330	PSG0112864	merged
PSG0141825	PSG0130272	merged
PSG0112867	PSG0035120	merged
PSG0126421	PSG0035124	merged
PSG0035133	PSG0035132	merged
PSG0133803	PSG0035132	merged
PSG0126207	PSG0035136	merged
PSG0126207	PSG0156318	split
PSG0148329	PSG0035142	merged
PSG0035160	PSG0035155	merged
PSG0133800	PSG0035155	merged
PSG0133801	PSG0035157	merged
PSG0035159	PSG0156327	split
PSG0136342	PSG0035174	merged
PSG0137763	PSG0035174	merged
PSG0136341	PSG0035180	merged
PSG0137764	PSG0035180	merged
PSG0136340	PSG0035183	merged
PSG0136339	PSG0035188	merged
PSG0136338	PSG0035201	merged
PSG0137765	PSG0035201	merged
PSG0136337	PSG0035202	merged
PSG0137766	PSG0035202	merged
PSG0136336	PSG0035205	merged
PSG0136334	PSG0116270	merged
PSG0136333	PSG0116272	merged
PSG0137770	PSG0116272	merged
PSG0136332	PSG0035231	merged
PSG0136324	PSG0116284	merged
PSG0144134	PSG0116284	merged
PSG0136323	PSG0116285	merged
PSG0144133	PSG0116285	merged
PSG0136320	PSG0035252	merged
PSG0035258	PSG0035257	merged
PSG0136313	PSG0035270	merged
PSG0136309	PSG0116292	merged
PSG0121852	PSG0035305	merged
PSG0135874	PSG0118220	merged
PSG0137975	PSG0118220	merged
PSG0135877	PSG0118225	merged
PSG0137977	PSG0118225	merged
PSG0135878	PSG0035330	merged
PSG0137978	PSG0035330	merged
PSG0135879	PSG0035334	merged
PSG0137979	PSG0035334	merged
PSG0135881	PSG0035336	merged
PSG0137980	PSG0035336	merged
PSG0135882	PSG0035345	merged
PSG0137981	PSG0035345	merged
PSG0135883	PSG0035347	merged
PSG0137982	PSG0035347	merged
PSG0135885	PSG0035350	merged
PSG0137984	PSG0035350	merged
PSG0120014	PSG0156364	split
PSG0115984	PSG0156368	split
PSG0137628	PSG0035401	merged
PSG0130569	PSG0126679	merged
PSG0148464	PSG0035422	merged
PSG0148462	PSG0035460	merged
PSG0035476	PSG0156390	split
PSG0130463	PSG0035527	merged
PSG0103571	PSG0035545	merged
PSG0123902	PSG0035545	merged
PSG0137305	PSG0115875	merged
PSG0046518	PSG0035572	merged
PSG0104243	PSG0035573	merged
PSG0125446	PSG0035573	merged
PSG0130907	PSG0046513	merged
PSG0142568	PSG0046513	merged
PSG0035591	PSG0035590	merged
PSG0035638	PSG0156418	split
PSG0145260	PSG0035656	merged
PSG0116101	PSG0035667	merged
PSG0035681	PSG0156429	split
PSG0133327	PSG0035721	merged
PSG0035746	PSG0156441	split
PSG0072698	PSG0035753	merged
PSG0116088	PSG0035753	merged
PSG0134287	PSG0035758	merged
PSG0134288	PSG0035758	merged
PSG0134289	PSG0035758	merged
PSG0081753	PSG0035761	merged
PSG0134285	PSG0035769	merged
PSG0134283	PSG0134278	merged
PSG0134284	PSG0134278	merged
PSG0134279	PSG0035781	merged
PSG0035785	PSG0035783	merged
PSG0035804	PSG0035801	merged
PSG0134272	PSG0035801	merged
PSG0134275	PSG0035801	merged
PSG0134271	PSG0126088	merged
PSG0134273	PSG0126088	merged
PSG0035807	PSG0156460	split
PSG0140636	PSG0035863	merged
PSG0035875	PSG0156474	split
PSG0149107	PSG0126972	merged
PSG0128991	PSG0156496	split
PSG0066662	PSG0035955	merged
PSG0128995	PSG0035955	merged
PSG0135525	PSG0035970	merged
PSG0135522	PSG0035991	merged
PSG0130528	PSG0036018	merged
PSG0135519	PSG0156518	split
PSG0138647	PSG0127987	merged
PSG0134955	PSG0036235	merged
PSG0137129	PSG0036459	merged
PSG0114398	PSG0156593	split
PSG0112100	PSG0036580	merged
PSG0036617	PSG0036616	merged
PSG0131032	PSG0036634	merged
PSG0131031	PSG0036635	merged
PSG0103380	PSG0036643	merged
PSG0096822	PSG0036647	merged
PSG0141259	PSG0036647	merged
PSG0131029	PSG0036654	merged
PSG0141260	PSG0036654	merged
PSG0131028	PSG0036656	merged
PSG0141261	PSG0036656	merged
PSG0131026	PSG0036659	merged
PSG0131024	PSG0036661	merged
PSG0141263	PSG0036661	merged
PSG0104433	PSG0036720	merged
PSG0127423	PSG0036720	merged
PSG0104434	PSG0156628	split
PSG0135540	PSG0036798	merged
PSG0143376	PSG0118791	merged
PSG0143375	PSG0036855	merged
PSG0036920	PSG0156659	split
PSG0055425	PSG0036960	merged
PSG0120955	PSG0036960	merged
PSG0055426	PSG0036963	merged
PSG0120953	PSG0036963	merged
PSG0120946	PSG0156673	split
PSG0037001	PSG0156675	split
PSG0133944	PSG0037003	merged
PSG0135494	PSG0037033	merged
PSG0143213	PSG0037033	merged
PSG0144212	PSG0037049	merged
PSG0127187	PSG0156692	split
PSG0135199	PSG0037070	merged
PSG0134035	PSG0037159	merged
PSG0137228	PSG0037171	merged
PSG0037175	PSG0037174	merged
PSG0137223	PSG0122157	merged
PSG0135908	PSG0124107	merged
PSG0037376	PSG0156752	split
PSG0131676	PSG0037387	merged
PSG0136464	PSG0037387	merged
PSG0136462	PSG0129762	merged
PSG0131675	PSG0037394	merged
PSG0136461	PSG0037394	merged
PSG0037396	PSG0156754	split
PSG0136452	PSG0037475	merged
PSG0117816	PSG0037508	merged
PSG0125698	PSG0037532	merged
PSG0037586	PSG0156784	split
PSG0142421	PSG0037696	merged
PSG0093193	PSG0037713	merged
PSG0137599	PSG0037713	merged
PSG0146898	PSG0037740	merged
PSG0141356	PSG0037751	merged
PSG0137601	PSG0037759	merged
PSG0141354	PSG0037759	merged
PSG0057890	PSG0037767	merged
PSG0143847	PSG0037807	merged
PSG0115709	PSG0037823	merged
PSG0115710	PSG0037836	merged
PSG0135649	PSG0037842	merged
PSG0145223	PSG0037844	merged
PSG0037846	PSG0156840	split
PSG0135644	PSG0037859	merged
PSG0138995	PSG0037859	merged
PSG0138154	PSG0037877	merged
PSG0138156	PSG0037885	merged
PSG0147737	PSG0037928	merged
PSG0138161	PSG0037967	merged
PSG0143754	PSG0037967	merged
PSG0138167	PSG0038030	merged
PSG0038050	PSG0038049	merged
PSG0038054	PSG0156877	split
PSG0133548	PSG0038059	merged
PSG0133547	PSG0038095	merged
PSG0068857	PSG0038179	merged
PSG0138541	PSG0121446	merged
PSG0038206	PSG0038205	merged
PSG0038206	PSG0156898	split
PSG0038209	PSG0038208	merged
PSG0143571	PSG0038227	merged
PSG0147763	PSG0138534	merged
PSG0138533	PSG0038242	merged
PSG0138532	PSG0038243	merged
PSG0038274	PSG0156910	split
PSG0038306	PSG0038305	merged
PSG0147769	PSG0038309	merged
PSG0038342	PSG0038341	merged
PSG0147775	PSG0038354	merged
PSG0145768	PSG0038452	merged
PSG0141982	PSG0038458	merged
PSG0141981	PSG0156951	split
PSG0138103	PSG0038459	merged
PSG0148013	PSG0038467	merged
PSG0038471	PSG0038470	merged
PSG0038481	PSG0038480	merged
PSG0138105	PSG0038488	merged
PSG0038542	PSG0038541	merged
PSG0041225	PSG0038689	merged
PSG0148805	PSG0125528	merged
PSG0055614	PSG0038699	merged
PSG0131265	PSG0038726	merged
PSG0038734	PSG0157002	split
PSG0038743	PSG0157003	split
PSG0038763	PSG0157005	split
PSG0132428	PSG0119414	merged
PSG0038844	PSG0157031	split
PSG0122181	PSG0038885	merged
PSG0148914	PSG0038910	merged
PSG0148915	PSG0038911	merged
PSG0148967	PSG0038911	merged
PSG0148916	PSG0038920	merged
PSG0148966	PSG0038920	merged
PSG0148917	PSG0038929	merged
PSG0148965	PSG0038929	merged
PSG0148964	PSG0038930	merged
PSG0148918	PSG0038933	merged
PSG0148963	PSG0038933	merged
PSG0148919	PSG0038935	merged
PSG0148962	PSG0038935	merged
PSG0148920	PSG0038941	merged
PSG0148961	PSG0038941	merged
PSG0038953	PSG0157052	split
PSG0135003	PSG0038984	merged
PSG0143938	PSG0038984	merged
PSG0135004	PSG0038985	merged
PSG0143941	PSG0038989	merged
PSG0148921	PSG0038999	merged
PSG0148990	PSG0038999	merged
PSG0148922	PSG0039005	merged
PSG0148991	PSG0039005	merged
PSG0148923	PSG0039006	merged
PSG0148992	PSG0039006	merged
PSG0148924	PSG0039010	merged
PSG0148993	PSG0039010	merged
PSG0148925	PSG0039013	merged
PSG0148994	PSG0039013	merged
PSG0148926	PSG0039019	merged
PSG0148995	PSG0039019	merged
PSG0148927	PSG0039029	merged
PSG0148996	PSG0039029	merged
PSG0148997	PSG0039037	merged
PSG0148928	PSG0039039	merged
PSG0148929	PSG0039043	merged
PSG0148998	PSG0039043	merged
PSG0148930	PSG0039048	merged
PSG0148999	PSG0039048	merged
PSG0148931	PSG0039055	merged
PSG0149000	PSG0039055	merged
PSG0148932	PSG0039057	merged
PSG0149001	PSG0039057	merged
PSG0148933	PSG0039058	merged
PSG0149002	PSG0039058	merged
PSG0135006	PSG0039061	merged
PSG0148934	PSG0039079	merged
PSG0149003	PSG0039079	merged
PSG0148935	PSG0039080	merged
PSG0149004	PSG0039080	merged
PSG0148936	PSG0039084	merged
PSG0149005	PSG0039084	merged
PSG0039110	PSG0157081	split
PSG0148937	PSG0039113	merged
PSG0149006	PSG0039113	merged
PSG0135010	PSG0039120	merged
PSG0039134	PSG0039133	merged
PSG0142535	PSG0039141	merged
PSG0142536	PSG0039145	merged
PSG0039149	PSG0157090	split
PSG0142539	PSG0039155	merged
PSG0132334	PSG0132333	merged
PSG0142548	PSG0132333	merged
PSG0130312	PSG0157106	split
PSG0039206	PSG0157108	split
PSG0039211	PSG0039210	merged
PSG0039216	PSG0157109	split
PSG0039290	PSG0039289	merged
PSG0123092	PSG0039337	merged
PSG0039380	PSG0039379	merged
PSG0117969	PSG0039388	merged
PSG0138145	PSG0039405	merged
PSG0117979	PSG0039434	merged
PSG0131715	PSG0039449	merged
PSG0131714	PSG0039450	merged
PSG0144802	PSG0039522	merged
PSG0039544	PSG0157174	split
PSG0039624	PSG0039622	merged
PSG0129136	PSG0039622	merged
PSG0148813	PSG0130008	merged
PSG0148814	PSG0130008	merged
PSG0131490	PSG0039630	merged
PSG0131493	PSG0039635	merged
PSG0039659	PSG0039658	merged
PSG0141539	PSG0039679	merged
PSG0039683	PSG0157191	split
PSG0039690	PSG0039689	merged
PSG0141542	PSG0039726	merged
PSG0041729	PSG0039731	merged
PSG0141543	PSG0039731	merged
PSG0134800	PSG0113943	merged
PSG0039815	PSG0157218	split
PSG0144416	PSG0039817	merged
PSG0112570	PSG0045248	merged
PSG0114524	PSG0045248	merged
PSG0094166	PSG0039850	merged
PSG0039869	PSG0157231	split
PSG0139425	PSG0114075	merged
PSG0136438	PSG0129714	merged
PSG0134080	PSG0040096	merged
PSG0144176	PSG0134082	merged
PSG0136401	PSG0118087	merged
PSG0136403	PSG0040156	merged
PSG0136409	PSG0040229	merged
PSG0040290	PSG0157306	split
PSG0083047	PSG0040329	merged
PSG0083045	PSG0040330	merged
PSG0138327	PSG0040363	merged
PSG0040368	PSG0157317	split
PSG0040385	PSG0157321	split
PSG0040389	PSG0157324	split
PSG0115307	PSG0115306	merged
PSG0040413	PSG0157332	split
PSG0123633	PSG0040473	merged
PSG0123631	PSG0040480	merged
PSG0040487	PSG0040486	merged
PSG0040500	PSG0040499	merged
PSG0040501	PSG0040499	merged
PSG0137509	PSG0040553	merged
PSG0040558	PSG0157355	split
PSG0040621	PSG0157378	split
PSG0040639	PSG0157383	split
PSG0139286	PSG0040700	merged
PSG0040706	PSG0157394	split
PSG0148358	PSG0040758	merged
PSG0040790	PSG0157402	split
PSG0137107	PSG0040793	merged
PSG0137106	PSG0040820	merged
PSG0132969	PSG0040961	merged
PSG0141124	PSG0040961	merged
PSG0040963	PSG0157431	split
PSG0136905	PSG0130484	merged
PSG0148534	PSG0041033	merged
PSG0148535	PSG0041054	merged
PSG0141162	PSG0041070	merged
PSG0143140	PSG0041070	merged
PSG0143141	PSG0041070	merged
PSG0125337	PSG0124729	merged
PSG0140761	PSG0041092	merged
PSG0143578	PSG0041092	merged
PSG0041104	PSG0041103	merged
PSG0093847	PSG0041106	merged
PSG0126682	PSG0041106	merged
PSG0123524	PSG0041116	merged
PSG0148119	PSG0041137	merged
PSG0143611	PSG0041148	merged
PSG0041186	PSG0157489	split
PSG0142802	PSG0157490	split
PSG0041224	PSG0157495	split
PSG0145189	PSG0041325	merged
PSG0041328	PSG0157516	split
PSG0137878	PSG0041400	merged
PSG0137880	PSG0041408	merged
PSG0095441	PSG0041438	merged
PSG0133314	PSG0041461	merged
PSG0137550	PSG0041461	merged
PSG0133315	PSG0041469	merged
PSG0137551	PSG0041469	merged
PSG0137552	PSG0041470	merged
PSG0136552	PSG0041475	merged
PSG0144740	PSG0110336	merged
PSG0068653	PSG0041524	merged
PSG0114547	PSG0041524	merged
PSG0041529	PSG0041528	merged
PSG0041558	PSG0157565	split
PSG0142158	PSG0041573	merged
PSG0142155	PSG0041580	merged
PSG0132812	PSG0041601	merged
PSG0145182	PSG0117635	merged
PSG0041717	PSG0041715	merged
PSG0133708	PSG0041715	merged
PSG0041719	PSG0041716	merged
PSG0134977	PSG0041720	merged
PSG0133707	PSG0041723	merged
PSG0134976	PSG0041723	merged
PSG0133706	PSG0041724	merged
PSG0134975	PSG0041724	merged
PSG0041728	PSG0157610	split
PSG0133704	PSG0041733	merged
PSG0134970	PSG0041831	merged
PSG0134968	PSG0041848	merged
PSG0125273	PSG0041918	merged
PSG0130014	PSG0041918	merged
PSG0041918	PSG0157638	split
PSG0124336	PSG0157643	split
PSG0124337	PSG0090110	merged
PSG0112487	PSG0041935	merged
PSG0124352	PSG0041935	merged
PSG0112488	PSG0041936	merged
PSG0085402	PSG0041986	merged
PSG0142622	PSG0041986	merged
PSG0142625	PSG0041986	merged
PSG0145812	PSG0123675	merged
PSG0087166	PSG0041999	merged
PSG0113617	PSG0041999	merged
PSG0042011	PSG0157663	split
PSG0133493	PSG0042144	merged
PSG0042175	PSG0157690	split
PSG0133494	PSG0113628	merged
PSG0144097	PSG0113628	merged
PSG0144098	PSG0113629	merged
PSG0084953	PSG0042181	merged
PSG0113632	PSG0042181	merged
PSG0133495	PSG0113634	merged
PSG0144100	PSG0113634	merged
PSG0042234	PSG0042233	merged
PSG0138494	PSG0042276	merged
PSG0042288	PSG0157714	split
PSG0145674	PSG0042294	merged
PSG0042305	PSG0157717	split
PSG0042310	PSG0157718	split
PSG0131946	PSG0042361	merged
PSG0146494	PSG0157733	split
PSG0101544	PSG0075523	merged
PSG0146884	PSG0042488	merged
PSG0137683	PSG0042499	merged
PSG0135892	PSG0042530	merged
PSG0142039	PSG0042530	merged
PSG0135893	PSG0118243	merged
PSG0142040	PSG0118243	merged
PSG0135895	PSG0118247	merged
PSG0142042	PSG0118247	merged
PSG0135896	PSG0118248	merged
PSG0142043	PSG0118248	merged
PSG0142044	PSG0118249	merged
PSG0135897	PSG0118250	merged
PSG0042539	PSG0157768	split
PSG0135898	PSG0042541	merged
PSG0142047	PSG0042541	merged
PSG0135899	PSG0042545	merged
PSG0142048	PSG0042545	merged
PSG0135900	PSG0124667	merged
PSG0142049	PSG0124667	merged
PSG0123746	PSG0123745	merged
PSG0132136	PSG0042567	merged
PSG0145786	PSG0042579	merged
PSG0145787	PSG0042582	merged
PSG0042610	PSG0157779	split
PSG0132131	PSG0042611	merged
PSG0135911	PSG0042611	merged
PSG0135915	PSG0042639	merged
PSG0042690	PSG0157795	split
PSG0042724	PSG0157807	split
PSG0136261	PSG0042768	merged
PSG0136263	PSG0042772	merged
PSG0136264	PSG0042773	merged
PSG0136267	PSG0121753	merged
PSG0136269	PSG0042784	merged
PSG0136975	PSG0114648	merged
PSG0148559	PSG0042883	merged
PSG0042887	PSG0042886	merged
PSG0136970	PSG0042920	merged
PSG0131611	PSG0119582	merged
PSG0141138	PSG0119582	merged
PSG0141139	PSG0042955	merged
PSG0131614	PSG0042958	merged
PSG0141140	PSG0042958	merged
PSG0131615	PSG0042960	merged
PSG0141141	PSG0042960	merged
PSG0131616	PSG0042961	merged
PSG0141142	PSG0042961	merged
PSG0131620	PSG0042968	merged
PSG0141143	PSG0042968	merged
PSG0131621	PSG0042970	merged
PSG0141144	PSG0042970	merged
PSG0131622	PSG0042972	merged
PSG0141145	PSG0042972	merged
PSG0131623	PSG0042973	merged
PSG0141146	PSG0042973	merged
PSG0131626	PSG0119592	merged
PSG0130539	PSG0043064	merged
PSG0131627	PSG0043069	merged
PSG0134187	PSG0043069	merged
PSG0131628	PSG0043075	merged
PSG0134186	PSG0043075	merged
PSG0131629	PSG0043076	merged
PSG0134185	PSG0043076	merged
PSG0131630	PSG0043077	merged
PSG0134184	PSG0043077	merged
PSG0131631	PSG0043078	merged
PSG0131632	PSG0043079	merged
PSG0134183	PSG0043079	merged
PSG0131634	PSG0043082	merged
PSG0131635	PSG0043083	merged
PSG0134181	PSG0043083	merged
PSG0131636	PSG0043085	merged
PSG0134179	PSG0043085	merged
PSG0134178	PSG0119607	merged
PSG0131637	PSG0119610	merged
PSG0134177	PSG0119610	merged
PSG0131638	PSG0119611	merged
PSG0134176	PSG0119611	merged
PSG0131639	PSG0119613	merged
PSG0131640	PSG0119614	merged
PSG0134175	PSG0119614	merged
PSG0131641	PSG0119615	merged
PSG0134174	PSG0119615	merged
PSG0131643	PSG0119616	merged
PSG0134172	PSG0119616	merged
PSG0131644	PSG0043088	merged
PSG0134171	PSG0043088	merged
PSG0131646	PSG0043090	merged
PSG0134169	PSG0043090	merged
PSG0131647	PSG0043091	merged
PSG0134168	PSG0043091	merged
PSG0131648	PSG0043093	merged
PSG0134166	PSG0043093	merged
PSG0134165	PSG0043094	merged
PSG0131649	PSG0043097	merged
PSG0134164	PSG0043097	merged
PSG0131650	PSG0043100	merged
PSG0134163	PSG0043100	merged
PSG0143364	PSG0131657	merged
PSG0131658	PSG0043177	merged
PSG0143363	PSG0043177	merged
PSG0131659	PSG0043179	merged
PSG0143362	PSG0043179	merged
PSG0131660	PSG0043180	merged
PSG0143361	PSG0043180	merged
PSG0143360	PSG0043181	merged
PSG0131662	PSG0043186	merged
PSG0143359	PSG0043186	merged
PSG0131663	PSG0043187	merged
PSG0143358	PSG0043187	merged
PSG0131664	PSG0043189	merged
PSG0143357	PSG0043189	merged
PSG0144865	PSG0043190	merged
PSG0131665	PSG0043196	merged
PSG0143356	PSG0043196	merged
PSG0143355	PSG0043197	merged
PSG0143354	PSG0043203	merged
PSG0143353	PSG0043206	merged
PSG0143352	PSG0043209	merged
PSG0131668	PSG0043215	merged
PSG0143351	PSG0043215	merged
PSG0131669	PSG0043217	merged
PSG0143350	PSG0043217	merged
PSG0131670	PSG0043218	merged
PSG0143349	PSG0043218	merged
PSG0131671	PSG0043219	merged
PSG0143348	PSG0043219	merged
PSG0131672	PSG0043221	merged
PSG0143347	PSG0043221	merged
PSG0131673	PSG0043223	merged
PSG0143346	PSG0043223	merged
PSG0131674	PSG0043224	merged
PSG0143345	PSG0043224	merged
PSG0135021	PSG0043287	merged
PSG0143188	PSG0043287	merged
PSG0143189	PSG0043287	merged
PSG0143190	PSG0043287	merged
PSG0135018	PSG0126882	merged
PSG0043331	PSG0157929	split
PSG0135556	PSG0043337	merged
PSG0090059	PSG0043342	merged
PSG0043378	PSG0157939	split
PSG0140025	PSG0121935	merged
PSG0143732	PSG0121935	merged
PSG0134014	PSG0125709	merged
PSG0051966	PSG0043394	merged
PSG0051964	PSG0043396	merged
PSG0138901	PSG0043406	merged
PSG0147305	PSG0043407	merged
PSG0043411	PSG0157947	split
PSG0126017	PSG0043447	merged
PSG0146079	PSG0043449	merged
PSG0142031	PSG0129960	merged
PSG0138035	PSG0043596	merged
PSG0145027	PSG0043618	merged
PSG0118832	PSG0043626	merged
PSG0118833	PSG0043632	merged
PSG0149178	PSG0043640	merged
PSG0043720	PSG0158005	split
PSG0054247	PSG0043729	merged
PSG0075818	PSG0043732	merged
PSG0134244	PSG0043744	merged
PSG0134241	PSG0043751	merged
PSG0134240	PSG0043753	merged
PSG0145021	PSG0043755	merged
PSG0096674	PSG0043762	merged
PSG0118210	PSG0043762	merged
PSG0141307	PSG0158030	split
PSG0116164	PSG0043844	merged
PSG0111625	PSG0043867	merged
PSG0043872	PSG0158037	split
PSG0120176	PSG0043888	merged
PSG0043902	PSG0158045	split
PSG0136283	PSG0043913	merged
PSG0043981	PSG0043980	merged
PSG0134871	PSG0120597	merged
PSG0147268	PSG0120604	merged
PSG0053538	PSG0044005	merged
PSG0044057	PSG0044056	merged
PSG0044089	PSG0158075	split
PSG0144483	PSG0158082	split
PSG0044155	PSG0044154	merged
PSG0144485	PSG0044213	merged
PSG0134393	PSG0044244	merged
PSG0134383	PSG0044306	merged
PSG0044325	PSG0158121	split
PSG0044327	PSG0158124	split
PSG0144495	PSG0044390	merged
PSG0134379	PSG0044396	merged
PSG0044449	PSG0158151	split
PSG0134372	PSG0044453	merged
PSG0142717	PSG0044512	merged
PSG0083878	PSG0158181	split
PSG0044596	PSG0158182	split
PSG0140831	PSG0044625	merged
PSG0140834	PSG0044640	merged
PSG0125236	PSG0044699	merged
PSG0133689	PSG0044740	merged
PSG0143688	PSG0044740	merged
PSG0133691	PSG0044746	merged
PSG0145340	PSG0044792	merged
PSG0044843	PSG0158239	split
PSG0140983	PSG0044866	merged
PSG0140987	PSG0044886	merged
PSG0140992	PSG0044921	merged
PSG0146766	PSG0044936	merged
PSG0149110	PSG0044968	merged
PSG0141401	PSG0044992	merged
PSG0134730	PSG0045046	merged
PSG0134731	PSG0158289	split
PSG0146761	PSG0045057	merged
PSG0045072	PSG0158292	split
PSG0045096	PSG0158296	split
PSG0134737	PSG0045146	merged
PSG0132531	PSG0045238	merged
PSG0045274	PSG0158340	split
PSG0045298	PSG0158344	split
PSG0132520	PSG0045363	merged
PSG0132517	PSG0045400	merged
PSG0132512	PSG0045429	merged
PSG0132515	PSG0045429	merged
PSG0132511	PSG0045431	merged
PSG0132514	PSG0045431	merged
PSG0132513	PSG0132510	merged
PSG0132507	PSG0126179	merged
PSG0045492	PSG0045491	merged
PSG0139195	PSG0045519	merged
PSG0139194	PSG0045531	merged
PSG0079718	PSG0045566	merged
PSG0125043	PSG0045566	merged
PSG0136664	PSG0045578	merged
PSG0045602	PSG0158403	split
PSG0145775	PSG0045676	merged
PSG0132145	PSG0045682	merged
PSG0132147	PSG0045719	merged
PSG0045721	PSG0158431	split
PSG0123811	PSG0158433	split
PSG0136306	PSG0045760	merged
PSG0045763	PSG0158438	split
PSG0045856	PSG0158459	split
PSG0045887	PSG0158475	split
PSG0131882	PSG0117444	merged
PSG0131869	PSG0046053	merged
PSG0046058	PSG0158499	split
PSG0146395	PSG0046064	merged
PSG0046068	PSG0046067	merged
PSG0135223	PSG0046104	merged
PSG0142674	PSG0046104	merged
PSG0135224	PSG0046105	merged
PSG0142675	PSG0046105	merged
PSG0135225	PSG0046107	merged
PSG0142676	PSG0046107	merged
PSG0135226	PSG0046113	merged
PSG0142677	PSG0046118	merged
PSG0135227	PSG0046122	merged
PSG0135229	PSG0046126	merged
PSG0142678	PSG0046126	merged
PSG0135231	PSG0046140	merged
PSG0142679	PSG0046140	merged
PSG0135232	PSG0046142	merged
PSG0142680	PSG0046142	merged
PSG0135233	PSG0046145	merged
PSG0135234	PSG0046146	merged
PSG0142681	PSG0046146	merged
PSG0135235	PSG0046150	merged
PSG0142682	PSG0046150	merged
PSG0135236	PSG0046208	merged
PSG0046215	PSG0158526	split
PSG0140872	PSG0046270	merged
PSG0142383	PSG0046270	merged
PSG0140870	PSG0046272	merged
PSG0140867	PSG0046276	merged
PSG0146402	PSG0046292	merged
PSG0140863	PSG0046295	merged
PSG0140862	PSG0046302	merged
PSG0140858	PSG0046354	merged
PSG0146404	PSG0046369	merged
PSG0140856	PSG0046394	merged
PSG0053792	PSG0046479	merged
PSG0128743	PSG0046479	merged
PSG0046501	PSG0158581	split
PSG0141590	PSG0046519	merged
PSG0141583	PSG0046534	merged
PSG0141582	PSG0046535	merged
PSG0141580	PSG0046542	merged
PSG0046549	PSG0158592	split
PSG0135221	PSG0046560	merged
PSG0148515	PSG0046563	merged
PSG0135219	PSG0046571	merged
PSG0137568	PSG0121716	merged
PSG0046590	PSG0158606	split
PSG0125941	PSG0046620	merged
PSG0133969	PSG0046626	merged
PSG0104934	PSG0046633	merged
PSG0104935	PSG0046634	merged
PSG0104936	PSG0046635	merged
PSG0130449	PSG0046635	merged
PSG0104937	PSG0046636	merged
PSG0145345	PSG0046677	merged
PSG0046699	PSG0158632	split
PSG0046704	PSG0158633	split
PSG0118166	PSG0158635	split
PSG0137585	PSG0046725	merged
PSG0046730	PSG0158637	split
PSG0118165	PSG0158642	split
PSG0147295	PSG0046807	merged
PSG0131912	PSG0046849	merged
PSG0131911	PSG0046873	merged
PSG0137270	PSG0046946	merged
PSG0137268	PSG0046955	merged
PSG0130768	PSG0046972	merged
PSG0130762	PSG0046990	merged
PSG0046990	PSG0158684	split
PSG0130756	PSG0047019	merged
PSG0047022	PSG0158689	split
PSG0130754	PSG0047025	merged
PSG0130751	PSG0047035	merged
PSG0146254	PSG0047058	merged
PSG0130741	PSG0047062	merged
PSG0130734	PSG0047125	merged
PSG0130732	PSG0047142	merged
PSG0130724	PSG0047165	merged
PSG0130722	PSG0047170	merged
PSG0130721	PSG0047176	merged
PSG0130716	PSG0047183	merged
PSG0130678	PSG0047191	merged
PSG0130715	PSG0047191	merged
PSG0130714	PSG0158727	split
PSG0130699	PSG0047254	merged
PSG0138018	PSG0047260	merged
PSG0130696	PSG0047262	merged
PSG0047282	PSG0158757	split
PSG0047304	PSG0158761	split
PSG0124815	PSG0047317	merged
PSG0134558	PSG0047317	merged
PSG0047391	PSG0158772	split
PSG0047399	PSG0158776	split
PSG0139515	PSG0047409	merged
PSG0139517	PSG0047414	merged
PSG0139518	PSG0047415	merged
PSG0139520	PSG0047439	merged
PSG0139522	PSG0047503	merged
PSG0104707	PSG0047525	merged
PSG0047545	PSG0047543	merged
PSG0047546	PSG0047544	merged
PSG0139523	PSG0047544	merged
PSG0139524	PSG0047544	merged
PSG0144635	PSG0047556	merged
PSG0125246	PSG0047581	merged
PSG0143568	PSG0047584	merged
PSG0144637	PSG0047620	merged
PSG0139528	PSG0047624	merged
PSG0120824	PSG0158830	split
PSG0120824	PSG0158831	split
PSG0120821	PSG0047658	merged
PSG0140018	PSG0047669	merged
PSG0149192	PSG0047682	merged
PSG0140017	PSG0047683	merged
PSG0143094	PSG0143093	merged
PSG0143095	PSG0105855	merged
PSG0143096	PSG0105855	merged
PSG0146663	PSG0105855	merged
PSG0136605	PSG0047723	merged
PSG0146662	PSG0047734	merged
PSG0136610	PSG0047762	merged
PSG0124546	PSG0047768	merged
PSG0146660	PSG0047776	merged
PSG0136611	PSG0047831	merged
PSG0047838	PSG0047837	merged
PSG0047878	PSG0158872	split
PSG0047887	PSG0158875	split
PSG0136613	PSG0047889	merged
PSG0118496	PSG0047925	merged
PSG0118495	PSG0047928	merged
PSG0136616	PSG0047935	merged
PSG0134764	PSG0048003	merged
PSG0134761	PSG0048008	merged
PSG0130023	PSG0048039	merged
PSG0146654	PSG0048044	merged
PSG0048052	PSG0158922	split
PSG0132592	PSG0048069	merged
PSG0134758	PSG0048069	merged
PSG0132949	PSG0048192	merged
PSG0132952	PSG0048208	merged
PSG0138952	PSG0048218	merged
PSG0121356	PSG0048228	merged
PSG0146936	PSG0158959	split
PSG0124763	PSG0048254	merged
PSG0146939	PSG0048259	merged
PSG0113311	PSG0048301	merged
PSG0126728	PSG0158989	split
PSG0146246	PSG0048358	merged
PSG0048394	PSG0048370	merged
PSG0135822	PSG0048381	merged
PSG0139065	PSG0048381	merged
PSG0135821	PSG0048386	merged
PSG0139064	PSG0048386	merged
PSG0135820	PSG0048389	merged
PSG0048392	PSG0048390	merged
PSG0146245	PSG0048390	merged
PSG0139063	PSG0048391	merged
PSG0048402	PSG0158998	split
PSG0048403	PSG0048402	merged
PSG0146973	PSG0048447	merged
PSG0125414	PSG0048513	merged
PSG0125427	PSG0048519	merged
PSG0133745	PSG0118441	merged
PSG0133744	PSG0118448	merged
PSG0140323	PSG0048586	merged
PSG0144404	PSG0048586	merged
PSG0113994	PSG0048606	merged
PSG0114001	PSG0159045	split
PSG0141647	PSG0122067	merged
PSG0126761	PSG0126760	merged
PSG0136732	PSG0159062	split
PSG0136736	PSG0048669	merged
PSG0136737	PSG0048670	merged
PSG0120825	PSG0048672	merged
PSG0136739	PSG0048675	merged
PSG0136746	PSG0048707	merged
PSG0048741	PSG0159078	split
PSG0145544	PSG0048743	merged
PSG0133899	PSG0048868	merged
PSG0048872	PSG0048871	merged
PSG0105126	PSG0048908	merged
PSG0113587	PSG0048908	merged
PSG0132249	PSG0048910	merged
PSG0133470	PSG0048910	merged
PSG0146568	PSG0113588	merged
PSG0133472	PSG0048929	merged
PSG0133475	PSG0048946	merged
PSG0048970	PSG0159123	split
PSG0137302	PSG0049002	merged
PSG0137301	PSG0049019	merged
PSG0143551	PSG0049048	merged
PSG0148740	PSG0049056	merged
PSG0143553	PSG0049064	merged
PSG0061663	PSG0049087	merged
PSG0115646	PSG0049087	merged
PSG0145238	PSG0115635	merged
PSG0147468	PSG0115635	merged
PSG0049123	PSG0159163	split
PSG0135060	PSG0049147	merged
PSG0135061	PSG0049157	merged
PSG0124962	PSG0049194	merged
PSG0132088	PSG0049200	merged
PSG0135842	PSG0049200	merged
PSG0132089	PSG0049204	merged
PSG0135843	PSG0049204	merged
PSG0118640	PSG0049207	merged
PSG0049217	PSG0159185	split
PSG0148785	PSG0116582	merged
PSG0149010	PSG0116582	merged
PSG0049303	PSG0159198	split
PSG0141745	PSG0049305	merged
PSG0104422	PSG0049313	merged
PSG0049313	PSG0159201	split
PSG0141743	PSG0116573	merged
PSG0141736	PSG0049354	merged
PSG0049362	PSG0049361	merged
PSG0141735	PSG0049380	merged
PSG0049382	PSG0159213	split
PSG0138969	PSG0049400	merged
PSG0141727	PSG0049461	merged
PSG0141718	PSG0049543	merged
PSG0111447	PSG0049636	merged
PSG0115373	PSG0049636	merged
PSG0139403	PSG0159260	split
PSG0049663	PSG0159265	split
PSG0049676	PSG0159267	split
PSG0139399	PSG0049699	merged
PSG0139400	PSG0049699	merged
PSG0049721	PSG0159276	split
PSG0139391	PSG0049751	merged
PSG0049795	PSG0159291	split
PSG0116755	PSG0049906	merged
PSG0049968	PSG0049967	merged
PSG0049982	PSG0159318	split
PSG0136053	PSG0050002	merged
PSG0136054	PSG0050006	merged
PSG0136055	PSG0050027	merged
PSG0142751	PSG0050027	merged
PSG0142750	PSG0050028	merged
PSG0131961	PSG0050051	merged
PSG0135891	PSG0050073	merged
PSG0142036	PSG0050073	merged
PSG0135890	PSG0118236	merged
PSG0137988	PSG0118236	merged
PSG0135889	PSG0118233	merged
PSG0137987	PSG0118233	merged
PSG0135887	PSG0050087	merged
PSG0137986	PSG0050087	merged
PSG0137985	PSG0050094	merged
PSG0147912	PSG0115544	merged
PSG0134665	PSG0050150	merged
PSG0134666	PSG0050150	merged
PSG0147909	PSG0115540	merged
PSG0147907	PSG0050220	merged
PSG0134668	PSG0115529	merged
PSG0145224	PSG0127606	merged
PSG0145225	PSG0050249	merged
PSG0089216	PSG0050287	merged
PSG0141189	PSG0050314	merged
PSG0141079	PSG0050348	merged
PSG0141640	PSG0050349	merged
PSG0134408	PSG0134407	merged
PSG0134409	PSG0134407	merged
PSG0126588	PSG0125862	merged
PSG0134404	PSG0050367	merged
PSG0134403	PSG0050372	merged
PSG0134406	PSG0050372	merged
PSG0050374	PSG0050373	merged
PSG0142884	PSG0050390	merged
PSG0148976	PSG0050390	merged
PSG0142885	PSG0050398	merged
PSG0140923	PSG0123974	merged
PSG0140924	PSG0050434	merged
PSG0140926	PSG0050457	merged
PSG0140928	PSG0050457	merged
PSG0050509	PSG0159416	split
PSG0130976	PSG0050542	merged
PSG0050560	PSG0050559	merged
PSG0050646	PSG0159434	split
PSG0076824	PSG0050695	merged
PSG0050738	PSG0159449	split
PSG0130965	PSG0050755	merged
PSG0141432	PSG0050755	merged
PSG0147704	PSG0130963	merged
PSG0141433	PSG0050766	merged
PSG0130962	PSG0050767	merged
PSG0050797	PSG0050796	merged
PSG0141436	PSG0050796	merged
PSG0147706	PSG0050804	merged
PSG0149182	PSG0050842	merged
PSG0050890	PSG0159472	split
PSG0134961	PSG0050963	merged
PSG0050986	PSG0159480	split
PSG0138766	PSG0050995	merged
PSG0141658	PSG0050995	merged
PSG0138768	PSG0051006	merged
PSG0141659	PSG0051006	merged
PSG0051007	PSG0159484	split
PSG0144310	PSG0051019	merged
PSG0136563	PSG0051023	merged
PSG0051063	PSG0159503	split
PSG0051073	PSG0051072	merged
PSG0051095	PSG0159509	split
PSG0125382	PSG0124945	merged
PSG0126693	PSG0051115	merged
PSG0148300	PSG0051123	merged
PSG0051145	PSG0159520	split
PSG0124931	PSG0051147	merged
PSG0129541	PSG0051149	merged
PSG0129540	PSG0051151	merged
PSG0051151	PSG0159521	split
PSG0129540	PSG0159521	split
PSG0124976	PSG0051155	merged
PSG0129539	PSG0051156	merged
PSG0149140	PSG0051166	merged
PSG0084988	PSG0051174	merged
PSG0084989	PSG0051174	merged
PSG0137311	PSG0159531	split
PSG0142349	PSG0051201	merged
PSG0051204	PSG0159534	split
PSG0051247	PSG0159538	split
PSG0051288	PSG0159546	split
PSG0116144	PSG0051309	merged
PSG0088979	PSG0051318	merged
PSG0116147	PSG0051318	merged
PSG0126282	PSG0107374	merged
PSG0141764	PSG0051352	merged
PSG0125376	PSG0159561	split
PSG0134692	PSG0051364	merged
PSG0141761	PSG0051364	merged
PSG0051422	PSG0159576	split
PSG0134688	PSG0051440	merged
PSG0131517	PSG0051450	merged
PSG0148691	PSG0051450	merged
PSG0148688	PSG0051474	merged
PSG0122657	PSG0051478	merged
PSG0131515	PSG0051479	merged
PSG0097983	PSG0051508	merged
PSG0124887	PSG0051508	merged
PSG0146351	PSG0051563	merged
PSG0128298	PSG0159614	split
PSG0145357	PSG0051661	merged
PSG0145356	PSG0051672	merged
PSG0145352	PSG0051697	merged
PSG0051712	PSG0159639	split
PSG0051743	PSG0051742	merged
PSG0051798	PSG0051790	merged
PSG0135802	PSG0051790	merged
PSG0135798	PSG0051791	merged
PSG0139579	PSG0051827	merged
PSG0139579	PSG0159657	split
PSG0051854	PSG0159663	split
PSG0051877	PSG0159671	split
PSG0125326	PSG0051892	merged
PSG0149206	PSG0051892	merged
PSG0063864	PSG0051910	merged
PSG0131033	PSG0051925	merged
PSG0124182	PSG0051943	merged
PSG0148601	PSG0051949	merged
PSG0134013	PSG0051967	merged
PSG0138899	PSG0051967	merged
PSG0134012	PSG0051969	merged
PSG0138898	PSG0051969	merged
PSG0120439	PSG0051974	merged
PSG0138897	PSG0051987	merged
PSG0130225	PSG0099798	merged
PSG0056911	PSG0052027	merged
PSG0147929	PSG0052050	merged
PSG0135670	PSG0119532	merged
PSG0119336	PSG0159710	split
PSG0145111	PSG0052092	merged
PSG0115312	PSG0052141	merged
PSG0115310	PSG0159722	split
PSG0144777	PSG0052189	merged
PSG0052245	PSG0159738	split
PSG0129722	PSG0052261	merged
PSG0052275	PSG0159748	split
PSG0136440	PSG0052288	merged
PSG0076292	PSG0052291	merged
PSG0146797	PSG0052318	merged
PSG0146795	PSG0052337	merged
PSG0146793	PSG0052368	merged
PSG0052395	PSG0159785	split
PSG0133155	PSG0052402	merged
PSG0133157	PSG0052441	merged
PSG0133158	PSG0052456	merged
PSG0133160	PSG0052459	merged
PSG0146790	PSG0052465	merged
PSG0119510	PSG0119509	merged
PSG0052522	PSG0159814	split
PSG0133169	PSG0052547	merged
PSG0133170	PSG0052547	merged
PSG0052615	PSG0159828	split
PSG0119514	PSG0052627	merged
PSG0131500	PSG0052627	merged
PSG0052710	PSG0052709	merged
PSG0140048	PSG0055719	merged
PSG0140049	PSG0134439	merged
PSG0140050	PSG0052747	merged
PSG0134437	PSG0052759	merged
PSG0052772	PSG0159857	split
PSG0143145	PSG0052774	merged
PSG0126741	PSG0052807	merged
PSG0133844	PSG0052872	merged
PSG0142324	PSG0052872	merged
PSG0133845	PSG0052873	merged
PSG0142325	PSG0052873	merged
PSG0098038	PSG0052916	merged
PSG0098036	PSG0052917	merged
PSG0098035	PSG0052918	merged
PSG0052918	PSG0159897	split
PSG0098035	PSG0159897	split
PSG0142330	PSG0114747	merged
PSG0142035	PSG0114743	merged
PSG0142331	PSG0114743	merged
PSG0142972	PSG0052934	merged
PSG0132563	PSG0053000	merged
PSG0053018	PSG0053017	merged
PSG0146551	PSG0053140	merged
PSG0053158	PSG0053157	merged
PSG0136422	PSG0053160	merged
PSG0141668	PSG0053160	merged
PSG0136423	PSG0053176	merged
PSG0141669	PSG0053176	merged
PSG0053179	PSG0053178	merged
PSG0144756	PSG0053182	merged
PSG0053202	PSG0159967	split
PSG0136432	PSG0053286	merged
PSG0144762	PSG0129673	merged
PSG0144767	PSG0053324	merged
PSG0053338	PSG0159995	split
PSG0053353	PSG0053352	merged
PSG0133906	PSG0053377	merged
PSG0141793	PSG0053377	merged
PSG0133905	PSG0053378	merged
PSG0141794	PSG0053378	merged
PSG0134862	PSG0053404	merged
PSG0145965	PSG0053419	merged
PSG0053455	PSG0053454	merged
PSG0053490	PSG0160027	split
PSG0130551	PSG0053512	merged
PSG0134868	PSG0053515	merged
PSG0147267	PSG0053520	merged
PSG0145971	PSG0134869	merged
PSG0134870	PSG0053539	merged
PSG0135905	PSG0053584	merged
PSG0053603	PSG0053597	merged
PSG0135904	PSG0053602	merged
PSG0053614	PSG0160059	split
PSG0053627	PSG0160064	split
PSG0053692	PSG0160077	split
PSG0148952	PSG0053696	merged
PSG0149013	PSG0053696	merged
PSG0148951	PSG0053699	merged
PSG0149014	PSG0053699	merged
PSG0148950	PSG0053702	merged
PSG0149015	PSG0053702	merged
PSG0148949	PSG0053703	merged
PSG0149016	PSG0053703	merged
PSG0148948	PSG0053704	merged
PSG0148777	PSG0053722	merged
PSG0149017	PSG0053722	merged
PSG0131894	PSG0053741	merged
PSG0137135	PSG0053741	merged
PSG0053746	PSG0053745	merged
PSG0148776	PSG0053748	merged
PSG0149018	PSG0053748	merged
PSG0148775	PSG0053752	merged
PSG0149019	PSG0053752	merged
PSG0148774	PSG0053765	merged
PSG0149020	PSG0053765	merged
PSG0148773	PSG0053773	merged
PSG0149021	PSG0053773	merged
PSG0148772	PSG0117450	merged
PSG0149022	PSG0117450	merged
PSG0149023	PSG0117453	merged
PSG0141858	PSG0053793	merged
PSG0141024	PSG0053804	merged
PSG0141023	PSG0053830	merged
PSG0148155	PSG0053851	merged
PSG0141021	PSG0053854	merged
PSG0141018	PSG0053869	merged
PSG0143969	PSG0053879	merged
PSG0139208	PSG0053896	merged
PSG0053896	PSG0160129	split
PSG0139208	PSG0160129	split
PSG0146333	PSG0053908	merged
PSG0142021	PSG0053930	merged
PSG0142020	PSG0053932	merged
PSG0146336	PSG0053953	merged
PSG0132432	PSG0054019	merged
PSG0132287	PSG0118024	merged
PSG0148833	PSG0054063	merged
PSG0134631	PSG0054089	merged
PSG0125180	PSG0054097	merged
PSG0054101	PSG0160171	split
PSG0134622	PSG0054149	merged
PSG0132741	PSG0054155	merged
PSG0132742	PSG0054161	merged
PSG0134620	PSG0054161	merged
PSG0132743	PSG0054168	merged
PSG0134619	PSG0054168	merged
PSG0132744	PSG0054173	merged
PSG0132745	PSG0054176	merged
PSG0134618	PSG0054176	merged
PSG0132746	PSG0054179	merged
PSG0134617	PSG0054179	merged
PSG0132747	PSG0054181	merged
PSG0134616	PSG0054181	merged
PSG0118929	PSG0054182	merged
PSG0132748	PSG0054182	merged
PSG0132749	PSG0054184	merged
PSG0134615	PSG0054184	merged
PSG0054198	PSG0160193	split
PSG0134613	PSG0054199	merged
PSG0131509	PSG0054241	merged
PSG0087169	PSG0054246	merged
PSG0144951	PSG0138922	merged
PSG0140701	PSG0054347	merged
PSG0140699	PSG0054362	merged
PSG0140698	PSG0054366	merged
PSG0137468	PSG0054379	merged
PSG0146237	PSG0119049	merged
PSG0054449	PSG0160233	split
PSG0131726	PSG0129260	merged
PSG0054594	PSG0160262	split
PSG0143038	PSG0054602	merged
PSG0054612	PSG0160266	split
PSG0054625	PSG0160268	split
PSG0131506	PSG0054645	merged
PSG0054648	PSG0160274	split
PSG0140874	PSG0054733	merged
PSG0054771	PSG0160298	split
PSG0137607	PSG0054799	merged
PSG0132350	PSG0124394	merged
PSG0140348	PSG0124394	merged
PSG0132349	PSG0124395	merged
PSG0132348	PSG0124397	merged
PSG0140347	PSG0124397	merged
PSG0132346	PSG0124399	merged
PSG0140346	PSG0124399	merged
PSG0132345	PSG0124400	merged
PSG0140345	PSG0124400	merged
PSG0132344	PSG0054812	merged
PSG0140344	PSG0054812	merged
PSG0054840	PSG0160321	split
PSG0140343	PSG0054871	merged
PSG0135721	PSG0116675	merged
PSG0135028	PSG0054893	merged
PSG0135029	PSG0054895	merged
PSG0054895	PSG0160333	split
PSG0135030	PSG0054908	merged
PSG0135031	PSG0054915	merged
PSG0135032	PSG0054944	merged
PSG0115669	PSG0054967	merged
PSG0146062	PSG0055010	merged
PSG0055025	PSG0055024	merged
PSG0139250	PSG0055054	merged
PSG0115035	PSG0062869	merged
PSG0115031	PSG0055071	merged
PSG0145454	PSG0160366	split
PSG0055080	PSG0160367	split
PSG0136284	PSG0055104	merged
PSG0132816	PSG0117632	merged
PSG0117618	PSG0055158	merged
PSG0138654	PSG0125005	merged
PSG0130341	PSG0130340	merged
PSG0133111	PSG0055260	merged
PSG0127973	PSG0055262	merged
PSG0148408	PSG0138651	merged
PSG0112097	PSG0055287	merged
PSG0133112	PSG0055300	merged
PSG0138648	PSG0055300	merged
PSG0131918	PSG0055317	merged
PSG0055344	PSG0055343	merged
PSG0136195	PSG0055351	merged
PSG0137810	PSG0055351	merged
PSG0136194	PSG0055354	merged
PSG0137811	PSG0055354	merged
PSG0125144	PSG0055378	merged
PSG0055394	PSG0055393	merged
PSG0147605	PSG0055396	merged
PSG0131080	PSG0055404	merged
PSG0147608	PSG0055410	merged
PSG0132630	PSG0055463	merged
PSG0131952	PSG0055550	merged
PSG0055569	PSG0160451	split
PSG0122610	PSG0122609	merged
PSG0132364	PSG0122615	merged
PSG0132758	PSG0122615	merged
PSG0132365	PSG0122617	merged
PSG0132759	PSG0122617	merged
PSG0132762	PSG0055667	merged
PSG0141295	PSG0055667	merged
PSG0141292	PSG0055678	merged
PSG0132764	PSG0055682	merged
PSG0132765	PSG0055685	merged
PSG0141291	PSG0055685	merged
PSG0055686	PSG0160476	split
PSG0055716	PSG0160480	split
PSG0055768	PSG0055767	merged
PSG0139754	PSG0055777	merged
PSG0137714	PSG0055786	merged
PSG0137718	PSG0055812	merged
PSG0133460	PSG0055825	merged
PSG0137722	PSG0055844	merged
PSG0079710	PSG0055875	merged
PSG0123076	PSG0123075	merged
PSG0111592	PSG0055885	merged
PSG0133697	PSG0055935	merged
PSG0055936	PSG0160521	split
PSG0055960	PSG0055959	merged
PSG0133694	PSG0055972	merged
PSG0104000	PSG0055989	merged
PSG0136044	PSG0056006	merged
PSG0115359	PSG0056012	merged
PSG0056037	PSG0160539	split
PSG0139349	PSG0128740	merged
PSG0122749	PSG0160540	split
PSG0140069	PSG0056083	merged
PSG0135402	PSG0127359	merged
PSG0135403	PSG0127361	merged
PSG0135405	PSG0056108	merged
PSG0145375	PSG0127363	merged
PSG0056149	PSG0056148	merged
PSG0126420	PSG0056197	merged
PSG0133129	PSG0124891	merged
PSG0141876	PSG0056244	merged
PSG0141875	PSG0056248	merged
PSG0126961	PSG0056275	merged
PSG0146608	PSG0056352	merged
PSG0056417	PSG0160618	split
PSG0141193	PSG0056433	merged
PSG0056440	PSG0160623	split
PSG0149208	PSG0056462	merged
PSG0143977	PSG0056469	merged
PSG0136547	PSG0056480	merged
PSG0136548	PSG0056481	merged
PSG0136549	PSG0056483	merged
PSG0147894	PSG0056489	merged
PSG0056530	PSG0160637	split
PSG0056545	PSG0056544	merged
PSG0143875	PSG0056547	merged
PSG0056554	PSG0056553	merged
PSG0110739	PSG0056556	merged
PSG0137059	PSG0116184	merged
PSG0117040	PSG0160650	split
PSG0136187	PSG0117035	merged
PSG0117030	PSG0160654	split
PSG0136188	PSG0117028	merged
PSG0056621	PSG0160667	split
PSG0139608	PSG0056629	merged
PSG0056638	PSG0160670	split
PSG0056682	PSG0056681	merged
PSG0133235	PSG0056787	merged
PSG0135955	PSG0056787	merged
PSG0124521	PSG0160709	split
PSG0126031	PSG0160720	split
PSG0056825	PSG0160723	split
PSG0056843	PSG0160729	split
PSG0056844	PSG0160730	split
PSG0056844	PSG0160731	split
PSG0135577	PSG0056870	merged
PSG0146239	PSG0056871	merged
PSG0143467	PSG0056912	merged
PSG0114835	PSG0057036	merged
PSG0148207	PSG0057044	merged
PSG0130404	PSG0057082	merged
PSG0130402	PSG0057085	merged
PSG0141061	PSG0057088	merged
PSG0134553	PSG0057130	merged
PSG0057131	PSG0160774	split
PSG0148215	PSG0057137	merged
PSG0148216	PSG0057149	merged
PSG0145000	PSG0057213	merged
PSG0057220	PSG0160784	split
PSG0145001	PSG0141217	merged
PSG0131419	PSG0057288	merged
PSG0057308	PSG0057307	merged
PSG0057320	PSG0160803	split
PSG0130512	PSG0057340	merged
PSG0145008	PSG0057366	merged
PSG0131415	PSG0057376	merged
PSG0139279	PSG0057452	merged
PSG0057462	PSG0160839	split
PSG0057464	PSG0057463	merged
PSG0148113	PSG0057485	merged
PSG0057487	PSG0160845	split
PSG0139770	PSG0057492	merged
PSG0123212	PSG0057507	merged
PSG0085596	PSG0057518	merged
PSG0123156	PSG0057518	merged
PSG0125314	PSG0057557	merged
PSG0131331	PSG0057598	merged
PSG0137313	PSG0057598	merged
PSG0057627	PSG0160868	split
PSG0131329	PSG0057643	merged
PSG0131325	PSG0057656	merged
PSG0111567	PSG0057676	merged
PSG0057685	PSG0057684	merged
PSG0057747	PSG0160887	split
PSG0086783	PSG0057747	merged
PSG0133890	PSG0116490	merged
PSG0133888	PSG0116499	merged
PSG0143603	PSG0116499	merged
PSG0143602	PSG0116500	merged
PSG0133886	PSG0116503	merged
PSG0143601	PSG0116503	merged
PSG0079727	PSG0057781	merged
PSG0138851	PSG0057783	merged
PSG0138853	PSG0057783	merged
PSG0138852	PSG0057784	merged
PSG0057786	PSG0057785	merged
PSG0057795	PSG0057793	merged
PSG0138850	PSG0057793	merged
PSG0057817	PSG0057816	merged
PSG0057818	PSG0057816	merged
PSG0146904	PSG0057816	merged
PSG0132668	PSG0057826	merged
PSG0057827	PSG0160898	split
PSG0132672	PSG0057832	merged
PSG0057835	PSG0057834	merged
PSG0132678	PSG0057857	merged
PSG0141343	PSG0057879	merged
PSG0057909	PSG0160911	split
PSG0141349	PSG0057925	merged
PSG0078755	PSG0057930	merged
PSG0078754	PSG0057932	merged
PSG0130946	PSG0130306	merged
PSG0144583	PSG0119980	merged
PSG0105793	PSG0057944	merged
PSG0119971	PSG0057944	merged
PSG0057954	PSG0160932	split
PSG0147648	PSG0125147	merged
PSG0138098	PSG0057983	merged
PSG0057988	PSG0160941	split
PSG0138096	PSG0058005	merged
PSG0138092	PSG0058056	merged
PSG0060769	PSG0058070	merged
PSG0118769	PSG0058070	merged
PSG0146216	PSG0125895	merged
PSG0131717	PSG0058182	merged
PSG0131718	PSG0058187	merged
PSG0058206	PSG0160983	split
PSG0132698	PSG0058340	merged
PSG0146069	PSG0058340	merged
PSG0146677	PSG0058362	merged
PSG0132692	PSG0058395	merged
PSG0146981	PSG0058424	merged
PSG0134328	PSG0058444	merged
PSG0134329	PSG0058446	merged
PSG0058451	PSG0161047	split
PSG0146984	PSG0058465	merged
PSG0134332	PSG0058474	merged
PSG0058474	PSG0161052	split
PSG0134332	PSG0161052	split
PSG0134335	PSG0058502	merged
PSG0087075	PSG0058509	merged
PSG0135527	PSG0058557	merged
PSG0135530	PSG0058597	merged
PSG0058607	PSG0058606	merged
PSG0142705	PSG0058677	merged
PSG0147013	PSG0127517	merged
PSG0058734	PSG0161107	split
PSG0145451	PSG0058750	merged
PSG0112470	PSG0058781	merged
PSG0145929	PSG0124930	merged
PSG0129867	PSG0058842	merged
PSG0058847	PSG0161129	split
PSG0058851	PSG0058850	merged
PSG0126297	PSG0058853	merged
PSG0058860	PSG0058858	merged
PSG0058861	PSG0058858	merged
PSG0058862	PSG0058858	merged
PSG0139082	PSG0058858	merged
PSG0139083	PSG0058858	merged
PSG0145648	PSG0136584	merged
PSG0146940	PSG0058875	merged
PSG0145829	PSG0058883	merged
PSG0058916	PSG0161150	split
PSG0145832	PSG0122965	merged
PSG0145836	PSG0058996	merged
PSG0136138	PSG0122932	merged
PSG0137220	PSG0059016	merged
PSG0125403	PSG0059034	merged
PSG0137279	PSG0059096	merged
PSG0144753	PSG0129630	merged
PSG0059219	PSG0161206	split
PSG0137469	PSG0059222	merged
PSG0144751	PSG0059222	merged
PSG0133815	PSG0059246	merged
PSG0131955	PSG0059285	merged
PSG0146480	PSG0059293	merged
PSG0138573	PSG0059322	merged
PSG0138576	PSG0059331	merged
PSG0138578	PSG0059338	merged
PSG0138579	PSG0114978	merged
PSG0138580	PSG0125199	merged
PSG0114976	PSG0161232	split
PSG0138582	PSG0161234	split
PSG0138586	PSG0059363	merged
PSG0147361	PSG0059415	merged
PSG0059430	PSG0059428	merged
PSG0147363	PSG0059428	merged
PSG0059440	PSG0059429	merged
PSG0135810	PSG0059429	merged
PSG0059434	PSG0059432	merged
PSG0059436	PSG0059432	merged
PSG0126123	PSG0059432	merged
PSG0132740	PSG0059432	merged
PSG0147364	PSG0059432	merged
PSG0059435	PSG0059433	merged
PSG0059437	PSG0059433	merged
PSG0135812	PSG0059433	merged
PSG0059456	PSG0059454	merged
PSG0059489	PSG0161260	split
PSG0133798	PSG0059587	merged
PSG0140186	PSG0059614	merged
PSG0143199	PSG0059614	merged
PSG0140187	PSG0059615	merged
PSG0140188	PSG0140185	merged
PSG0077498	PSG0059628	merged
PSG0077499	PSG0059628	merged
PSG0077504	PSG0059628	merged
PSG0077513	PSG0059628	merged
PSG0111046	PSG0059628	merged
PSG0124416	PSG0059628	merged
PSG0126110	PSG0059628	merged
PSG0148945	PSG0059628	merged
PSG0125029	PSG0059635	merged
PSG0125412	PSG0059635	merged
PSG0124911	PSG0059637	merged
PSG0143194	PSG0059639	merged
PSG0148328	PSG0143191	merged
PSG0142394	PSG0142393	merged
PSG0130920	PSG0130458	merged
PSG0124230	PSG0059690	merged
PSG0059713	PSG0161312	split
PSG0140502	PSG0059729	merged
PSG0059745	PSG0161318	split
PSG0059772	PSG0161325	split
PSG0140503	PSG0059776	merged
PSG0143629	PSG0059776	merged
PSG0135856	PSG0059837	merged
PSG0147004	PSG0121279	merged
PSG0059854	PSG0161339	split
PSG0059857	PSG0059856	merged
PSG0147008	PSG0121264	merged
PSG0091904	PSG0059960	merged
PSG0136031	PSG0060099	merged
PSG0136032	PSG0060100	merged
PSG0137524	PSG0113398	merged
PSG0060168	PSG0060167	merged
PSG0134295	PSG0060187	merged
PSG0060262	PSG0161415	split
PSG0137263	PSG0060266	merged
PSG0137264	PSG0060267	merged
PSG0145739	PSG0060281	merged
PSG0087455	PSG0060285	merged
PSG0118373	PSG0060285	merged
PSG0137887	PSG0060302	merged
PSG0080544	PSG0060309	merged
PSG0118350	PSG0060309	merged
PSG0131296	PSG0121002	merged
PSG0108938	PSG0060404	merged
PSG0143622	PSG0060451	merged
PSG0147030	PSG0060475	merged
PSG0143627	PSG0060483	merged
PSG0060494	PSG0161472	split
PSG0060516	PSG0060515	merged
PSG0147026	PSG0060518	merged
PSG0134810	PSG0060535	merged
PSG0103425	PSG0060558	merged
PSG0144420	PSG0060565	merged
PSG0060577	PSG0161486	split
PSG0134806	PSG0060578	merged
PSG0098734	PSG0060587	merged
PSG0146776	PSG0060596	merged
PSG0146775	PSG0060599	merged
PSG0146773	PSG0060625	merged
PSG0060648	PSG0161505	split
PSG0060706	PSG0161519	split
PSG0138728	PSG0129946	merged
PSG0138733	PSG0060727	merged
PSG0060802	PSG0161539	split
PSG0060814	PSG0161541	split
PSG0132415	PSG0060815	merged
PSG0147633	PSG0128666	merged
PSG0135068	PSG0060877	merged
PSG0135073	PSG0060910	merged
PSG0142225	PSG0060910	merged
PSG0142226	PSG0060918	merged
PSG0135074	PSG0060928	merged
PSG0142227	PSG0060928	merged
PSG0135081	PSG0060947	merged
PSG0136057	PSG0135085	merged
PSG0149091	PSG0135085	merged
PSG0106019	PSG0060959	merged
PSG0147473	PSG0060959	merged
PSG0148024	PSG0060959	merged
PSG0130426	PSG0060960	merged
PSG0136058	PSG0060962	merged
PSG0145141	PSG0061011	merged
PSG0142256	PSG0061019	merged
PSG0048119	PSG0161584	split
PSG0061057	PSG0061056	merged
PSG0138612	PSG0114915	merged
PSG0114912	PSG0114911	merged
PSG0133921	PSG0061110	merged
PSG0133920	PSG0061132	merged
PSG0133146	PSG0124847	merged
PSG0061202	PSG0161617	split
PSG0138041	PSG0061238	merged
PSG0138043	PSG0061262	merged
PSG0138047	PSG0120375	merged
PSG0102375	PSG0061271	merged
PSG0137835	PSG0061272	merged
PSG0137421	PSG0061284	merged
PSG0148484	PSG0061329	merged
PSG0125348	PSG0061332	merged
PSG0132829	PSG0117599	merged
PSG0142458	PSG0117599	merged
PSG0142457	PSG0117598	merged
PSG0061336	PSG0161646	split
PSG0131798	PSG0061338	merged
PSG0132832	PSG0061338	merged
PSG0131799	PSG0061339	merged
PSG0132833	PSG0061339	merged
PSG0131800	PSG0061340	merged
PSG0132834	PSG0061340	merged
PSG0131802	PSG0061342	merged
PSG0132837	PSG0061342	merged
PSG0117597	PSG0061347	merged
PSG0131803	PSG0061348	merged
PSG0132839	PSG0061348	merged
PSG0143550	PSG0061352	merged
PSG0061355	PSG0161649	split
PSG0129973	PSG0061358	merged
PSG0145734	PSG0061370	merged
PSG0120078	PSG0061408	merged
PSG0141249	PSG0061408	merged
PSG0141252	PSG0061408	merged
PSG0142554	PSG0061408	merged
PSG0141250	PSG0061409	merged
PSG0141253	PSG0061409	merged
PSG0140442	PSG0061476	merged
PSG0105431	PSG0061489	merged
PSG0145246	PSG0061489	merged
PSG0111980	PSG0061500	merged
PSG0144706	PSG0124246	merged
PSG0061600	PSG0161694	split
PSG0143872	PSG0061607	merged
PSG0144710	PSG0061619	merged
PSG0135047	PSG0061700	merged
PSG0138895	PSG0061810	merged
PSG0061883	PSG0061882	merged
PSG0145515	PSG0061885	merged
PSG0135710	PSG0061887	merged
PSG0061990	PSG0161776	split
PSG0061998	PSG0161780	split
PSG0062000	PSG0161782	split
PSG0148758	PSG0129086	merged
PSG0148863	PSG0129086	merged
PSG0136512	PSG0062075	merged
PSG0138371	PSG0062075	merged
PSG0136511	PSG0062076	merged
PSG0138372	PSG0062076	merged
PSG0136509	PSG0062110	merged
PSG0136508	PSG0129078	merged
PSG0062135	PSG0161817	split
PSG0135924	PSG0062193	merged
PSG0062824	PSG0062267	merged
PSG0072875	PSG0062267	merged
PSG0121520	PSG0161842	split
PSG0133133	PSG0062306	merged
PSG0062324	PSG0161856	split
PSG0062327	PSG0161857	split
PSG0142390	PSG0062336	merged
PSG0142589	PSG0062337	merged
PSG0139736	PSG0062348	merged
PSG0140901	PSG0062348	merged
PSG0147621	PSG0062348	merged
PSG0139735	PSG0062349	merged
PSG0139734	PSG0062354	merged
PSG0140900	PSG0062354	merged
PSG0140899	PSG0062365	merged
PSG0139730	PSG0062367	merged
PSG0140898	PSG0062367	merged
PSG0139727	PSG0062377	merged
PSG0062383	PSG0161871	split
PSG0062405	PSG0161875	split
PSG0138563	PSG0062438	merged
PSG0138558	PSG0062461	merged
PSG0138557	PSG0062463	merged
PSG0138556	PSG0062465	merged
PSG0062507	PSG0161894	split
PSG0140038	PSG0062513	merged
PSG0108453	PSG0062551	merged
PSG0108455	PSG0062552	merged
PSG0108456	PSG0062553	merged
PSG0113748	PSG0113747	merged
PSG0062622	PSG0161924	split
PSG0145853	PSG0062667	merged
PSG0145854	PSG0062681	merged
PSG0132920	PSG0062693	merged
PSG0145857	PSG0121110	merged
PSG0145860	PSG0062710	merged
PSG0146832	PSG0062759	merged
PSG0103214	PSG0062813	merged
PSG0062861	PSG0161969	split
PSG0142002	PSG0062871	merged
PSG0062877	PSG0062876	merged
PSG0148104	PSG0062914	merged
PSG0142766	PSG0062918	merged
PSG0133385	PSG0062960	merged
PSG0062981	PSG0062980	merged
PSG0133387	PSG0062989	merged
PSG0138754	PSG0122226	merged
PSG0142403	PSG0063055	merged
PSG0144819	PSG0127410	merged
PSG0125194	PSG0063121	merged
PSG0125956	PSG0063121	merged
PSG0142668	PSG0063125	merged
PSG0138316	PSG0063130	merged
PSG0142666	PSG0063130	merged
PSG0142665	PSG0063140	merged
PSG0138317	PSG0063142	merged
PSG0138318	PSG0063149	merged
PSG0142664	PSG0063149	merged
PSG0138319	PSG0063155	merged
PSG0138320	PSG0063156	merged
PSG0142663	PSG0063156	merged
PSG0144230	PSG0063156	merged
PSG0142662	PSG0063158	merged
PSG0138321	PSG0063161	merged
PSG0142661	PSG0063161	merged
PSG0138322	PSG0063167	merged
PSG0138323	PSG0063168	merged
PSG0144231	PSG0063169	merged
PSG0142658	PSG0063181	merged
PSG0130828	PSG0063266	merged
PSG0063299	PSG0162042	split
PSG0130817	PSG0063349	merged
PSG0130813	PSG0063385	merged
PSG0063408	PSG0063407	merged
PSG0132339	PSG0063427	merged
PSG0148624	PSG0063427	merged
PSG0148628	PSG0063454	merged
PSG0121389	PSG0063474	merged
PSG0148631	PSG0063537	merged
PSG0063552	PSG0162086	split
PSG0111568	PSG0063584	merged
PSG0124437	PSG0063584	merged
PSG0146511	PSG0063591	merged
PSG0063595	PSG0162095	split
PSG0124907	PSG0063630	merged
PSG0120332	PSG0063653	merged
PSG0063676	PSG0063675	merged
PSG0147969	PSG0130056	merged
PSG0063710	PSG0063708	merged
PSG0063711	PSG0063709	merged
PSG0146977	PSG0063709	merged
PSG0134504	PSG0063725	merged
PSG0131039	PSG0063795	merged
PSG0131038	PSG0063842	merged
PSG0131037	PSG0162144	split
PSG0131036	PSG0063845	merged
PSG0132351	PSG0063885	merged
PSG0124391	PSG0063891	merged
PSG0132352	PSG0063893	merged
PSG0140349	PSG0063893	merged
PSG0132353	PSG0063897	merged
PSG0140350	PSG0063897	merged
PSG0132354	PSG0063898	merged
PSG0140351	PSG0063898	merged
PSG0148616	PSG0063902	merged
PSG0132355	PSG0063904	merged
PSG0140352	PSG0063904	merged
PSG0063916	PSG0162155	split
PSG0119907	PSG0063926	merged
PSG0142445	PSG0063927	merged
PSG0135621	PSG0063931	merged
PSG0148726	PSG0063951	merged
PSG0142447	PSG0063954	merged
PSG0142450	PSG0063960	merged
PSG0135622	PSG0063962	merged
PSG0142451	PSG0063962	merged
PSG0063963	PSG0162168	split
PSG0142452	PSG0063974	merged
PSG0063989	PSG0162178	split
PSG0063992	PSG0162181	split
PSG0135630	PSG0064012	merged
PSG0125699	PSG0162191	split
PSG0064067	PSG0162203	split
PSG0064089	PSG0162209	split
PSG0148910	PSG0064096	merged
PSG0147872	PSG0064113	merged
PSG0142853	PSG0064136	merged
PSG0141533	PSG0064156	merged
PSG0141530	PSG0064195	merged
PSG0064218	PSG0162237	split
PSG0124411	PSG0162237	split
PSG0124411	PSG0064218	merged
PSG0132269	PSG0064246	merged
PSG0147869	PSG0064253	merged
PSG0132265	PSG0064275	merged
PSG0147867	PSG0064300	merged
PSG0064343	PSG0162257	split
PSG0064383	PSG0064382	merged
PSG0064391	PSG0162268	split
PSG0064394	PSG0162269	split
PSG0147861	PSG0064406	merged
PSG0132252	PSG0064425	merged
PSG0147860	PSG0119518	merged
PSG0142836	PSG0125037	merged
PSG0147858	PSG0064455	merged
PSG0142114	PSG0064458	merged
PSG0142116	PSG0064465	merged
PSG0146070	PSG0130454	merged
PSG0146071	PSG0064551	merged
PSG0146072	PSG0064569	merged
PSG0137825	PSG0064587	merged
PSG0137827	PSG0122454	merged
PSG0064616	PSG0064615	merged
PSG0144009	PSG0064626	merged
PSG0135663	PSG0064719	merged
PSG0148912	PSG0064782	merged
PSG0140209	PSG0064790	merged
PSG0143085	PSG0064790	merged
PSG0064795	PSG0162348	split
PSG0140210	PSG0064798	merged
PSG0140211	PSG0064799	merged
PSG0140212	PSG0064803	merged
PSG0064887	PSG0162364	split
PSG0145814	PSG0064887	merged
PSG0145813	PSG0131446	merged
PSG0149164	PSG0064950	merged
PSG0127674	PSG0065023	merged
PSG0065027	PSG0162389	split
PSG0139228	PSG0065049	merged
PSG0139228	PSG0162395	split
PSG0144014	PSG0065063	merged
PSG0148430	PSG0065079	merged
PSG0127688	PSG0162403	split
PSG0148432	PSG0127692	merged
PSG0065125	PSG0162408	split
PSG0148434	PSG0065126	merged
PSG0065126	PSG0162410	split
PSG0148434	PSG0162410	split
PSG0065144	PSG0162415	split
PSG0065269	PSG0162436	split
PSG0065270	PSG0162438	split
PSG0065270	PSG0162440	split
PSG0065286	PSG0065285	merged
PSG0065287	PSG0162443	split
PSG0141316	PSG0065332	merged
PSG0147408	PSG0065342	merged
PSG0065348	PSG0162456	split
PSG0065350	PSG0162457	split
PSG0139790	PSG0065362	merged
PSG0065392	PSG0162468	split
PSG0130956	PSG0120691	merged
PSG0139793	PSG0120691	merged
PSG0130955	PSG0120690	merged
PSG0139794	PSG0120690	merged
PSG0065491	PSG0065488	merged
PSG0144387	PSG0065504	merged
PSG0141627	PSG0065514	merged
PSG0147145	PSG0065540	merged
PSG0065553	PSG0065552	merged
PSG0147143	PSG0120880	merged
PSG0147142	PSG0120875	merged
PSG0135565	PSG0065598	merged
PSG0137853	PSG0065639	merged
PSG0143114	PSG0065654	merged
PSG0143112	PSG0065667	merged
PSG0143586	PSG0065667	merged
PSG0143899	PSG0065680	merged
PSG0093267	PSG0065687	merged
PSG0114220	PSG0065687	merged
PSG0134071	PSG0114213	merged
PSG0133912	PSG0065729	merged
PSG0144431	PSG0065772	merged
PSG0002459	PSG0162559	split
PSG0140493	PSG0129444	merged
PSG0091230	PSG0065833	merged
PSG0129453	PSG0065833	merged
PSG0146548	PSG0113526	merged
PSG0136569	PSG0065930	merged
PSG0094753	PSG0065959	merged
PSG0123280	PSG0065959	merged
PSG0065963	PSG0162593	split
PSG0146783	PSG0066013	merged
PSG0149111	PSG0066014	merged
PSG0108179	PSG0066043	merged
PSG0143132	PSG0066058	merged
PSG0134480	PSG0066075	merged
PSG0066103	PSG0162626	split
PSG0145423	PSG0066154	merged
PSG0139975	PSG0066195	merged
PSG0144660	PSG0066197	merged
PSG0144657	PSG0066228	merged
PSG0126271	PSG0066236	merged
PSG0130314	PSG0066239	merged
PSG0144656	PSG0066244	merged
PSG0066244	PSG0162662	split
PSG0144656	PSG0162662	split
PSG0066256	PSG0162667	split
PSG0103393	PSG0066258	merged
PSG0139986	PSG0066263	merged
PSG0139988	PSG0066273	merged
PSG0066273	PSG0162672	split
PSG0066288	PSG0162677	split
PSG0144653	PSG0066303	merged
PSG0066305	PSG0162682	split
PSG0144648	PSG0066335	merged
PSG0144646	PSG0066369	merged
PSG0066386	PSG0162701	split
PSG0070165	PSG0066400	merged
PSG0136821	PSG0066405	merged
PSG0136822	PSG0066406	merged
PSG0066407	PSG0162705	split
PSG0136823	PSG0066412	merged
PSG0136824	PSG0066413	merged
PSG0111143	PSG0066438	merged
PSG0136826	PSG0066462	merged
PSG0147062	PSG0066493	merged
PSG0136830	PSG0066531	merged
PSG0116338	PSG0162731	split
PSG0136837	PSG0116322	merged
PSG0142818	PSG0066608	merged
PSG0139702	PSG0066614	merged
PSG0148017	PSG0066632	merged
PSG0134563	PSG0066657	merged
PSG0066677	PSG0162778	split
PSG0136483	PSG0066679	merged
PSG0145704	PSG0066679	merged
PSG0136485	PSG0066684	merged
PSG0136486	PSG0066686	merged
PSG0136487	PSG0066688	merged
PSG0139130	PSG0066699	merged
PSG0140128	PSG0066699	merged
PSG0139129	PSG0124489	merged
PSG0140129	PSG0124489	merged
PSG0139128	PSG0124492	merged
PSG0140130	PSG0124492	merged
PSG0139126	PSG0124495	merged
PSG0140131	PSG0124495	merged
PSG0139125	PSG0124497	merged
PSG0139124	PSG0066702	merged
PSG0140133	PSG0066702	merged
PSG0139123	PSG0066705	merged
PSG0140136	PSG0066705	merged
PSG0140137	PSG0066709	merged
PSG0139122	PSG0066711	merged
PSG0140139	PSG0066711	merged
PSG0139121	PSG0066712	merged
PSG0140140	PSG0066712	merged
PSG0130447	PSG0066719	merged
PSG0139120	PSG0066720	merged
PSG0140141	PSG0066720	merged
PSG0139119	PSG0066721	merged
PSG0140142	PSG0066721	merged
PSG0139118	PSG0066726	merged
PSG0140144	PSG0066726	merged
PSG0139117	PSG0066727	merged
PSG0140145	PSG0066727	merged
PSG0139116	PSG0066737	merged
PSG0140147	PSG0139115	merged
PSG0139114	PSG0066739	merged
PSG0140148	PSG0066739	merged
PSG0139113	PSG0066741	merged
PSG0140152	PSG0130409	merged
PSG0139112	PSG0130410	merged
PSG0140154	PSG0130410	merged
PSG0139111	PSG0130412	merged
PSG0140155	PSG0130412	merged
PSG0139110	PSG0130413	merged
PSG0140156	PSG0130413	merged
PSG0087319	PSG0066746	merged
PSG0139109	PSG0066746	merged
PSG0140157	PSG0066746	merged
PSG0139108	PSG0130414	merged
PSG0140158	PSG0130414	merged
PSG0139106	PSG0119575	merged
PSG0139105	PSG0119576	merged
PSG0140161	PSG0119576	merged
PSG0139104	PSG0119578	merged
PSG0140162	PSG0119578	merged
PSG0139103	PSG0066748	merged
PSG0140163	PSG0066748	merged
PSG0139102	PSG0066749	merged
PSG0140164	PSG0066749	merged
PSG0139101	PSG0066752	merged
PSG0139100	PSG0066753	merged
PSG0140166	PSG0066753	merged
PSG0139099	PSG0066755	merged
PSG0140167	PSG0066755	merged
PSG0139098	PSG0066757	merged
PSG0140169	PSG0066757	merged
PSG0139097	PSG0066760	merged
PSG0140170	PSG0066760	merged
PSG0139096	PSG0066761	merged
PSG0140171	PSG0066761	merged
PSG0139095	PSG0066763	merged
PSG0140172	PSG0066763	merged
PSG0139094	PSG0066764	merged
PSG0140173	PSG0066764	merged
PSG0139093	PSG0066765	merged
PSG0140174	PSG0066765	merged
PSG0139092	PSG0119581	merged
PSG0139091	PSG0066770	merged
PSG0132791	PSG0066771	merged
PSG0140180	PSG0066771	merged
PSG0132790	PSG0066774	merged
PSG0140181	PSG0066774	merged
PSG0132789	PSG0066775	merged
PSG0140182	PSG0066775	merged
PSG0132788	PSG0066776	merged
PSG0140183	PSG0066776	merged
PSG0132787	PSG0066777	merged
PSG0140184	PSG0066777	merged
PSG0131594	PSG0066779	merged
PSG0132786	PSG0066779	merged
PSG0131595	PSG0066781	merged
PSG0132785	PSG0066781	merged
PSG0131596	PSG0066782	merged
PSG0132784	PSG0066782	merged
PSG0131597	PSG0066783	merged
PSG0132783	PSG0066783	merged
PSG0131598	PSG0066792	merged
PSG0141126	PSG0066792	merged
PSG0131599	PSG0066793	merged
PSG0141127	PSG0066793	merged
PSG0131600	PSG0066794	merged
PSG0141128	PSG0066794	merged
PSG0131601	PSG0066795	merged
PSG0141129	PSG0066795	merged
PSG0131603	PSG0066798	merged
PSG0141130	PSG0066799	merged
PSG0131604	PSG0066805	merged
PSG0141131	PSG0066805	merged
PSG0131606	PSG0066808	merged
PSG0141133	PSG0066808	merged
PSG0131607	PSG0066810	merged
PSG0141134	PSG0066810	merged
PSG0131608	PSG0066811	merged
PSG0141135	PSG0066811	merged
PSG0131609	PSG0066813	merged
PSG0131610	PSG0066815	merged
PSG0141137	PSG0066815	merged
PSG0139896	PSG0066865	merged
PSG0139899	PSG0066868	merged
PSG0066880	PSG0162819	split
PSG0139907	PSG0066922	merged
PSG0066932	PSG0162827	split
PSG0139910	PSG0066933	merged
PSG0149064	PSG0066952	merged
PSG0139917	PSG0066983	merged
PSG0066992	PSG0066991	merged
PSG0136417	PSG0118103	merged
PSG0134049	PSG0118108	merged
PSG0136418	PSG0118108	merged
PSG0134050	PSG0118110	merged
PSG0136419	PSG0118110	merged
PSG0124666	PSG0077936	merged
PSG0135983	PSG0077936	merged
PSG0135985	PSG0077936	merged
PSG0147017	PSG0077936	merged
PSG0135984	PSG0135982	merged
PSG0109577	PSG0067021	merged
PSG0124030	PSG0067021	merged
PSG0109576	PSG0067022	merged
PSG0112465	PSG0067026	merged
PSG0124190	PSG0067026	merged
PSG0067049	PSG0162861	split
PSG0142584	PSG0094292	merged
PSG0135972	PSG0094291	merged
PSG0135976	PSG0094291	merged
PSG0135977	PSG0094291	merged
PSG0135978	PSG0094291	merged
PSG0120872	PSG0067060	merged
PSG0124722	PSG0067092	merged
PSG0142124	PSG0067097	merged
PSG0134357	PSG0067142	merged
PSG0136475	PSG0067142	merged
PSG0134358	PSG0067146	merged
PSG0136476	PSG0067146	merged
PSG0134359	PSG0067149	merged
PSG0134361	PSG0067159	merged
PSG0134362	PSG0067161	merged
PSG0136477	PSG0067161	merged
PSG0141097	PSG0067223	merged
PSG0141095	PSG0067248	merged
PSG0067290	PSG0067289	merged
PSG0067313	PSG0067312	merged
PSG0138474	PSG0067336	merged
PSG0067344	PSG0162909	split
PSG0146990	PSG0067356	merged
PSG0067380	PSG0067379	merged
PSG0121792	PSG0162919	split
PSG0132096	PSG0067414	merged
PSG0142342	PSG0067414	merged
PSG0132097	PSG0067426	merged
PSG0142344	PSG0067426	merged
PSG0144591	PSG0067426	merged
PSG0144590	PSG0067433	merged
PSG0144589	PSG0067460	merged
PSG0136099	PSG0067480	merged
PSG0141670	PSG0067483	merged
PSG0136103	PSG0067494	merged
PSG0141671	PSG0067494	merged
PSG0136104	PSG0067503	merged
PSG0141672	PSG0067503	merged
PSG0136106	PSG0122337	merged
PSG0141676	PSG0122337	merged
PSG0067555	PSG0067554	merged
PSG0148486	PSG0125854	merged
PSG0139951	PSG0067562	merged
PSG0137844	PSG0125497	merged
PSG0137843	PSG0125496	merged
PSG0137842	PSG0124456	merged
PSG0137837	PSG0067578	merged
PSG0131241	PSG0067600	merged
PSG0112310	PSG0067616	merged
PSG0125999	PSG0125998	merged
PSG0147663	PSG0147455	merged
PSG0067670	PSG0067668	merged
PSG0138244	PSG0067692	merged
PSG0138245	PSG0067714	merged
PSG0125407	PSG0067737	merged
PSG0067738	PSG0163003	split
PSG0136623	PSG0067759	merged
PSG0145737	PSG0067781	merged
PSG0140020	PSG0067848	merged
PSG0146486	PSG0067862	merged
PSG0141897	PSG0067880	merged
PSG0067897	PSG0163036	split
PSG0140285	PSG0067967	merged
PSG0114152	PSG0067985	merged
PSG0148410	PSG0068034	merged
PSG0119210	PSG0163072	split
PSG0139062	PSG0068073	merged
PSG0132070	PSG0068107	merged
PSG0130911	PSG0068189	merged
PSG0144337	PSG0068231	merged
PSG0137867	PSG0068320	merged
PSG0137866	PSG0068335	merged
PSG0135211	PSG0068340	merged
PSG0068359	PSG0163147	split
PSG0135210	PSG0068364	merged
PSG0135209	PSG0068379	merged
PSG0137863	PSG0068379	merged
PSG0143596	PSG0068396	merged
PSG0068401	PSG0068400	merged
PSG0135469	PSG0068433	merged
PSG0143594	PSG0068433	merged
PSG0135283	PSG0117223	merged
PSG0138459	PSG0117223	merged
PSG0147370	PSG0068540	merged
PSG0137267	PSG0068618	merged
PSG0068619	PSG0163180	split
PSG0068642	PSG0163182	split
PSG0120305	PSG0163186	split
PSG0120303	PSG0120302	merged
PSG0147373	PSG0120294	merged
PSG0141092	PSG0068651	merged
PSG0114559	PSG0163193	split
PSG0144713	PSG0068690	merged
PSG0124044	PSG0068697	merged
PSG0068709	PSG0163209	split
PSG0086613	PSG0068719	merged
PSG0086614	PSG0068720	merged
PSG0133380	PSG0068783	merged
PSG0137317	PSG0068783	merged
PSG0133381	PSG0068784	merged
PSG0148027	PSG0068790	merged
PSG0112083	PSG0068803	merged
PSG0120612	PSG0068822	merged
PSG0139275	PSG0068832	merged
PSG0088723	PSG0068835	merged
PSG0143878	PSG0126319	merged
PSG0140376	PSG0068887	merged
PSG0113186	PSG0068902	merged
PSG0128860	PSG0068902	merged
PSG0140368	PSG0068913	merged
PSG0068925	PSG0163261	split
PSG0147803	PSG0125458	merged
PSG0147802	PSG0068952	merged
PSG0147801	PSG0068954	merged
PSG0142743	PSG0068996	merged
PSG0147587	PSG0069008	merged
PSG0140692	PSG0120861	merged
PSG0069075	PSG0069072	merged
PSG0125191	PSG0069072	merged
PSG0069077	PSG0069073	merged
PSG0122841	PSG0069078	merged
PSG0140691	PSG0069080	merged
PSG0147591	PSG0069080	merged
PSG0069084	PSG0163292	split
PSG0125740	PSG0069096	merged
PSG0125010	PSG0069101	merged
PSG0125767	PSG0069101	merged
PSG0069103	PSG0163299	split
PSG0133827	PSG0114826	merged
PSG0143920	PSG0114826	merged
PSG0148191	PSG0114826	merged
PSG0133828	PSG0114825	merged
PSG0143919	PSG0114825	merged
PSG0133829	PSG0114823	merged
PSG0143918	PSG0114823	merged
PSG0145381	PSG0069144	merged
PSG0146916	PSG0069144	merged
PSG0145380	PSG0069147	merged
PSG0146915	PSG0069147	merged
PSG0145379	PSG0119192	merged
PSG0119180	PSG0119179	merged
PSG0094995	PSG0069157	merged
PSG0069164	PSG0069163	merged
PSG0139650	PSG0069172	merged
PSG0135557	PSG0069211	merged
PSG0142555	PSG0069246	merged
PSG0143325	PSG0069250	merged
PSG0136954	PSG0069276	merged
PSG0069278	PSG0163338	split
PSG0146309	PSG0069298	merged
PSG0142938	PSG0069305	merged
PSG0069331	PSG0163343	split
PSG0069334	PSG0163347	split
PSG0125227	PSG0163363	split
PSG0127021	PSG0163367	split
PSG0075199	PSG0069443	merged
PSG0122512	PSG0069443	merged
PSG0138565	PSG0069445	merged
PSG0138564	PSG0069454	merged
PSG0140360	PSG0069454	merged
PSG0069530	PSG0163387	split
PSG0131252	PSG0069543	merged
PSG0132769	PSG0069556	merged
PSG0141283	PSG0069556	merged
PSG0148610	PSG0069557	merged
PSG0146369	PSG0069566	merged
PSG0069570	PSG0163391	split
PSG0146367	PSG0069588	merged
PSG0140271	PSG0069633	merged
PSG0069653	PSG0163408	split
PSG0133624	PSG0069693	merged
PSG0138947	PSG0069712	merged
PSG0141660	PSG0069716	merged
PSG0069738	PSG0163424	split
PSG0069742	PSG0163425	split
PSG0069758	PSG0163429	split
PSG0147985	PSG0069790	merged
PSG0069822	PSG0069821	merged
PSG0147982	PSG0069829	merged
PSG0130671	PSG0069884	merged
PSG0116611	PSG0069930	merged
PSG0135705	PSG0069930	merged
PSG0069977	PSG0163457	split
PSG0070003	PSG0070002	merged
PSG0145521	PSG0070006	merged
PSG0135701	PSG0070011	merged
PSG0143745	PSG0070011	merged
PSG0145522	PSG0135700	merged
PSG0135699	PSG0070019	merged
PSG0143742	PSG0070019	merged
PSG0135698	PSG0070032	merged
PSG0141753	PSG0070032	merged
PSG0145523	PSG0070032	merged
PSG0135697	PSG0070033	merged
PSG0141752	PSG0070033	merged
PSG0132802	PSG0070119	merged
PSG0138479	PSG0070119	merged
PSG0138478	PSG0070124	merged
PSG0132803	PSG0070126	merged
PSG0138477	PSG0070126	merged
PSG0123408	PSG0070127	merged
PSG0145196	PSG0070138	merged
PSG0132804	PSG0070144	merged
PSG0143993	PSG0070144	merged
PSG0070214	PSG0163511	split
PSG0070215	PSG0163512	split
PSG0070238	PSG0070237	merged
PSG0131691	PSG0070237	merged
PSG0131692	PSG0070237	merged
PSG0131693	PSG0070237	merged
PSG0070270	PSG0163523	split
PSG0143644	PSG0070322	merged
PSG0147190	PSG0123027	merged
PSG0123028	PSG0070376	merged
PSG0133419	PSG0070388	merged
PSG0089891	PSG0070447	merged
PSG0117358	PSG0070447	merged
PSG0078841	PSG0070520	merged
PSG0117343	PSG0070520	merged
PSG0070539	PSG0070538	merged
PSG0070548	PSG0070547	merged
PSG0131933	PSG0070625	merged
PSG0131935	PSG0070632	merged
PSG0070632	PSG0163569	split
PSG0131935	PSG0163569	split
PSG0130533	PSG0070652	merged
PSG0131942	PSG0070716	merged
PSG0111955	PSG0070813	merged
PSG0070821	PSG0163596	split
PSG0142030	PSG0070916	merged
PSG0142029	PSG0070918	merged
PSG0140798	PSG0070936	merged
PSG0143537	PSG0070971	merged
PSG0130156	PSG0163619	split
PSG0120906	PSG0071013	merged
PSG0136755	PSG0120907	merged
PSG0136749	PSG0071033	merged
PSG0140031	PSG0071041	merged
PSG0071044	PSG0071043	merged
PSG0071064	PSG0163637	split
PSG0143650	PSG0071068	merged
PSG0144867	PSG0071081	merged
PSG0071082	PSG0163643	split
PSG0143974	PSG0071084	merged
PSG0071094	PSG0163647	split
PSG0071098	PSG0163648	split
PSG0142575	PSG0071108	merged
PSG0071119	PSG0163652	split
PSG0132900	PSG0071152	merged
PSG0130421	PSG0071175	merged
PSG0138570	PSG0071223	merged
PSG0138572	PSG0071252	merged
PSG0071278	PSG0163690	split
PSG0139973	PSG0071284	merged
PSG0141014	PSG0123530	merged
PSG0142637	PSG0071371	merged
PSG0144253	PSG0130325	merged
PSG0071391	PSG0071390	merged
PSG0081401	PSG0071392	merged
PSG0134131	PSG0071392	merged
PSG0134127	PSG0071396	merged
PSG0141837	PSG0071396	merged
PSG0134126	PSG0071397	merged
PSG0141838	PSG0071397	merged
PSG0134125	PSG0120703	merged
PSG0134123	PSG0120712	merged
PSG0141839	PSG0120712	merged
PSG0141840	PSG0120713	merged
PSG0134122	PSG0120716	merged
PSG0141842	PSG0120716	merged
PSG0130212	PSG0083321	merged
PSG0083319	PSG0071425	merged
PSG0130388	PSG0130386	merged
PSG0083318	PSG0071428	merged
PSG0131755	PSG0071436	merged
PSG0131756	PSG0071437	merged
PSG0140882	PSG0071490	merged
PSG0140883	PSG0071490	merged
PSG0140884	PSG0071490	merged
PSG0140885	PSG0071490	merged
PSG0140886	PSG0071490	merged
PSG0140887	PSG0071490	merged
PSG0071516	PSG0025366	merged
PSG0133094	PSG0071532	merged
PSG0144351	PSG0071561	merged
PSG0071561	PSG0163753	split
PSG0144351	PSG0163753	split
PSG0071597	PSG0163759	split
PSG0133104	PSG0071640	merged
PSG0133107	PSG0071654	merged
PSG0141496	PSG0071660	merged
PSG0149051	PSG0126502	merged
PSG0071733	PSG0163784	split
PSG0140619	PSG0071741	merged
PSG0071773	PSG0071757	merged
PSG0126154	PSG0071757	merged
PSG0141182	PSG0071757	merged
PSG0141456	PSG0071765	merged
PSG0141181	PSG0071769	merged
PSG0141457	PSG0071769	merged
PSG0132251	PSG0071784	merged
PSG0141183	PSG0071784	merged
PSG0071802	PSG0163791	split
PSG0141187	PSG0071808	merged
PSG0141967	PSG0071808	merged
PSG0141188	PSG0071809	merged
PSG0143705	PSG0071809	merged
PSG0138392	PSG0071908	merged
PSG0138393	PSG0071909	merged
PSG0138404	PSG0071937	merged
PSG0141197	PSG0071937	merged
PSG0138406	PSG0071942	merged
PSG0141198	PSG0071942	merged
PSG0113712	PSG0112793	merged
PSG0138407	PSG0112793	merged
PSG0148829	PSG0112793	merged
PSG0113713	PSG0071960	merged
PSG0072056	PSG0163836	split
PSG0148004	PSG0072072	merged
PSG0072074	PSG0163840	split
PSG0125797	PSG0072094	merged
PSG0144823	PSG0072123	merged
PSG0136790	PSG0072132	merged
PSG0137758	PSG0072144	merged
PSG0143149	PSG0072152	merged
PSG0145932	PSG0072164	merged
PSG0143153	PSG0072202	merged
PSG0072209	PSG0072208	merged
PSG0143156	PSG0072208	merged
PSG0143157	PSG0072210	merged
PSG0143158	PSG0072216	merged
PSG0141205	PSG0072217	merged
PSG0143160	PSG0072217	merged
PSG0072264	PSG0163875	split
PSG0072287	PSG0072286	merged
PSG0138858	PSG0072286	merged
PSG0138859	PSG0072286	merged
PSG0138862	PSG0072309	merged
PSG0138866	PSG0072335	merged
PSG0132081	PSG0072342	merged
PSG0072355	PSG0163888	split
PSG0072398	PSG0163901	split
PSG0117197	PSG0072426	merged
PSG0148841	PSG0072484	merged
PSG0138348	PSG0072488	merged
PSG0120778	PSG0072587	merged
PSG0072604	PSG0163939	split
PSG0138336	PSG0120780	merged
PSG0112836	PSG0072613	merged
PSG0140355	PSG0072667	merged
PSG0072710	PSG0163973	split
PSG0133318	PSG0072728	merged
PSG0137556	PSG0072728	merged
PSG0133317	PSG0072734	merged
PSG0137554	PSG0072734	merged
PSG0133316	PSG0072735	merged
PSG0137553	PSG0072735	merged
PSG0125290	PSG0125289	merged
PSG0137670	PSG0072760	merged
PSG0131466	PSG0072796	merged
PSG0072823	PSG0072822	merged
PSG0129430	PSG0099055	merged
PSG0126109	PSG0125498	merged
PSG0142906	PSG0072828	merged
PSG0142908	PSG0072841	merged
PSG0145398	PSG0072872	merged
PSG0072875	PSG0164006	split
PSG0072894	PSG0164012	split
PSG0072896	PSG0164013	split
PSG0072907	PSG0164015	split
PSG0072927	PSG0072926	merged
PSG0113647	PSG0072946	merged
PSG0133506	PSG0072959	merged
PSG0133503	PSG0113645	merged
PSG0117167	PSG0073092	merged
PSG0145986	PSG0073129	merged
PSG0145988	PSG0073176	merged
PSG0125222	PSG0073198	merged
PSG0130343	PSG0073236	merged
PSG0130423	PSG0073248	merged
PSG0147173	PSG0073250	merged
PSG0112663	PSG0073265	merged
PSG0126272	PSG0125074	merged
PSG0136700	PSG0125074	merged
PSG0143092	PSG0125074	merged
PSG0136706	PSG0073269	merged
PSG0073284	PSG0073283	merged
PSG0115087	PSG0164091	split
PSG0142243	PSG0073296	merged
PSG0142397	PSG0073296	merged
PSG0142244	PSG0073297	merged
PSG0142396	PSG0073297	merged
PSG0142245	PSG0073298	merged
PSG0142395	PSG0073298	merged
PSG0137118	PSG0124750	merged
PSG0137120	PSG0126183	merged
PSG0082067	PSG0073305	merged
PSG0124753	PSG0073305	merged
PSG0146815	PSG0073316	merged
PSG0127746	PSG0164097	split
PSG0073332	PSG0164098	split
PSG0073368	PSG0164109	split
PSG0144240	PSG0073378	merged
PSG0144241	PSG0073401	merged
PSG0144242	PSG0073405	merged
PSG0147208	PSG0073405	merged
PSG0085903	PSG0073420	merged
PSG0146518	PSG0113417	merged
PSG0076745	PSG0073459	merged
PSG0139694	PSG0073491	merged
PSG0144742	PSG0073497	merged
PSG0122920	PSG0073515	merged
PSG0136135	PSG0073549	merged
PSG0073726	PSG0164196	split
PSG0140123	PSG0113240	merged
PSG0146497	PSG0113240	merged
PSG0139134	PSG0126330	merged
PSG0140124	PSG0126330	merged
PSG0126331	PSG0164198	split
PSG0139133	PSG0073737	merged
PSG0140125	PSG0073737	merged
PSG0139132	PSG0073738	merged
PSG0139131	PSG0073740	merged
PSG0140127	PSG0073740	merged
PSG0137134	PSG0073780	merged
PSG0140921	PSG0125948	merged
PSG0140920	PSG0118866	merged
PSG0139894	PSG0073841	merged
PSG0137490	PSG0073850	merged
PSG0137491	PSG0073851	merged
PSG0137494	PSG0073907	merged
PSG0088720	PSG0073970	merged
PSG0074001	PSG0074000	merged
PSG0136076	PSG0074013	merged
PSG0144123	PSG0074038	merged
PSG0138827	PSG0074060	merged
PSG0112658	PSG0074065	merged
PSG0112657	PSG0074066	merged
PSG0112656	PSG0074067	merged
PSG0112653	PSG0074072	merged
PSG0147503	PSG0074072	merged
PSG0112652	PSG0074073	merged
PSG0147501	PSG0074089	merged
PSG0140643	PSG0074101	merged
PSG0138837	PSG0074105	merged
PSG0138840	PSG0074136	merged
PSG0140644	PSG0074136	merged
PSG0147497	PSG0074147	merged
PSG0140028	PSG0074156	merged
PSG0140029	PSG0074162	merged
PSG0144046	PSG0125352	merged
PSG0074184	PSG0164296	split
PSG0115519	PSG0074198	merged
PSG0133573	PSG0074207	merged
PSG0145747	PSG0074216	merged
PSG0121854	PSG0164308	split
PSG0142583	PSG0074242	merged
PSG0133462	PSG0074252	merged
PSG0133458	PSG0074274	merged
PSG0147903	PSG0128026	merged
PSG0074311	PSG0164319	split
PSG0128021	PSG0074318	merged
PSG0147906	PSG0074320	merged
PSG0128019	PSG0074328	merged
PSG0074389	PSG0164340	split
PSG0124987	PSG0074394	merged
PSG0074509	PSG0164361	split
PSG0136474	PSG0074510	merged
PSG0100258	PSG0074557	merged
PSG0138506	PSG0074557	merged
PSG0096863	PSG0096338	merged
PSG0125375	PSG0096338	merged
PSG0125158	PSG0074593	merged
PSG0125034	PSG0074596	merged
PSG0137661	PSG0074617	merged
PSG0105524	PSG0074655	merged
PSG0123148	PSG0074655	merged
PSG0136395	PSG0074685	merged
PSG0136393	PSG0074702	merged
PSG0145173	PSG0074702	merged
PSG0074763	PSG0074762	merged
PSG0118056	PSG0074794	merged
PSG0136382	PSG0074806	merged
PSG0074826	PSG0164423	split
PSG0074833	PSG0164426	split
PSG0136379	PSG0074833	merged
PSG0133540	PSG0074834	merged
PSG0145170	PSG0136377	merged
PSG0133541	PSG0074844	merged
PSG0136376	PSG0074844	merged
PSG0134685	PSG0074884	merged
PSG0148590	PSG0125579	merged
PSG0134687	PSG0125338	merged
PSG0140715	PSG0106375	merged
PSG0111250	PSG0074893	merged
PSG0126301	PSG0074893	merged
PSG0139179	PSG0074893	merged
PSG0074904	PSG0164440	split
PSG0147508	PSG0139177	merged
PSG0074943	PSG0164456	split
PSG0139174	PSG0074945	merged
PSG0147510	PSG0074955	merged
PSG0075015	PSG0164471	split
PSG0075063	PSG0164483	split
PSG0145017	PSG0075082	merged
PSG0127298	PSG0075088	merged
PSG0134232	PSG0127295	merged
PSG0103715	PSG0075125	merged
PSG0142107	PSG0127262	merged
PSG0075222	PSG0164538	split
PSG0136014	PSG0126668	merged
PSG0075251	PSG0164541	split
PSG0135423	PSG0075351	merged
PSG0146823	PSG0075407	merged
PSG0135429	PSG0075456	merged
PSG0075468	PSG0075467	merged
PSG0075476	PSG0164590	split
PSG0075506	PSG0075505	merged
PSG0078522	PSG0075512	merged
PSG0113513	PSG0075512	merged
PSG0146542	PSG0113515	merged
PSG0139539	PSG0075520	merged
PSG0142282	PSG0075520	merged
PSG0139542	PSG0075551	merged
PSG0075577	PSG0075576	merged
PSG0139071	PSG0075580	merged
PSG0075609	PSG0075608	merged
PSG0103303	PSG0075632	merged
PSG0128131	PSG0075632	merged
PSG0136009	PSG0164635	split
PSG0141313	PSG0097006	merged
PSG0097006	PSG0164638	split
PSG0141313	PSG0164638	split
PSG0147412	PSG0122202	merged
PSG0097004	PSG0075641	merged
PSG0141314	PSG0075641	merged
PSG0112469	PSG0075645	merged
PSG0147410	PSG0075647	merged
PSG0136781	PSG0075658	merged
PSG0145732	PSG0075658	merged
PSG0136780	PSG0075661	merged
PSG0137199	PSG0075661	merged
PSG0136523	PSG0075662	merged
PSG0136779	PSG0075662	merged
PSG0136776	PSG0075667	merged
PSG0136775	PSG0075673	merged
PSG0145729	PSG0075681	merged
PSG0136522	PSG0075691	merged
PSG0136774	PSG0075691	merged
PSG0075736	PSG0075735	merged
PSG0144438	PSG0075754	merged
PSG0137446	PSG0137445	merged
PSG0137447	PSG0137445	merged
PSG0137451	PSG0137450	merged
PSG0075832	PSG0075831	merged
PSG0129534	PSG0075831	merged
PSG0137453	PSG0075834	merged
PSG0137452	PSG0075837	merged
PSG0075866	PSG0075857	merged
PSG0075867	PSG0075857	merged
PSG0075869	PSG0075857	merged
PSG0137457	PSG0075857	merged
PSG0137458	PSG0075857	merged
PSG0141518	PSG0075857	merged
PSG0144433	PSG0075857	merged
PSG0144434	PSG0075857	merged
PSG0137459	PSG0075870	merged
PSG0137460	PSG0075876	merged
PSG0141519	PSG0075876	merged
PSG0075885	PSG0075883	merged
PSG0141520	PSG0075883	merged
PSG0075887	PSG0075886	merged
PSG0127202	PSG0075886	merged
PSG0144432	PSG0075886	merged
PSG0075900	PSG0164695	split
PSG0140238	PSG0075927	merged
PSG0075995	PSG0164717	split
PSG0148231	PSG0075996	merged
PSG0139865	PSG0076000	merged
PSG0076005	PSG0076004	merged
PSG0139863	PSG0076019	merged
PSG0076044	PSG0076043	merged
PSG0076056	PSG0164727	split
PSG0076056	PSG0164728	split
PSG0148224	PSG0076073	merged
PSG0136538	PSG0076152	merged
PSG0143909	PSG0076152	merged
PSG0076169	PSG0076167	merged
PSG0143910	PSG0076167	merged
PSG0076179	PSG0076168	merged
PSG0103411	PSG0076168	merged
PSG0138020	PSG0076182	merged
PSG0125810	PSG0076203	merged
PSG0133794	PSG0076203	merged
PSG0076216	PSG0164763	split
PSG0148302	PSG0076218	merged
PSG0133585	PSG0076227	merged
PSG0076252	PSG0076251	merged
PSG0133588	PSG0076258	merged
PSG0133595	PSG0126871	merged
PSG0133604	PSG0076362	merged
PSG0076399	PSG0164788	split
PSG0146349	PSG0128309	merged
PSG0076435	PSG0164794	split
PSG0145709	PSG0076439	merged
PSG0145710	PSG0129048	merged
PSG0132086	PSG0076467	merged
PSG0076513	PSG0164814	split
PSG0147814	PSG0076528	merged
PSG0139337	PSG0076535	merged
PSG0076549	PSG0076548	merged
PSG0131929	PSG0076578	merged
PSG0131928	PSG0076587	merged
PSG0137676	PSG0076616	merged
PSG0147281	PSG0076645	merged
PSG0120513	PSG0076660	merged
PSG0137679	PSG0076661	merged
PSG0081744	PSG0076743	merged
PSG0130793	PSG0076743	merged
PSG0076760	PSG0164857	split
PSG0138780	PSG0076897	merged
PSG0144313	PSG0076905	merged
PSG0079124	PSG0076929	merged
PSG0147355	PSG0076929	merged
PSG0132729	PSG0076937	merged
PSG0141959	PSG0076937	merged
PSG0080395	PSG0076949	merged
PSG0145422	PSG0116990	merged
PSG0135258	PSG0117240	merged
PSG0139375	PSG0077028	merged
PSG0141425	PSG0077056	merged
PSG0141419	PSG0077100	merged
PSG0137745	PSG0077157	merged
PSG0147136	PSG0077158	merged
PSG0077192	PSG0164930	split
PSG0136887	PSG0130232	merged
PSG0146287	PSG0077202	merged
PSG0077221	PSG0077220	merged
PSG0077224	PSG0164939	split
PSG0116789	PSG0164940	split
PSG0121549	PSG0077245	merged
PSG0077252	PSG0164945	split
PSG0139644	PSG0077263	merged
PSG0141167	PSG0077263	merged
PSG0139645	PSG0077266	merged
PSG0141166	PSG0077266	merged
PSG0139648	PSG0077282	merged
PSG0145536	PSG0077361	merged
PSG0102380	PSG0077393	merged
PSG0146276	PSG0077439	merged
PSG0077444	PSG0077443	merged
PSG0133312	PSG0077501	merged
PSG0141956	PSG0077507	merged
PSG0111694	PSG0077508	merged
PSG0148318	PSG0077508	merged
PSG0141957	PSG0077516	merged
PSG0141958	PSG0077516	merged
PSG0077519	PSG0164999	split
PSG0125248	PSG0077520	merged
PSG0090903	PSG0077522	merged
PSG0114462	PSG0077522	merged
PSG0090905	PSG0077524	merged
PSG0114458	PSG0077524	merged
PSG0090906	PSG0077525	merged
PSG0090908	PSG0077529	merged
PSG0114451	PSG0077529	merged
PSG0090909	PSG0165003	split
PSG0090910	PSG0077530	merged
PSG0114448	PSG0077530	merged
PSG0138052	PSG0097115	merged
PSG0132248	PSG0113583	merged
PSG0132130	PSG0077618	merged
PSG0132245	PSG0077618	merged
PSG0132129	PSG0077629	merged
PSG0132244	PSG0077629	merged
PSG0132128	PSG0077631	merged
PSG0132243	PSG0077631	merged
PSG0148378	PSG0077684	merged
PSG0128620	PSG0165038	split
PSG0138276	PSG0077739	merged
PSG0141868	PSG0077739	merged
PSG0138275	PSG0077744	merged
PSG0141867	PSG0077744	merged
PSG0131263	PSG0077753	merged
PSG0131260	PSG0077762	merged
PSG0141866	PSG0077762	merged
PSG0077766	PSG0077764	merged
PSG0077782	PSG0165055	split
PSG0077844	PSG0165062	split
PSG0098660	PSG0077882	merged
PSG0147439	PSG0077882	merged
PSG0124192	PSG0098659	merged
PSG0145713	PSG0129059	merged
PSG0077965	PSG0165093	split
PSG0077965	PSG0165094	split
PSG0077965	PSG0165095	split
PSG0081793	PSG0078007	merged
PSG0120545	PSG0078007	merged
PSG0137247	PSG0078068	merged
PSG0110699	PSG0078100	merged
PSG0121802	PSG0078100	merged
PSG0133277	PSG0078130	merged
PSG0147638	PSG0078130	merged
PSG0128687	PSG0078138	merged
PSG0078173	PSG0165149	split
PSG0140083	PSG0078189	merged
PSG0125770	PSG0078193	merged
PSG0145012	PSG0127243	merged
PSG0130204	PSG0078292	merged
PSG0141302	PSG0078318	merged
PSG0143723	PSG0078318	merged
PSG0141304	PSG0078320	merged
PSG0143724	PSG0078320	merged
PSG0141305	PSG0078322	merged
PSG0143728	PSG0078333	merged
PSG0104783	PSG0078360	merged
PSG0078468	PSG0165210	split
PSG0130969	PSG0130968	merged
PSG0137039	PSG0078479	merged
PSG0137038	PSG0078487	merged
PSG0146541	PSG0113510	merged
PSG0078564	PSG0165238	split
PSG0131988	PSG0078568	merged
PSG0116454	PSG0078605	merged
PSG0145548	PSG0078605	merged
PSG0138463	PSG0138462	merged
PSG0138464	PSG0078616	merged
PSG0138465	PSG0078621	merged
PSG0135808	PSG0118127	merged
PSG0134048	PSG0078705	merged
PSG0136416	PSG0078705	merged
PSG0134046	PSG0078709	merged
PSG0136415	PSG0078709	merged
PSG0136414	PSG0078711	merged
PSG0134045	PSG0078712	merged
PSG0136413	PSG0078712	merged
PSG0145347	PSG0078717	merged
PSG0083596	PSG0078772	merged
PSG0133964	PSG0078772	merged
PSG0133962	PSG0120216	merged
PSG0133960	PSG0120218	merged
PSG0083592	PSG0078776	merged
PSG0120222	PSG0078776	merged
PSG0078817	PSG0078816	merged
PSG0106023	PSG0165289	split
PSG0106024	PSG0078837	merged
PSG0078866	PSG0165296	split
PSG0146073	PSG0078891	merged
PSG0143516	PSG0078895	merged
PSG0131311	PSG0078899	merged
PSG0131309	PSG0078913	merged
PSG0143086	PSG0078922	merged
PSG0078954	PSG0165309	split
PSG0078961	PSG0165312	split
PSG0078974	PSG0165318	split
PSG0079022	PSG0013156	merged
PSG0147359	PSG0079082	merged
PSG0147357	PSG0079094	merged
PSG0137482	PSG0097421	merged
PSG0131156	PSG0120188	merged
PSG0137483	PSG0120188	merged
PSG0131157	PSG0120193	merged
PSG0137484	PSG0120193	merged
PSG0112195	PSG0079160	merged
PSG0138067	PSG0079162	merged
PSG0135638	PSG0079166	merged
PSG0138065	PSG0079166	merged
PSG0138063	PSG0079181	merged
PSG0079202	PSG0165365	split
PSG0125026	PSG0079285	merged
PSG0144325	PSG0079286	merged
PSG0144326	PSG0079289	merged
PSG0140912	PSG0097928	merged
PSG0147990	PSG0079332	merged
PSG0130002	PSG0165404	split
PSG0147992	PSG0147991	merged
PSG0149078	PSG0147991	merged
PSG0134724	PSG0114884	merged
PSG0079363	PSG0165414	split
PSG0134723	PSG0079366	merged
PSG0134722	PSG0079373	merged
PSG0134718	PSG0079386	merged
PSG0114880	PSG0079394	merged
PSG0143598	PSG0079416	merged
PSG0079417	PSG0165430	split
PSG0079417	PSG0165431	split
PSG0143982	PSG0079444	merged
PSG0079445	PSG0165448	split
PSG0079468	PSG0165450	split
PSG0079494	PSG0165455	split
PSG0136111	PSG0079564	merged
PSG0145309	PSG0079604	merged
PSG0079638	PSG0165478	split
PSG0138623	PSG0079658	merged
PSG0148889	PSG0079658	merged
PSG0142566	PSG0079694	merged
PSG0147158	PSG0079694	merged
PSG0124532	PSG0079719	merged
PSG0126112	PSG0079719	merged
PSG0126427	PSG0165501	split
PSG0142338	PSG0079753	merged
PSG0124813	PSG0079780	merged
PSG0131123	PSG0079898	merged
PSG0133680	PSG0129913	merged
PSG0097042	PSG0079959	merged
PSG0138422	PSG0079983	merged
PSG0146319	PSG0080017	merged
PSG0146320	PSG0080026	merged
PSG0130313	PSG0080032	merged
PSG0140755	PSG0080034	merged
PSG0146322	PSG0080037	merged
PSG0080048	PSG0165564	split
PSG0141077	PSG0118500	merged
PSG0080096	PSG0165570	split
PSG0118507	PSG0107502	merged
PSG0141070	PSG0080107	merged
PSG0140578	PSG0125097	merged
PSG0140581	PSG0117120	merged
PSG0140582	PSG0117118	merged
PSG0142102	PSG0080209	merged
PSG0147774	PSG0080209	merged
PSG0147779	PSG0080209	merged
PSG0147780	PSG0080210	merged
PSG0103137	PSG0080252	merged
PSG0080277	PSG0080276	merged
PSG0137655	PSG0080296	merged
PSG0080296	PSG0165609	split
PSG0080320	PSG0080319	merged
PSG0137646	PSG0080357	merged
PSG0130252	PSG0080401	merged
PSG0147352	PSG0080403	merged
PSG0132726	PSG0080414	merged
PSG0141964	PSG0080414	merged
PSG0141966	PSG0080436	merged
PSG0113285	PSG0080466	merged
PSG0121190	PSG0080466	merged
PSG0113284	PSG0080468	merged
PSG0121195	PSG0080468	merged
PSG0138009	PSG0080485	merged
PSG0147347	PSG0080521	merged
PSG0118347	PSG0118346	merged
PSG0135944	PSG0080570	merged
PSG0080581	PSG0080580	merged
PSG0146219	PSG0080685	merged
PSG0080695	PSG0165680	split
PSG0136399	PSG0080700	merged
PSG0114433	PSG0165682	split
PSG0134091	PSG0080708	merged
PSG0100158	PSG0080717	merged
PSG0114421	PSG0080717	merged
PSG0144233	PSG0114417	merged
PSG0080758	PSG0165701	split
PSG0134709	PSG0080770	merged
PSG0134708	PSG0080794	merged
PSG0134704	PSG0080807	merged
PSG0134702	PSG0080809	merged
PSG0139610	PSG0080839	merged
PSG0119137	PSG0165711	split
PSG0080877	PSG0165719	split
PSG0080879	PSG0080878	merged
PSG0134121	PSG0080904	merged
PSG0141844	PSG0080904	merged
PSG0134120	PSG0080908	merged
PSG0134119	PSG0080909	merged
PSG0141847	PSG0080909	merged
PSG0144248	PSG0080909	merged
PSG0144247	PSG0080915	merged
PSG0080916	PSG0080913	merged
PSG0141848	PSG0080913	merged
PSG0144246	PSG0080928	merged
PSG0080993	PSG0165749	split
PSG0090882	PSG0080997	merged
PSG0081009	PSG0165755	split
PSG0122278	PSG0081058	merged
PSG0137741	PSG0081066	merged
PSG0123495	PSG0081121	merged
PSG0134218	PSG0081123	merged
PSG0148671	PSG0109114	merged
PSG0148667	PSG0081274	merged
PSG0134206	PSG0081283	merged
PSG0148665	PSG0081288	merged
PSG0081296	PSG0081295	merged
PSG0081299	PSG0165801	split
PSG0122672	PSG0081304	merged
PSG0134209	PSG0081318	merged
PSG0081320	PSG0165808	split
PSG0134213	PSG0081345	merged
PSG0145641	PSG0129854	merged
PSG0081397	PSG0165825	split
PSG0133929	PSG0117768	merged
PSG0139056	PSG0117768	merged
PSG0096860	PSG0081410	merged
PSG0117770	PSG0081410	merged
PSG0081415	PSG0165834	split
PSG0145842	PSG0081417	merged
PSG0145843	PSG0081419	merged
PSG0141987	PSG0081468	merged
PSG0133239	PSG0081481	merged
PSG0142685	PSG0081481	merged
PSG0142684	PSG0081485	merged
PSG0142683	PSG0081500	merged
PSG0122421	PSG0165851	split
PSG0139045	PSG0081521	merged
PSG0133217	PSG0165861	split
PSG0148637	PSG0081556	merged
PSG0133213	PSG0081557	merged
PSG0122440	PSG0081573	merged
PSG0133212	PSG0081573	merged
PSG0148638	PSG0081583	merged
PSG0081593	PSG0165878	split
PSG0143884	PSG0125782	merged
PSG0143882	PSG0143305	merged
PSG0149032	PSG0143305	merged
PSG0130770	PSG0081613	merged
PSG0130774	PSG0081629	merged
PSG0130780	PSG0081671	merged
PSG0127952	PSG0081684	merged
PSG0146255	PSG0081697	merged
PSG0130788	PSG0081714	merged
PSG0125380	PSG0081742	merged
PSG0141910	PSG0081760	merged
PSG0141911	PSG0081765	merged
PSG0147415	PSG0081767	merged
PSG0131790	PSG0081863	merged
PSG0129148	PSG0165944	split
PSG0131786	PSG0081881	merged
PSG0081901	PSG0165950	split
PSG0129165	PSG0165955	split
PSG0081923	PSG0165956	split
PSG0095092	PSG0081959	merged
PSG0081978	PSG0081977	merged
PSG0144812	PSG0082019	merged
PSG0131767	PSG0082058	merged
PSG0082083	PSG0082082	merged
PSG0130256	PSG0082082	merged
PSG0148075	PSG0082087	merged
PSG0137115	PSG0082110	merged
PSG0087763	PSG0082113	merged
PSG0082144	PSG0082143	merged
PSG0082146	PSG0166010	split
PSG0090062	PSG0082163	merged
PSG0082218	PSG0166025	split
PSG0144989	PSG0082221	merged
PSG0133764	PSG0082238	merged
PSG0144992	PSG0082238	merged
PSG0146049	PSG0119846	merged
PSG0146052	PSG0082287	merged
PSG0136165	PSG0082308	merged
PSG0136159	PSG0123945	merged
PSG0147965	PSG0082328	merged
PSG0100500	PSG0082355	merged
PSG0143123	PSG0120335	merged
PSG0137536	PSG0116022	merged
PSG0140460	PSG0116022	merged
PSG0137535	PSG0116021	merged
PSG0137534	PSG0082368	merged
PSG0137533	PSG0116018	merged
PSG0140459	PSG0116018	merged
PSG0136576	PSG0082500	merged
PSG0142880	PSG0082505	merged
PSG0136577	PSG0082508	merged
PSG0142879	PSG0082508	merged
PSG0136578	PSG0082509	merged
PSG0142877	PSG0082509	merged
PSG0133404	PSG0082522	merged
PSG0082538	PSG0082537	merged
PSG0133411	PSG0082576	merged
PSG0082601	PSG0082600	merged
PSG0082613	PSG0082612	merged
PSG0136719	PSG0082614	merged
PSG0082662	PSG0166119	split
PSG0140482	PSG0082710	merged
PSG0146180	PSG0082712	merged
PSG0146193	PSG0082738	merged
PSG0146192	PSG0082740	merged
PSG0033381	PSG0166138	split
PSG0146191	PSG0082772	merged
PSG0082777	PSG0166145	split
PSG0139321	PSG0082811	merged
PSG0082852	PSG0166158	split
PSG0124969	PSG0082937	merged
PSG0082951	PSG0082950	merged
PSG0130562	PSG0082974	merged
PSG0146742	PSG0082976	merged
PSG0146738	PSG0127560	merged
PSG0127561	PSG0098269	merged
PSG0083069	PSG0083068	merged
PSG0083113	PSG0166226	split
PSG0083118	PSG0083117	merged
PSG0137743	PSG0083128	merged
PSG0109115	PSG0083166	merged
PSG0148907	PSG0083166	merged
PSG0110467	PSG0083225	merged
PSG0148521	PSG0083247	merged
PSG0140201	PSG0135216	merged
PSG0143987	PSG0083272	merged
PSG0148524	PSG0083272	merged
PSG0143986	PSG0083273	merged
PSG0122522	PSG0122521	merged
PSG0083298	PSG0166277	split
PSG0147572	PSG0083301	merged
PSG0083310	PSG0166283	split
PSG0148095	PSG0083341	merged
PSG0148094	PSG0083347	merged
PSG0148092	PSG0083364	merged
PSG0133270	PSG0083366	merged
PSG0148089	PSG0083371	merged
PSG0083399	PSG0166294	split
PSG0127346	PSG0111705	merged
PSG0125249	PSG0083423	merged
PSG0083432	PSG0083430	merged
PSG0134416	PSG0083430	merged
PSG0134415	PSG0083431	merged
PSG0134413	PSG0083434	merged
PSG0083446	PSG0083435	merged
PSG0124604	PSG0083435	merged
PSG0134414	PSG0083435	merged
PSG0083443	PSG0083440	merged
PSG0124603	PSG0083440	merged
PSG0134412	PSG0083440	merged
PSG0124602	PSG0083441	merged
PSG0125773	PSG0083444	merged
PSG0083632	PSG0166336	split
PSG0111644	PSG0083645	merged
PSG0138968	PSG0083650	merged
PSG0130526	PSG0083660	merged
PSG0083674	PSG0166350	split
PSG0134028	PSG0083692	merged
PSG0139577	PSG0083726	merged
PSG0083729	PSG0166362	split
PSG0147221	PSG0133144	merged
PSG0124835	PSG0083771	merged
PSG0133142	PSG0083791	merged
PSG0137783	PSG0121634	merged
PSG0147596	PSG0140690	merged
PSG0083893	PSG0166396	split
PSG0146455	PSG0083914	merged
PSG0133623	PSG0083935	merged
PSG0133616	PSG0083997	merged
PSG0149038	PSG0084013	merged
PSG0141545	PSG0084043	merged
PSG0146357	PSG0084060	merged
PSG0084080	PSG0166433	split
PSG0084114	PSG0166442	split
PSG0084184	PSG0166457	split
PSG0146723	PSG0084254	merged
PSG0084273	PSG0084272	merged
PSG0146725	PSG0084303	merged
PSG0139299	PSG0084330	merged
PSG0084372	PSG0166496	split
PSG0112306	PSG0084377	merged
PSG0139878	PSG0084460	merged
PSG0148242	PSG0084460	merged
PSG0139870	PSG0084489	merged
PSG0137791	PSG0084534	merged
PSG0126958	PSG0084557	merged
PSG0141395	PSG0084558	merged
PSG0137860	PSG0129807	merged
PSG0148893	PSG0129807	merged
PSG0084581	PSG0166550	split
PSG0084581	PSG0166551	split
PSG0145892	PSG0084629	merged
PSG0134589	PSG0166565	split
PSG0138267	PSG0084656	merged
PSG0084702	PSG0084701	merged
PSG0125051	PSG0084708	merged
PSG0084715	PSG0166585	split
PSG0134597	PSG0084788	merged
PSG0134598	PSG0084796	merged
PSG0134602	PSG0084817	merged
PSG0138272	PSG0084817	merged
PSG0145883	PSG0084839	merged
PSG0134606	PSG0084848	merged
PSG0084855	PSG0166611	split
PSG0134607	PSG0084867	merged
PSG0084895	PSG0166622	split
PSG0147919	PSG0118920	merged
PSG0132750	PSG0084904	merged
PSG0134610	PSG0084904	merged
PSG0146572	PSG0144101	merged
PSG0133496	PSG0084955	merged
PSG0144102	PSG0084955	merged
PSG0144103	PSG0084958	merged
PSG0133497	PSG0084959	merged
PSG0144104	PSG0084959	merged
PSG0126256	PSG0084999	merged
PSG0133796	PSG0085013	merged
PSG0147422	PSG0085043	merged
PSG0139269	PSG0121241	merged
PSG0121240	PSG0166649	split
PSG0121240	PSG0166650	split
PSG0121221	PSG0085065	merged
PSG0121220	PSG0085066	merged
PSG0147245	PSG0085086	merged
PSG0085146	PSG0085145	merged
PSG0085263	PSG0085262	merged
PSG0142925	PSG0085322	merged
PSG0143464	PSG0085322	merged
PSG0115432	PSG0166694	split
PSG0132613	PSG0115446	merged
PSG0115448	PSG0115447	merged
PSG0085364	PSG0085363	merged
PSG0085364	PSG0166699	split
PSG0143817	PSG0086672	merged
PSG0085417	PSG0085416	merged
PSG0085427	PSG0166712	split
PSG0132889	PSG0085440	merged
PSG0132878	PSG0085493	merged
PSG0132875	PSG0085531	merged
PSG0085543	PSG0166732	split
PSG0130195	PSG0085579	merged
PSG0085584	PSG0166740	split
PSG0105211	PSG0085590	merged
PSG0140449	PSG0115974	merged
PSG0141226	PSG0085622	merged
PSG0085692	PSG0085691	merged
PSG0130379	PSG0085695	merged
PSG0146221	PSG0085705	merged
PSG0133313	PSG0085711	merged
PSG0085722	PSG0166772	split
PSG0134748	PSG0120794	merged
PSG0144204	PSG0085808	merged
PSG0133950	PSG0085809	merged
PSG0144205	PSG0085812	merged
PSG0144207	PSG0085836	merged
PSG0149216	PSG0085838	merged
PSG0135498	PSG0085839	merged
PSG0144535	PSG0085854	merged
PSG0148793	PSG0085884	merged
PSG0133192	PSG0085931	merged
PSG0148981	PSG0085979	merged
PSG0086014	PSG0166834	split
PSG0148645	PSG0086036	merged
PSG0139537	PSG0123557	merged
PSG0105642	PSG0086136	merged
PSG0123552	PSG0086136	merged
PSG0141616	PSG0086158	merged
PSG0086212	PSG0086211	merged
PSG0137112	PSG0086225	merged
PSG0135679	PSG0086262	merged
PSG0144058	PSG0086262	merged
PSG0135678	PSG0086265	merged
PSG0144059	PSG0086265	merged
PSG0086279	PSG0086278	merged
PSG0144152	PSG0086355	merged
PSG0138191	PSG0086407	merged
PSG0147954	PSG0086480	merged
PSG0142849	PSG0086483	merged
PSG0138370	PSG0122565	merged
PSG0130903	PSG0125967	merged
PSG0147170	PSG0086487	merged
PSG0086491	PSG0166921	split
PSG0147168	PSG0086492	merged
PSG0147167	PSG0086493	merged
PSG0123619	PSG0166927	split
PSG0141810	PSG0086505	merged
PSG0086526	PSG0166935	split
PSG0141801	PSG0086536	merged
PSG0135037	PSG0086586	merged
PSG0135036	PSG0086587	merged
PSG0147400	PSG0086602	merged
PSG0086642	PSG0086641	merged
PSG0086672	PSG0166960	split
PSG0144443	PSG0086685	merged
PSG0139187	PSG0086718	merged
PSG0127182	PSG0086747	merged
PSG0143394	PSG0086748	merged
PSG0143588	PSG0086748	merged
PSG0127183	PSG0086750	merged
PSG0127184	PSG0086753	merged
PSG0034018	PSG0166978	split
PSG0124909	PSG0166982	split
PSG0132153	PSG0086791	merged
PSG0146842	PSG0086857	merged
PSG0135459	PSG0086884	merged
PSG0135457	PSG0086903	merged
PSG0135456	PSG0086905	merged
PSG0086927	PSG0167003	split
PSG0135446	PSG0129293	merged
PSG0086981	PSG0167013	split
PSG0135445	PSG0086984	merged
PSG0135444	PSG0086997	merged
PSG0086999	PSG0167016	split
PSG0087006	PSG0087005	merged
PSG0133771	PSG0087042	merged
PSG0135320	PSG0087042	merged
PSG0134339	PSG0087068	merged
PSG0146987	PSG0087068	merged
PSG0146986	PSG0111416	merged
PSG0126619	PSG0087132	merged
PSG0087151	PSG0167040	split
PSG0133481	PSG0087162	merged
PSG0147449	PSG0087175	merged
PSG0147448	PSG0087186	merged
PSG0144757	PSG0136424	merged
PSG0148977	PSG0136424	merged
PSG0132587	PSG0087221	merged
PSG0141684	PSG0087221	merged
PSG0147442	PSG0087251	merged
PSG0120754	PSG0167055	split
PSG0148375	PSG0087280	merged
PSG0140774	PSG0087386	merged
PSG0087411	PSG0167089	split
PSG0140769	PSG0087429	merged
PSG0124755	PSG0087433	merged
PSG0125175	PSG0087433	merged
PSG0143733	PSG0087434	merged
PSG0120883	PSG0167092	split
PSG0136772	PSG0087448	merged
PSG0137891	PSG0087461	merged
PSG0137892	PSG0087464	merged
PSG0124910	PSG0087480	merged
PSG0132043	PSG0087532	merged
PSG0132045	PSG0087538	merged
PSG0066944	PSG0167112	split
PSG0147939	PSG0087588	merged
PSG0126105	PSG0087636	merged
PSG0137274	PSG0115937	merged
PSG0087727	PSG0167151	split
PSG0135910	PSG0087733	merged
PSG0133403	PSG0087735	merged
PSG0135909	PSG0087735	merged
PSG0133402	PSG0087738	merged
PSG0135112	PSG0087760	merged
PSG0142297	PSG0087805	merged
PSG0142298	PSG0087808	merged
PSG0149203	PSG0087810	merged
PSG0143175	PSG0087816	merged
PSG0142302	PSG0130017	merged
PSG0142304	PSG0087871	merged
PSG0130021	PSG0167186	split
PSG0130021	PSG0167187	split
PSG0142309	PSG0126371	merged
PSG0087906	PSG0167198	split
PSG0146242	PSG0126775	merged
PSG0099830	PSG0087914	merged
PSG0135819	PSG0126776	merged
PSG0139061	PSG0126776	merged
PSG0138201	PSG0087979	merged
PSG0131251	PSG0087991	merged
PSG0088008	PSG0167228	split
PSG0131244	PSG0088056	merged
PSG0135988	PSG0088085	merged
PSG0146019	PSG0088098	merged
PSG0116902	PSG0167262	split
PSG0107050	PSG0088138	merged
PSG0116904	PSG0088138	merged
PSG0138298	PSG0088182	merged
PSG0138295	PSG0116918	merged
PSG0141780	PSG0124821	merged
PSG0141789	PSG0124799	merged
PSG0088222	PSG0167284	split
PSG0088255	PSG0167289	split
PSG0088285	PSG0167293	split
PSG0035961	PSG0167301	split
PSG0088334	PSG0167305	split
PSG0143178	PSG0088335	merged
PSG0127897	PSG0088382	merged
PSG0088430	PSG0167327	split
PSG0088436	PSG0167329	split
PSG0137570	PSG0088465	merged
PSG0137571	PSG0088466	merged
PSG0088471	PSG0167334	split
PSG0137572	PSG0088474	merged
PSG0137573	PSG0088476	merged
PSG0088520	PSG0167346	split
PSG0132040	PSG0088597	merged
PSG0132038	PSG0088604	merged
PSG0088607	PSG0088605	merged
PSG0088609	PSG0088605	merged
PSG0115134	PSG0088606	merged
PSG0132036	PSG0088606	merged
PSG0132037	PSG0088606	merged
PSG0130580	PSG0130579	merged
PSG0130582	PSG0088629	merged
PSG0143796	PSG0088648	merged
PSG0136094	PSG0088663	merged
PSG0144201	PSG0088669	merged
PSG0136088	PSG0088684	merged
PSG0136087	PSG0088686	merged
PSG0136086	PSG0088699	merged
PSG0136084	PSG0088711	merged
PSG0088759	PSG0088758	merged
PSG0135329	PSG0088817	merged
PSG0144847	PSG0088817	merged
PSG0135326	PSG0088845	merged
PSG0139846	PSG0088896	merged
PSG0088907	PSG0167420	split
PSG0088907	PSG0167421	split
PSG0108550	PSG0167427	split
PSG0133634	PSG0088954	merged
PSG0094542	PSG0088956	merged
PSG0094544	PSG0088961	merged
PSG0140365	PSG0088976	merged
PSG0127916	PSG0088988	merged
PSG0135332	PSG0088990	merged
PSG0142024	PSG0089078	merged
PSG0145903	PSG0089112	merged
PSG0145905	PSG0089139	merged
PSG0144086	PSG0104367	merged
PSG0111052	PSG0089142	merged
PSG0125086	PSG0089142	merged
PSG0111051	PSG0089143	merged
PSG0050402	PSG0167492	split
PSG0148365	PSG0089210	merged
PSG0148366	PSG0089215	merged
PSG0089230	PSG0089229	merged
PSG0137318	PSG0089241	merged
PSG0137148	PSG0089290	merged
PSG0137150	PSG0089308	merged
PSG0149067	PSG0135167	merged
PSG0130034	PSG0167539	split
PSG0130034	PSG0167540	split
PSG0089421	PSG0089420	merged
PSG0135172	PSG0089428	merged
PSG0135174	PSG0089436	merged
PSG0089446	PSG0167547	split
PSG0089470	PSG0167549	split
PSG0145064	PSG0089512	merged
PSG0138291	PSG0089584	merged
PSG0140331	PSG0089647	merged
PSG0141849	PSG0089647	merged
PSG0134786	PSG0113977	merged
PSG0141850	PSG0113977	merged
PSG0100702	PSG0089651	merged
PSG0130193	PSG0089678	merged
PSG0120112	PSG0089708	merged
PSG0132818	PSG0089800	merged
PSG0132819	PSG0117614	merged
PSG0142797	PSG0089884	merged
PSG0136069	PSG0089897	merged
PSG0136292	PSG0089897	merged
PSG0089974	PSG0167651	split
PSG0136277	PSG0089990	merged
PSG0141625	PSG0089990	merged
PSG0089991	PSG0167655	split
PSG0132848	PSG0090023	merged
PSG0132850	PSG0090029	merged
PSG0132852	PSG0090036	merged
PSG0085883	PSG0167671	split
PSG0132580	PSG0090064	merged
PSG0090078	PSG0167678	split
PSG0147051	PSG0090099	merged
PSG0132576	PSG0090106	merged
PSG0143758	PSG0090106	merged
PSG0090113	PSG0167683	split
PSG0147282	PSG0090152	merged
PSG0090177	PSG0167691	split
PSG0090216	PSG0167703	split
PSG0145239	PSG0090272	merged
PSG0112965	PSG0090281	merged
PSG0115929	PSG0090281	merged
PSG0131256	PSG0090292	merged
PSG0141155	PSG0090324	merged
PSG0141955	PSG0090324	merged
PSG0141156	PSG0090325	merged
PSG0141954	PSG0090325	merged
PSG0141157	PSG0090327	merged
PSG0141953	PSG0090327	merged
PSG0141158	PSG0090332	merged
PSG0141952	PSG0090332	merged
PSG0141159	PSG0090339	merged
PSG0141949	PSG0090339	merged
PSG0141160	PSG0090340	merged
PSG0141948	PSG0090340	merged
PSG0141161	PSG0090344	merged
PSG0141947	PSG0090344	merged
PSG0090353	PSG0167724	split
PSG0090398	PSG0167738	split
PSG0090398	PSG0167739	split
PSG0116354	PSG0090435	merged
PSG0136818	PSG0090436	merged
PSG0148862	PSG0090464	merged
PSG0149059	PSG0090464	merged
PSG0149058	PSG0090476	merged
PSG0090493	PSG0167769	split
PSG0139640	PSG0090581	merged
PSG0145293	PSG0090597	merged
PSG0139639	PSG0090602	merged
PSG0138523	PSG0090752	merged
PSG0139361	PSG0090788	merged
PSG0139364	PSG0090801	merged
PSG0102733	PSG0090821	merged
PSG0111090	PSG0090844	merged
PSG0117399	PSG0090844	merged
PSG0147476	PSG0117392	merged
PSG0129822	PSG0167850	split
PSG0136108	PSG0090915	merged
PSG0090923	PSG0167853	split
PSG0136107	PSG0090932	merged
PSG0141677	PSG0090932	merged
PSG0091077	PSG0090946	merged
PSG0114033	PSG0090946	merged
PSG0090981	PSG0167864	split
PSG0144397	PSG0114047	merged
PSG0091073	PSG0167876	split
PSG0104994	PSG0091088	merged
PSG0147617	PSG0091127	merged
PSG0141642	PSG0091131	merged
PSG0131921	PSG0091167	merged
PSG0091171	PSG0167897	split
PSG0129467	PSG0167902	split
PSG0146183	PSG0091184	merged
PSG0140484	PSG0091185	merged
PSG0142749	PSG0091322	merged
PSG0142593	PSG0091373	merged
PSG0143861	PSG0091373	merged
PSG0142594	PSG0091374	merged
PSG0134879	PSG0091431	merged
PSG0120570	PSG0167955	split
PSG0091467	PSG0167957	split
PSG0099486	PSG0091561	merged
PSG0130927	PSG0091610	merged
PSG0130928	PSG0091610	merged
PSG0108572	PSG0091611	merged
PSG0108573	PSG0091611	merged
PSG0091653	PSG0091652	merged
PSG0131865	PSG0091705	merged
PSG0091719	PSG0167991	split
PSG0138601	PSG0114927	merged
PSG0138597	PSG0114929	merged
PSG0138593	PSG0125752	merged
PSG0091764	PSG0091763	merged
PSG0147414	PSG0122189	merged
PSG0112644	PSG0091768	merged
PSG0125544	PSG0091768	merged
PSG0147413	PSG0122191	merged
PSG0012878	PSG0168012	split
PSG0143260	PSG0091857	merged
PSG0091858	PSG0168029	split
PSG0137527	PSG0091860	merged
PSG0143262	PSG0091865	merged
PSG0137528	PSG0091868	merged
PSG0147180	PSG0091936	merged
PSG0130434	PSG0091966	merged
PSG0145100	PSG0091977	merged
PSG0094540	PSG0092003	merged
PSG0119290	PSG0092003	merged
PSG0119288	PSG0168062	split
PSG0129765	PSG0129764	merged
PSG0144786	PSG0129766	merged
PSG0092018	PSG0168068	split
PSG0131681	PSG0092028	merged
PSG0092057	PSG0168075	split
PSG0111618	PSG0092084	merged
PSG0140799	PSG0120745	merged
PSG0149117	PSG0092140	merged
PSG0147809	PSG0092150	merged
PSG0147182	PSG0092188	merged
PSG0139383	PSG0092241	merged
PSG0135853	PSG0122796	merged
PSG0146997	PSG0122796	merged
PSG0135852	PSG0122791	merged
PSG0092315	PSG0168133	split
PSG0092317	PSG0168134	split
PSG0143790	PSG0092381	merged
PSG0125172	PSG0168153	split
PSG0139085	PSG0125018	merged
PSG0141612	PSG0092460	merged
PSG0141604	PSG0092475	merged
PSG0092496	PSG0168174	split
PSG0092551	PSG0168186	split
PSG0092598	PSG0168196	split
PSG0092630	PSG0168202	split
PSG0092698	PSG0092697	merged
PSG0133138	PSG0092716	merged
PSG0124823	PSG0092734	merged
PSG0145472	PSG0092793	merged
PSG0092831	PSG0168240	split
PSG0092867	PSG0168243	split
PSG0145568	PSG0092882	merged
PSG0092886	PSG0168246	split
PSG0131090	PSG0092925	merged
PSG0092951	PSG0092950	merged
PSG0092962	PSG0168264	split
PSG0092968	PSG0168268	split
PSG0139680	PSG0117496	merged
PSG0093006	PSG0168278	split
PSG0145633	PSG0093017	merged
PSG0132596	PSG0093048	merged
PSG0146459	PSG0093071	merged
PSG0125630	PSG0093073	merged
PSG0115387	PSG0093078	merged
PSG0093115	PSG0093114	merged
PSG0134424	PSG0093128	merged
PSG0143259	PSG0093157	merged
PSG0143258	PSG0093159	merged
PSG0141404	PSG0093206	merged
PSG0141403	PSG0093209	merged
PSG0148149	PSG0093246	merged
PSG0110528	PSG0093282	merged
PSG0135261	PSG0093287	merged
PSG0135263	PSG0093301	merged
PSG0146945	PSG0093315	merged
PSG0135266	PSG0093322	merged
PSG0135269	PSG0093322	merged
PSG0093322	PSG0168339	split
PSG0135267	PSG0093323	merged
PSG0135268	PSG0093323	merged
PSG0135270	PSG0093323	merged
PSG0135271	PSG0093330	merged
PSG0135274	PSG0093339	merged
PSG0093350	PSG0168344	split
PSG0093353	PSG0093352	merged
PSG0134459	PSG0093432	merged
PSG0134454	PSG0093447	merged
PSG0128479	PSG0168378	split
PSG0146696	PSG0093503	merged
PSG0140662	PSG0093525	merged
PSG0146695	PSG0093525	merged
PSG0140661	PSG0119879	merged
PSG0093588	PSG0093587	merged
PSG0137054	PSG0093691	merged
PSG0093701	PSG0168432	split
PSG0127046	PSG0093726	merged
PSG0093758	PSG0168441	split
PSG0146283	PSG0116807	merged
PSG0125084	PSG0093819	merged
PSG0143998	PSG0093821	merged
PSG0141488	PSG0093836	merged
PSG0093850	PSG0168463	split
PSG0093891	PSG0168477	split
PSG0127079	PSG0168480	split
PSG0111699	PSG0093894	merged
PSG0111698	PSG0093896	merged
PSG0111697	PSG0093897	merged
PSG0131989	PSG0093931	merged
PSG0121267	PSG0168495	split
PSG0136018	PSG0125089	merged
PSG0136019	PSG0125089	merged
PSG0136020	PSG0125089	merged
PSG0123991	PSG0168499	split
PSG0093939	PSG0168501	split
PSG0128968	PSG0168511	split
PSG0134826	PSG0093987	merged
PSG0142657	PSG0093987	merged
PSG0093989	PSG0168518	split
PSG0109653	PSG0094020	merged
PSG0094056	PSG0168535	split
PSG0094139	PSG0168556	split
PSG0138629	PSG0094146	merged
PSG0142148	PSG0114511	merged
PSG0094167	PSG0168559	split
PSG0137168	PSG0094168	merged
PSG0138640	PSG0094168	merged
PSG0145878	PSG0094193	merged
PSG0094197	PSG0168569	split
PSG0137174	PSG0094214	merged
PSG0147700	PSG0094244	merged
PSG0137212	PSG0094315	merged
PSG0137210	PSG0094326	merged
PSG0137202	PSG0094377	merged
PSG0141702	PSG0094393	merged
PSG0145538	PSG0094393	merged
PSG0136958	PSG0094451	merged
PSG0121726	PSG0168634	split
PSG0105463	PSG0094494	merged
PSG0136236	PSG0094494	merged
PSG0094529	PSG0168645	split
PSG0144675	PSG0094556	merged
PSG0149076	PSG0117137	merged
PSG0094583	PSG0094582	merged
PSG0126895	PSG0094582	merged
PSG0143815	PSG0094582	merged
PSG0126894	PSG0094592	merged
PSG0141052	PSG0126891	merged
PSG0141051	PSG0126888	merged
PSG0126885	PSG0094619	merged
PSG0141049	PSG0094621	merged
PSG0141044	PSG0126048	merged
PSG0148435	PSG0094644	merged
PSG0130170	PSG0094740	merged
PSG0094753	PSG0168696	split
PSG0065955	PSG0168697	split
PSG0112849	PSG0094763	merged
PSG0094815	PSG0168710	split
PSG0121463	PSG0168717	split
PSG0147263	PSG0094906	merged
PSG0139883	PSG0095040	merged
PSG0095058	PSG0095057	merged
PSG0095059	PSG0168756	split
PSG0095074	PSG0168758	split
PSG0095087	PSG0168761	split
PSG0148246	PSG0136208	merged
PSG0095099	PSG0168768	split
PSG0148248	PSG0095100	merged
PSG0114866	PSG0114865	merged
PSG0136210	PSG0095126	merged
PSG0139887	PSG0095126	merged
PSG0148251	PSG0095126	merged
PSG0124998	PSG0095189	merged
PSG0095189	PSG0168794	split
PSG0124998	PSG0168794	split
PSG0133340	PSG0095201	merged
PSG0133341	PSG0124019	merged
PSG0095265	PSG0168807	split
PSG0142911	PSG0095268	merged
PSG0095295	PSG0095294	merged
PSG0132689	PSG0127643	merged
PSG0095310	PSG0168814	split
PSG0135195	PSG0095318	merged
PSG0095340	PSG0168821	split
PSG0123192	PSG0095353	merged
PSG0142359	PSG0095357	merged
PSG0142357	PSG0123190	merged
PSG0143332	PSG0123190	merged
PSG0113221	PSG0095358	merged
PSG0095360	PSG0095359	merged
PSG0095406	PSG0168839	split
PSG0137545	PSG0095437	merged
PSG0116821	PSG0168861	split
PSG0095535	PSG0168869	split
PSG0095548	PSG0168875	split
PSG0140708	PSG0095578	merged
PSG0140709	PSG0095594	merged
PSG0146531	PSG0095647	merged
PSG0141884	PSG0095710	merged
PSG0141885	PSG0095716	merged
PSG0145093	PSG0095717	merged
PSG0145094	PSG0095732	merged
PSG0145095	PSG0095734	merged
PSG0148852	PSG0095734	merged
PSG0132932	PSG0095760	merged
PSG0141887	PSG0095760	merged
PSG0149174	PSG0095761	merged
PSG0095767	PSG0095766	merged
PSG0095771	PSG0095770	merged
PSG0141888	PSG0095770	merged
PSG0145097	PSG0095786	merged
PSG0103622	PSG0095788	merged
PSG0103621	PSG0095789	merged
PSG0149069	PSG0135147	merged
PSG0122739	PSG0168920	split
PSG0136884	PSG0095803	merged
PSG0122983	PSG0168933	split
PSG0138497	PSG0095921	merged
PSG0149039	PSG0123514	merged
PSG0095980	PSG0168965	split
PSG0096037	PSG0168980	split
PSG0096061	PSG0168987	split
PSG0133743	PSG0096081	merged
PSG0134823	PSG0126558	merged
PSG0143240	PSG0126557	merged
PSG0143237	PSG0096142	merged
PSG0143234	PSG0096154	merged
PSG0137952	PSG0096178	merged
PSG0136145	PSG0096245	merged
PSG0136144	PSG0096247	merged
PSG0119461	PSG0096264	merged
PSG0096285	PSG0169059	split
PSG0096297	PSG0169062	split
PSG0143774	PSG0096303	merged
PSG0096321	PSG0169072	split
PSG0143100	PSG0096356	merged
PSG0123670	PSG0123669	merged
PSG0131439	PSG0096388	merged
PSG0122626	PSG0096399	merged
PSG0144071	PSG0096410	merged
PSG0135128	PSG0096417	merged
PSG0096463	PSG0169112	split
PSG0100650	PSG0096468	merged
PSG0117582	PSG0096468	merged
PSG0100651	PSG0096470	merged
PSG0117581	PSG0096470	merged
PSG0096472	PSG0169114	split
PSG0131815	PSG0117559	merged
PSG0131816	PSG0117557	merged
PSG0096532	PSG0096531	merged
PSG0134568	PSG0096546	merged
PSG0143081	PSG0096547	merged
PSG0125336	PSG0125335	merged
PSG0142086	PSG0096571	merged
PSG0142760	PSG0096598	merged
PSG0088812	PSG0169146	split
PSG0147024	PSG0096711	merged
PSG0128080	PSG0128079	merged
PSG0096747	PSG0169175	split
PSG0149234	PSG0096748	merged
PSG0142006	PSG0096759	merged
PSG0126354	PSG0096767	merged
PSG0148096	PSG0121049	merged
PSG0133931	PSG0096816	merged
PSG0139060	PSG0096816	merged
PSG0117779	PSG0096819	merged
PSG0139059	PSG0096842	merged
PSG0139058	PSG0117772	merged
PSG0149151	PSG0096872	merged
PSG0133928	PSG0096875	merged
PSG0133927	PSG0096877	merged
PSG0139054	PSG0096877	merged
PSG0133926	PSG0096898	merged
PSG0148836	PSG0096908	merged
PSG0148877	PSG0096908	merged
PSG0148956	PSG0096927	merged
PSG0138686	PSG0096953	merged
PSG0126747	PSG0096961	merged
PSG0125142	PSG0096990	merged
PSG0096990	PSG0169234	split
PSG0097080	PSG0169252	split
PSG0140573	PSG0097085	merged
PSG0097089	PSG0169254	split
PSG0140570	PSG0097105	merged
PSG0140569	PSG0097108	merged
PSG0149061	PSG0169259	split
PSG0145982	PSG0097112	merged
PSG0140556	PSG0097168	merged
PSG0140555	PSG0097170	merged
PSG0097192	PSG0169278	split
PSG0140552	PSG0097204	merged
PSG0140257	PSG0097230	merged
PSG0140252	PSG0097249	merged
PSG0117145	PSG0169285	split
PSG0140244	PSG0097311	merged
PSG0145850	PSG0097334	merged
PSG0120490	PSG0097348	merged
PSG0147299	PSG0097359	merged
PSG0097418	PSG0169316	split
PSG0131154	PSG0097428	merged
PSG0133561	PSG0097470	merged
PSG0141574	PSG0097480	merged
PSG0146196	PSG0141575	merged
PSG0141552	PSG0097555	merged
PSG0125484	PSG0097559	merged
PSG0122518	PSG0097605	merged
PSG0145405	PSG0097628	merged
PSG0143135	PSG0097641	merged
PSG0131926	PSG0097683	merged
PSG0149124	PSG0097779	merged
PSG0097790	PSG0169378	split
PSG0097800	PSG0169380	split
PSG0145662	PSG0097809	merged
PSG0145664	PSG0097835	merged
PSG0097836	PSG0169386	split
PSG0136000	PSG0097849	merged
PSG0133140	PSG0097908	merged
PSG0104723	PSG0097918	merged
PSG0128492	PSG0104718	merged
PSG0141451	PSG0104718	merged
PSG0097936	PSG0169414	split
PSG0097936	PSG0097935	merged
PSG0149230	PSG0097945	merged
PSG0130921	PSG0097960	merged
PSG0139264	PSG0097990	merged
PSG0139262	PSG0097991	merged
PSG0147421	PSG0097995	merged
PSG0107695	PSG0098009	merged
PSG0107697	PSG0098010	merged
PSG0114750	PSG0169441	split
PSG0137804	PSG0098052	merged
PSG0148868	PSG0098101	merged
PSG0137910	PSG0098111	merged
PSG0137911	PSG0098112	merged
PSG0137913	PSG0105032	merged
PSG0149035	PSG0137915	merged
PSG0137917	PSG0098117	merged
PSG0106663	PSG0098120	merged
PSG0115714	PSG0098120	merged
PSG0098126	PSG0169462	split
PSG0098128	PSG0098127	merged
PSG0098134	PSG0098130	merged
PSG0137920	PSG0098130	merged
PSG0137923	PSG0098130	merged
PSG0137922	PSG0098131	merged
PSG0137925	PSG0098145	merged
PSG0148376	PSG0098163	merged
PSG0148475	PSG0098163	merged
PSG0148474	PSG0098167	merged
PSG0105784	PSG0100299	merged
PSG0137928	PSG0100299	merged
PSG0105789	PSG0098186	merged
PSG0098188	PSG0169480	split
PSG0135676	PSG0098213	merged
PSG0123919	PSG0098227	merged
PSG0135675	PSG0098227	merged
PSG0098229	PSG0169488	split
PSG0135673	PSG0123916	merged
PSG0112801	PSG0098245	merged
PSG0133870	PSG0122481	merged
PSG0145378	PSG0122486	merged
PSG0133867	PSG0098272	merged
PSG0139605	PSG0098276	merged
PSG0138745	PSG0119131	merged
PSG0139604	PSG0119131	merged
PSG0138747	PSG0098285	merged
PSG0138753	PSG0098305	merged
PSG0098322	PSG0169501	split
PSG0140844	PSG0098438	merged
PSG0141919	PSG0098491	merged
PSG0098492	PSG0169525	split
PSG0143950	PSG0098541	merged
PSG0139047	PSG0098584	merged
PSG0099057	PSG0098593	merged
PSG0098615	PSG0098614	merged
PSG0098630	PSG0169554	split
PSG0098665	PSG0169561	split
PSG0134638	PSG0098670	merged
PSG0135693	PSG0110469	merged
PSG0098703	PSG0169570	split
PSG0121236	PSG0169573	split
PSG0139271	PSG0098723	merged
PSG0135419	PSG0098726	merged
PSG0144080	PSG0098726	merged
PSG0138254	PSG0123482	merged
PSG0138257	PSG0098738	merged
PSG0138258	PSG0169583	split
PSG0141563	PSG0169586	split
PSG0141680	PSG0124194	merged
PSG0121617	PSG0169596	split
PSG0123544	PSG0098828	merged
PSG0148413	PSG0098842	merged
PSG0136893	PSG0098854	merged
PSG0098859	PSG0169620	split
PSG0136892	PSG0098877	merged
PSG0148415	PSG0098891	merged
PSG0131338	PSG0098919	merged
PSG0130117	PSG0098978	merged
PSG0141938	PSG0099005	merged
PSG0099015	PSG0169662	split
PSG0141933	PSG0099034	merged
PSG0099051	PSG0169671	split
PSG0145922	PSG0099080	merged
PSG0142983	PSG0099092	merged
PSG0136932	PSG0099093	merged
PSG0142982	PSG0099093	merged
PSG0142981	PSG0099095	merged
PSG0145920	PSG0099113	merged
PSG0146535	PSG0099138	merged
PSG0135105	PSG0099144	merged
PSG0099159	PSG0169693	split
PSG0135099	PSG0099232	merged
PSG0143478	PSG0099232	merged
PSG0135098	PSG0099241	merged
PSG0135096	PSG0099253	merged
PSG0135095	PSG0099254	merged
PSG0143479	PSG0099255	merged
PSG0147433	PSG0111346	merged
PSG0099271	PSG0169715	split
PSG0148570	PSG0099275	merged
PSG0099307	PSG0169733	split
PSG0133267	PSG0099309	merged
PSG0136015	PSG0099346	merged
PSG0136017	PSG0099364	merged
PSG0145899	PSG0099364	merged
PSG0145897	PSG0099385	merged
PSG0146914	PSG0099397	merged
PSG0140537	PSG0099402	merged
PSG0148311	PSG0099423	merged
PSG0099427	PSG0099425	merged
PSG0099427	PSG0169766	split
PSG0133038	PSG0099470	merged
PSG0136535	PSG0099472	merged
PSG0099484	PSG0169779	split
PSG0119653	PSG0112223	merged
PSG0112222	PSG0099508	merged
PSG0119655	PSG0099508	merged
PSG0146855	PSG0099511	merged
PSG0134699	PSG0099521	merged
PSG0136219	PSG0122667	merged
PSG0110876	PSG0099544	merged
PSG0148259	PSG0099563	merged
PSG0148258	PSG0099567	merged
PSG0148257	PSG0099575	merged
PSG0099589	PSG0169807	split
PSG0148255	PSG0099595	merged
PSG0148253	PSG0099604	merged
PSG0114867	PSG0169817	split
PSG0142153	PSG0099650	merged
PSG0145781	PSG0099676	merged
PSG0099676	PSG0169824	split
PSG0145781	PSG0169824	split
PSG0099689	PSG0169828	split
PSG0132140	PSG0123781	merged
PSG0145779	PSG0132144	merged
PSG0136288	PSG0099759	merged
PSG0136289	PSG0114063	merged
PSG0136290	PSG0099768	merged
PSG0145960	PSG0113837	merged
PSG0103414	PSG0099844	merged
PSG0103415	PSG0099845	merged
PSG0133871	PSG0099868	merged
PSG0099871	PSG0169867	split
PSG0123929	PSG0099884	merged
PSG0099891	PSG0099890	merged
PSG0137904	PSG0099912	merged
PSG0143415	PSG0099912	merged
PSG0137903	PSG0099913	merged
PSG0143416	PSG0099913	merged
PSG0137902	PSG0099914	merged
PSG0143417	PSG0099914	merged
PSG0143418	PSG0137901	merged
PSG0148869	PSG0137901	merged
PSG0143419	PSG0137900	merged
PSG0148870	PSG0137900	merged
PSG0110481	PSG0099915	merged
PSG0148871	PSG0099915	merged
PSG0099947	PSG0099946	merged
PSG0132558	PSG0099961	merged
PSG0132557	PSG0099962	merged
PSG0142958	PSG0099997	merged
PSG0144664	PSG0100014	merged
PSG0142964	PSG0100017	merged
PSG0100032	PSG0100031	merged
PSG0113152	PSG0100031	merged
PSG0125467	PSG0100031	merged
PSG0126255	PSG0100031	merged
PSG0133070	PSG0100031	merged
PSG0133073	PSG0100031	merged
PSG0133074	PSG0100031	merged
PSG0135832	PSG0100031	merged
PSG0113153	PSG0103219	merged
PSG0133069	PSG0103219	merged
PSG0133071	PSG0103219	merged
PSG0133075	PSG0103219	merged
PSG0147581	PSG0100069	merged
PSG0109923	PSG0100135	merged
PSG0145133	PSG0126647	merged
PSG0140234	PSG0100147	merged
PSG0142230	PSG0100156	merged
PSG0148693	PSG0100156	merged
PSG0100173	PSG0100172	merged
PSG0147428	PSG0100209	merged
PSG0100212	PSG0100211	merged
PSG0100239	PSG0100238	merged
PSG0137937	PSG0100292	merged
PSG0145493	PSG0100365	merged
PSG0131421	PSG0100398	merged
PSG0100402	PSG0100401	merged
PSG0136178	PSG0100418	merged
PSG0145327	PSG0100423	merged
PSG0145327	PSG0170014	split
PSG0136180	PSG0100428	merged
PSG0136181	PSG0100435	merged
PSG0140889	PSG0100435	merged
PSG0136183	PSG0100438	merged
PSG0140890	PSG0100452	merged
PSG0125071	PSG0100504	merged
PSG0100522	PSG0100521	merged
PSG0140399	PSG0100546	merged
PSG0136962	PSG0100566	merged
PSG0136963	PSG0100570	merged
PSG0149113	PSG0100600	merged
PSG0100623	PSG0100622	merged
PSG0100639	PSG0170074	split
PSG0148346	PSG0100717	merged
PSG0133334	PSG0100768	merged
PSG0100827	PSG0170118	split
PSG0132100	PSG0100844	merged
PSG0143826	PSG0100846	merged
PSG0100854	PSG0170123	split
PSG0139550	PSG0170123	split
PSG0139550	PSG0100854	merged
PSG0143825	PSG0100854	merged
PSG0139549	PSG0100855	merged
PSG0143824	PSG0100855	merged
PSG0143823	PSG0100856	merged
PSG0139548	PSG0100862	merged
PSG0143822	PSG0100862	merged
PSG0139547	PSG0100867	merged
PSG0143820	PSG0100867	merged
PSG0139546	PSG0100869	merged
PSG0143819	PSG0100869	merged
PSG0127793	PSG0170147	split
PSG0143692	PSG0100969	merged
PSG0101025	PSG0170163	split
PSG0139090	PSG0101063	merged
PSG0101076	PSG0170172	split
PSG0144691	PSG0123625	merged
PSG0143294	PSG0101117	merged
PSG0101126	PSG0170186	split
PSG0143296	PSG0170186	split
PSG0135834	PSG0101168	merged
PSG0144688	PSG0101177	merged
PSG0144687	PSG0101179	merged
PSG0144686	PSG0101180	merged
PSG0107567	PSG0101197	merged
PSG0135184	PSG0101215	merged
PSG0144684	PSG0101215	merged
PSG0101257	PSG0170217	split
PSG0101339	PSG0101338	merged
PSG0107347	PSG0101340	merged
PSG0125936	PSG0101340	merged
PSG0133079	PSG0101346	merged
PSG0139305	PSG0101346	merged
PSG0132003	PSG0101364	merged
PSG0138712	PSG0101397	merged
PSG0125028	PSG0101408	merged
PSG0146975	PSG0101419	merged
PSG0113281	PSG0101495	merged
PSG0144698	PSG0101495	merged
PSG0108358	PSG0101533	merged
PSG0136759	PSG0101560	merged
PSG0147153	PSG0101575	merged
PSG0101595	PSG0170293	split
PSG0101613	PSG0101611	merged
PSG0136768	PSG0101614	merged
PSG0136770	PSG0120891	merged
PSG0103233	PSG0101691	merged
PSG0148324	PSG0126291	merged
PSG0107196	PSG0101757	merged
PSG0114251	PSG0101757	merged
PSG0107195	PSG0101758	merged
PSG0146457	PSG0115399	merged
PSG0101764	PSG0170320	split
PSG0137284	PSG0101765	merged
PSG0101822	PSG0170335	split
PSG0114497	PSG0170339	split
PSG0101899	PSG0170355	split
PSG0136276	PSG0101911	merged
PSG0101913	PSG0170356	split
PSG0101988	PSG0170383	split
PSG0146086	PSG0101988	merged
PSG0143504	PSG0101994	merged
PSG0143502	PSG0102003	merged
PSG0126713	PSG0170401	split
PSG0113237	PSG0102026	merged
PSG0139210	PSG0102050	merged
PSG0102069	PSG0170411	split
PSG0140728	PSG0102071	merged
PSG0102075	PSG0170413	split
PSG0146711	PSG0102079	merged
PSG0140726	PSG0102094	merged
PSG0136027	PSG0102137	merged
PSG0133343	PSG0102171	merged
PSG0140262	PSG0102171	merged
PSG0125088	PSG0170435	split
PSG0133345	PSG0102182	merged
PSG0133346	PSG0102205	merged
PSG0146420	PSG0102243	merged
PSG0146418	PSG0102267	merged
PSG0102286	PSG0170461	split
PSG0061629	PSG0170467	split
PSG0109001	PSG0102369	merged
PSG0128832	PSG0102369	merged
PSG0133072	PSG0102386	merged
PSG0102386	PSG0170480	split
PSG0102388	PSG0170481	split
PSG0126144	PSG0125885	merged
PSG0148325	PSG0125885	merged
PSG0118320	PSG0113007	merged
PSG0146020	PSG0102445	merged
PSG0139573	PSG0102460	merged
PSG0146023	PSG0102474	merged
PSG0146024	PSG0102479	merged
PSG0102487	PSG0170495	split
PSG0102526	PSG0170507	split
PSG0127548	PSG0102545	merged
PSG0147517	PSG0102546	merged
PSG0085572	PSG0170509	split
PSG0130097	PSG0170535	split
PSG0144266	PSG0102669	merged
PSG0102675	PSG0170537	split
PSG0102724	PSG0170549	split
PSG0112637	PSG0102736	merged
PSG0125954	PSG0102736	merged
PSG0112639	PSG0102738	merged
PSG0102796	PSG0102795	merged
PSG0146387	PSG0102806	merged
PSG0149102	PSG0102817	merged
PSG0102839	PSG0170572	split
PSG0139180	PSG0102866	merged
PSG0139181	PSG0102866	merged
PSG0139182	PSG0102866	merged
PSG0147506	PSG0102866	merged
PSG0123550	PSG0102881	merged
PSG0139245	PSG0102906	merged
PSG0149186	PSG0102919	merged
PSG0132828	PSG0102926	merged
PSG0142459	PSG0102926	merged
PSG0132827	PSG0102934	merged
PSG0142461	PSG0102934	merged
PSG0132826	PSG0102936	merged
PSG0142462	PSG0102936	merged
PSG0132825	PSG0102938	merged
PSG0142463	PSG0102938	merged
PSG0132824	PSG0102939	merged
PSG0142464	PSG0102939	merged
PSG0132823	PSG0102940	merged
PSG0142465	PSG0102940	merged
PSG0132822	PSG0102942	merged
PSG0142466	PSG0102942	merged
PSG0124486	PSG0102951	merged
PSG0102970	PSG0102969	merged
PSG0140036	PSG0102974	merged
PSG0140035	PSG0102975	merged
PSG0141483	PSG0102975	merged
PSG0129810	PSG0102986	merged
PSG0140034	PSG0103002	merged
PSG0141027	PSG0103002	merged
PSG0103016	PSG0170605	split
PSG0144117	PSG0103032	merged
PSG0147251	PSG0140353	merged
PSG0103111	PSG0170620	split
PSG0144037	PSG0103113	merged
PSG0126191	PSG0125923	merged
PSG0133954	PSG0125923	merged
PSG0133953	PSG0133952	merged
PSG0133955	PSG0133952	merged
PSG0140316	PSG0133952	merged
PSG0148537	PSG0105353	merged
PSG0133066	PSG0103231	merged
PSG0146207	PSG0103242	merged
PSG0146206	PSG0103250	merged
PSG0140746	PSG0103256	merged
PSG0140747	PSG0103256	merged
PSG0130480	PSG0103257	merged
PSG0146205	PSG0103257	merged
PSG0134813	PSG0103272	merged
PSG0103292	PSG0103291	merged
PSG0134811	PSG0103298	merged
PSG0141507	PSG0103327	merged
PSG0103345	PSG0103343	merged
PSG0141509	PSG0103346	merged
PSG0103387	PSG0103386	merged
PSG0143089	PSG0103409	merged
PSG0132642	PSG0103447	merged
PSG0132639	PSG0103488	merged
PSG0148856	PSG0103506	merged
PSG0134301	PSG0110183	merged
PSG0142345	PSG0110183	merged
PSG0114953	PSG0170735	split
PSG0148655	PSG0103557	merged
PSG0148810	PSG0103568	merged
PSG0132114	PSG0103597	merged
PSG0103611	PSG0170749	split
PSG0108974	PSG0103639	merged
PSG0103771	PSG0170775	split
PSG0103782	PSG0170778	split
PSG0103791	PSG0170785	split
PSG0142367	PSG0103791	merged
PSG0142370	PSG0103794	merged
PSG0103794	PSG0170787	split
PSG0142370	PSG0170787	split
PSG0144033	PSG0103806	merged
PSG0103812	PSG0170793	split
PSG0133090	PSG0103829	merged
PSG0133089	PSG0103846	merged
PSG0146811	PSG0127749	merged
PSG0107583	PSG0103893	merged
PSG0139154	PSG0124972	merged
PSG0140097	PSG0124972	merged
PSG0139153	PSG0125469	merged
PSG0140098	PSG0125469	merged
PSG0139152	PSG0126855	merged
PSG0140099	PSG0126855	merged
PSG0103897	PSG0170814	split
PSG0107884	PSG0103899	merged
PSG0139815	PSG0103909	merged
PSG0103919	PSG0170822	split
PSG0138636	PSG0125737	merged
PSG0148296	PSG0103972	merged
PSG0103982	PSG0170838	split
PSG0142398	PSG0142242	merged
PSG0135399	PSG0104055	merged
PSG0110878	PSG0104107	merged
PSG0118528	PSG0170862	split
PSG0104138	PSG0170867	split
PSG0112967	PSG0104175	merged
PSG0109681	PSG0104188	merged
PSG0104190	PSG0170884	split
PSG0140432	PSG0104194	merged
PSG0142228	PSG0104206	merged
PSG0132539	PSG0125030	merged
PSG0109852	PSG0104324	merged
PSG0104396	PSG0170938	split
PSG0144820	PSG0104430	merged
PSG0149194	PSG0127152	merged
PSG0113128	PSG0104458	merged
PSG0147880	PSG0104575	merged
PSG0140414	PSG0104589	merged
PSG0124270	PSG0104595	merged
PSG0147877	PSG0104610	merged
PSG0104635	PSG0104634	merged
PSG0104662	PSG0171003	split
PSG0139961	PSG0104692	merged
PSG0134952	PSG0104796	merged
PSG0138079	PSG0121602	merged
PSG0138259	PSG0104815	merged
PSG0148426	PSG0104815	merged
PSG0148425	PSG0104816	merged
PSG0113798	PSG0171069	split
PSG0146594	PSG0104972	merged
PSG0113177	PSG0104992	merged
PSG0141280	PSG0104992	merged
PSG0132866	PSG0105013	merged
PSG0105044	PSG0171091	split
PSG0136250	PSG0171091	split
PSG0134069	PSG0105107	merged
PSG0135641	PSG0105137	merged
PSG0105140	PSG0171107	split
PSG0135804	PSG0105160	merged
PSG0105198	PSG0171121	split
PSG0126701	PSG0105221	merged
PSG0143714	PSG0105234	merged
PSG0113224	PSG0105238	merged
PSG0125622	PSG0105238	merged
PSG0105239	PSG0171137	split
PSG0143711	PSG0126700	merged
PSG0147434	PSG0105253	merged
PSG0131471	PSG0105284	merged
PSG0137140	PSG0105311	merged
PSG0142939	PSG0105311	merged
PSG0137141	PSG0105312	merged
PSG0142940	PSG0105312	merged
PSG0137142	PSG0105313	merged
PSG0137143	PSG0105314	merged
PSG0142941	PSG0105314	merged
PSG0137144	PSG0105316	merged
PSG0142942	PSG0105316	merged
PSG0137145	PSG0105317	merged
PSG0142943	PSG0105317	merged
PSG0137147	PSG0105324	merged
PSG0142944	PSG0105324	merged
PSG0135295	PSG0105330	merged
PSG0142945	PSG0105330	merged
PSG0142946	PSG0105331	merged
PSG0135296	PSG0105339	merged
PSG0142947	PSG0105339	merged
PSG0105398	PSG0105397	merged
PSG0139440	PSG0105397	merged
PSG0132863	PSG0105411	merged
PSG0125685	PSG0125490	merged
PSG0148453	PSG0105523	merged
PSG0140956	PSG0105559	merged
PSG0133823	PSG0105670	merged
PSG0138892	PSG0105691	merged
PSG0135464	PSG0105709	merged
PSG0135465	PSG0105715	merged
PSG0105724	PSG0105723	merged
PSG0131445	PSG0105745	merged
PSG0135934	PSG0105745	merged
PSG0131444	PSG0105746	merged
PSG0135933	PSG0105746	merged
PSG0131443	PSG0105752	merged
PSG0135932	PSG0123660	merged
PSG0146664	PSG0105829	merged
PSG0136702	PSG0105846	merged
PSG0138739	PSG0171293	split
PSG0145312	PSG0105871	merged
PSG0138074	PSG0105943	merged
PSG0104810	PSG0171320	split
PSG0105990	PSG0171323	split
PSG0142134	PSG0106000	merged
PSG0146282	PSG0106000	merged
PSG0106003	PSG0171326	split
PSG0144146	PSG0106014	merged
PSG0127135	PSG0106093	merged
PSG0121620	PSG0106111	merged
PSG0112822	PSG0106118	merged
PSG0133855	PSG0125390	merged
PSG0147253	PSG0133853	merged
PSG0106127	PSG0171353	split
PSG0142770	PSG0106174	merged
PSG0146720	PSG0106202	merged
PSG0106223	PSG0171379	split
PSG0106253	PSG0106252	merged
PSG0146330	PSG0106275	merged
PSG0118520	PSG0106277	merged
PSG0139445	PSG0106283	merged
PSG0130812	PSG0106287	merged
PSG0130811	PSG0106292	merged
PSG0145107	PSG0106297	merged
PSG0145105	PSG0106309	merged
PSG0145104	PSG0106310	merged
PSG0132940	PSG0106328	merged
PSG0106332	PSG0171395	split
PSG0148593	PSG0106387	merged
PSG0123060	PSG0106467	merged
PSG0137948	PSG0125678	merged
PSG0117797	PSG0171430	split
PSG0106535	PSG0171441	split
PSG0106547	PSG0171445	split
PSG0146045	PSG0115718	merged
PSG0147365	PSG0115718	merged
PSG0106636	PSG0171466	split
PSG0112052	PSG0106682	merged
PSG0122273	PSG0106705	merged
PSG0136168	PSG0171489	split
PSG0149050	PSG0106727	merged
PSG0125776	PSG0106745	merged
PSG0145325	PSG0106757	merged
PSG0119204	PSG0106784	merged
PSG0147309	PSG0106816	merged
PSG0106847	PSG0106846	merged
PSG0106932	PSG0106860	merged
PSG0123416	PSG0106860	merged
PSG0136785	PSG0127422	merged
PSG0136783	PSG0106881	merged
PSG0141569	PSG0106898	merged
PSG0146200	PSG0106899	merged
PSG0145632	PSG0106929	merged
PSG0106958	PSG0106957	merged
PSG0107003	PSG0107002	merged
PSG0107020	PSG0171538	split
PSG0116985	PSG0107068	merged
PSG0141973	PSG0107114	merged
PSG0141993	PSG0107143	merged
PSG0144216	PSG0107223	merged
PSG0143583	PSG0107319	merged
PSG0117746	PSG0171620	split
PSG0125856	PSG0107419	merged
PSG0132770	PSG0107422	merged
PSG0141278	PSG0107422	merged
PSG0107424	PSG0107423	merged
PSG0141279	PSG0107423	merged
PSG0138617	PSG0107451	merged
PSG0138614	PSG0107460	merged
PSG0138606	PSG0107481	merged
PSG0138604	PSG0107499	merged
PSG0136227	PSG0107508	merged
PSG0136234	PSG0107534	merged
PSG0138769	PSG0107551	merged
PSG0138770	PSG0107551	merged
PSG0140096	PSG0107584	merged
PSG0139150	PSG0107590	merged
PSG0140102	PSG0107590	merged
PSG0139149	PSG0107591	merged
PSG0140103	PSG0107591	merged
PSG0139148	PSG0107592	merged
PSG0140104	PSG0107592	merged
PSG0139147	PSG0107593	merged
PSG0140105	PSG0107593	merged
PSG0139146	PSG0107598	merged
PSG0140106	PSG0107598	merged
PSG0139145	PSG0107599	merged
PSG0140107	PSG0107599	merged
PSG0139144	PSG0107601	merged
PSG0139142	PSG0130153	merged
PSG0140109	PSG0130153	merged
PSG0140110	PSG0125345	merged
PSG0139140	PSG0126005	merged
PSG0140114	PSG0126005	merged
PSG0139139	PSG0126007	merged
PSG0140115	PSG0126007	merged
PSG0139138	PSG0126008	merged
PSG0139137	PSG0126009	merged
PSG0140117	PSG0126009	merged
PSG0139136	PSG0126010	merged
PSG0140118	PSG0126010	merged
PSG0112610	PSG0107607	merged
PSG0126327	PSG0107607	merged
PSG0131061	PSG0107620	merged
PSG0148736	PSG0107649	merged
PSG0124281	PSG0107670	merged
PSG0133045	PSG0107719	merged
PSG0133047	PSG0107727	merged
PSG0124099	PSG0107734	merged
PSG0128539	PSG0107739	merged
PSG0133050	PSG0107739	merged
PSG0133051	PSG0107739	merged
PSG0133052	PSG0107739	merged
PSG0133053	PSG0107739	merged
PSG0107745	PSG0107744	merged
PSG0133057	PSG0107787	merged
PSG0107802	PSG0171714	split
PSG0148828	PSG0121588	merged
PSG0138083	PSG0125901	merged
PSG0107846	PSG0107845	merged
PSG0139243	PSG0107850	merged
PSG0148420	PSG0107850	merged
PSG0135138	PSG0107856	merged
PSG0135139	PSG0107857	merged
PSG0147404	PSG0107898	merged
PSG0145639	PSG0107998	merged
PSG0132499	PSG0108002	merged
PSG0132497	PSG0108009	merged
PSG0136364	PSG0116231	merged
PSG0130688	PSG0108160	merged
PSG0130691	PSG0108171	merged
PSG0142690	PSG0108301	merged
PSG0140328	PSG0108340	merged
PSG0108340	PSG0171838	split
PSG0108362	PSG0108361	merged
PSG0108371	PSG0171844	split
PSG0108393	PSG0171849	split
PSG0020850	PSG0171868	split
PSG0073455	PSG0171871	split
PSG0133723	PSG0124514	merged
PSG0108509	PSG0108508	merged
PSG0138116	PSG0108508	merged
PSG0138117	PSG0108508	merged
PSG0148779	PSG0108508	merged
PSG0133726	PSG0108511	merged
PSG0125521	PSG0108512	merged
PSG0149087	PSG0108514	merged
PSG0128480	PSG0108546	merged
PSG0118428	PSG0171881	split
PSG0108570	PSG0108569	merged
PSG0143471	PSG0108608	merged
PSG0143472	PSG0108609	merged
PSG0133825	PSG0108647	merged
PSG0133826	PSG0108648	merged
PSG0143924	PSG0108648	merged
PSG0143923	PSG0108650	merged
PSG0143921	PSG0108654	merged
PSG0108670	PSG0171911	split
PSG0147970	PSG0108681	merged
PSG0142597	PSG0108721	merged
PSG0108726	PSG0171922	split
PSG0108738	PSG0108737	merged
PSG0142596	PSG0108741	merged
PSG0148098	PSG0108829	merged
PSG0138057	PSG0108851	merged
PSG0138058	PSG0108852	merged
PSG0138059	PSG0108854	merged
PSG0126845	PSG0171958	split
PSG0133431	PSG0108921	merged
PSG0108934	PSG0171960	split
PSG0148124	PSG0108946	merged
PSG0148123	PSG0108949	merged
PSG0137229	PSG0108981	merged
PSG0147555	PSG0109004	merged
PSG0135850	PSG0109055	merged
PSG0135849	PSG0109057	merged
PSG0125733	PSG0109063	merged
PSG0135846	PSG0109069	merged
PSG0143431	PSG0109088	merged
PSG0147823	PSG0109116	merged
PSG0147821	PSG0109132	merged
PSG0133224	PSG0109150	merged
PSG0147818	PSG0109151	merged
PSG0139328	PSG0109178	merged
PSG0139331	PSG0109202	merged
PSG0142074	PSG0109209	merged
PSG0109232	PSG0172031	split
PSG0139333	PSG0109233	merged
PSG0124255	PSG0172036	split
PSG0124254	PSG0109246	merged
PSG0124253	PSG0124252	merged
PSG0136911	PSG0109276	merged
PSG0138951	PSG0109276	merged
PSG0138950	PSG0109277	merged
PSG0140054	PSG0109339	merged
PSG0140053	PSG0109344	merged
PSG0124921	PSG0109372	merged
PSG0135145	PSG0109447	merged
PSG0109461	PSG0172083	split
PSG0109500	PSG0109496	merged
PSG0127885	PSG0109496	merged
PSG0135204	PSG0109493	merged
PSG0109497	PSG0109494	merged
PSG0109501	PSG0109494	merged
PSG0127886	PSG0109494	merged
PSG0141517	PSG0109586	merged
PSG0137579	PSG0109592	merged
PSG0142641	PSG0109600	merged
PSG0142642	PSG0109600	merged
PSG0142643	PSG0109600	merged
PSG0149075	PSG0109600	merged
PSG0076265	PSG0172127	split
PSG0133807	PSG0112255	merged
PSG0133808	PSG0112255	merged
PSG0112250	PSG0109641	merged
PSG0112249	PSG0109642	merged
PSG0131209	PSG0109655	merged
PSG0131210	PSG0172131	split
PSG0131214	PSG0109669	merged
PSG0109692	PSG0172138	split
PSG0146733	PSG0109706	merged
PSG0135598	PSG0109743	merged
PSG0135596	PSG0109749	merged
PSG0143780	PSG0109780	merged
PSG0109782	PSG0172163	split
PSG0146731	PSG0109786	merged
PSG0135593	PSG0109788	merged
PSG0135591	PSG0109795	merged
PSG0143786	PSG0109798	merged
PSG0139298	PSG0127592	merged
PSG0147389	PSG0109808	merged
PSG0144322	PSG0109823	merged
PSG0139821	PSG0109835	merged
PSG0144320	PSG0109844	merged
PSG0139025	PSG0109868	merged
PSG0143449	PSG0109886	merged
PSG0143446	PSG0109895	merged
PSG0137739	PSG0109912	merged
PSG0124275	PSG0109939	merged
PSG0109960	PSG0172205	split
PSG0109982	PSG0172207	split
PSG0122624	PSG0109983	merged
PSG0109985	PSG0172208	split
PSG0109987	PSG0109986	merged
PSG0145140	PSG0110003	merged
PSG0110015	PSG0172213	split
PSG0139002	PSG0110029	merged
PSG0139704	PSG0110083	merged
PSG0110094	PSG0172229	split
PSG0110102	PSG0172232	split
PSG0130062	PSG0110120	merged
PSG0147205	PSG0110187	merged
PSG0146067	PSG0110208	merged
PSG0144012	PSG0110245	merged
PSG0143680	PSG0110253	merged
PSG0110287	PSG0172279	split
PSG0149089	PSG0110304	merged
PSG0130954	PSG0110305	merged
PSG0139795	PSG0110305	merged
PSG0139803	PSG0110327	merged
PSG0143765	PSG0110362	merged
PSG0124527	PSG0110373	merged
PSG0148585	PSG0110385	merged
PSG0130380	PSG0110400	merged
PSG0111695	PSG0110470	merged
PSG0126704	PSG0110478	merged
PSG0143257	PSG0110517	merged
PSG0044594	PSG0172342	split
PSG0119154	PSG0172345	split
PSG0143367	PSG0110578	merged
PSG0110579	PSG0172348	split
PSG0120036	PSG0172354	split
PSG0142388	PSG0110668	merged
PSG0110729	PSG0172395	split
PSG0133310	PSG0110762	merged
PSG0143862	PSG0110764	merged
PSG0143579	PSG0110792	merged
PSG0148103	PSG0110815	merged
PSG0140891	PSG0110829	merged
PSG0140892	PSG0110838	merged
PSG0125561	PSG0110850	merged
PSG0125976	PSG0110925	merged
PSG0149218	PSG0110932	merged
PSG0125161	PSG0110933	merged
PSG0131840	PSG0110969	merged
PSG0110976	PSG0172453	split
PSG0139442	PSG0125814	merged
PSG0111047	PSG0172488	split
PSG0125977	PSG0172490	split
PSG0118529	PSG0111073	merged
PSG0128640	PSG0172500	split
PSG0125367	PSG0111092	merged
PSG0147186	PSG0111115	merged
PSG0147187	PSG0111122	merged
PSG0125755	PSG0172507	split
PSG0147989	PSG0111157	merged
PSG0143434	PSG0111163	merged
PSG0114656	PSG0172531	split
PSG0129788	PSG0111254	merged
PSG0138502	PSG0111266	merged
PSG0147995	PSG0111291	merged
PSG0128063	PSG0111321	merged
PSG0111351	PSG0111350	merged
PSG0147431	PSG0111362	merged
PSG0111443	PSG0172586	split
PSG0111475	PSG0172598	split
PSG0124514	PSG0172603	split
PSG0111521	PSG0111520	merged
PSG0141538	PSG0111532	merged
PSG0111534	PSG0172611	split
PSG0115141	PSG0172620	split
PSG0148148	PSG0111570	merged
PSG0141232	PSG0141231	merged
PSG0111597	PSG0172638	split
PSG0133822	PSG0111598	merged
PSG0121710	PSG0111724	merged
PSG0111726	PSG0111725	merged
PSG0111734	PSG0172670	split
PSG0143395	PSG0111775	merged
PSG0139326	PSG0111792	merged
PSG0111809	PSG0172681	split
PSG0111851	PSG0172691	split
PSG0148388	PSG0111868	merged
PSG0111870	PSG0172694	split
PSG0111871	PSG0172696	split
PSG0142379	PSG0111871	merged
PSG0111898	PSG0172708	split
PSG0134194	PSG0111906	merged
PSG0134191	PSG0111909	merged
PSG0134190	PSG0111914	merged
PSG0139970	PSG0111914	merged
PSG0134189	PSG0111918	merged
PSG0139968	PSG0111918	merged
PSG0139966	PSG0111920	merged
PSG0134188	PSG0111921	merged
PSG0139964	PSG0111938	merged
PSG0141534	PSG0111971	merged
PSG0149011	PSG0111991	merged
PSG0143326	PSG0112028	merged
PSG0144877	PSG0112030	merged
PSG0136968	PSG0112041	merged
PSG0112066	PSG0112065	merged
PSG0138473	PSG0129970	merged
PSG0112118	PSG0172763	split
PSG0135126	PSG0112131	merged
PSG0131313	PSG0112142	merged
PSG0143246	PSG0112154	merged
PSG0112190	PSG0172785	split
PSG0112208	PSG0172792	split
PSG0126060	PSG0172803	split
PSG0133812	PSG0112247	merged
PSG0141831	PSG0112247	merged
PSG0126337	PSG0112271	merged
PSG0141431	PSG0112283	merged
PSG0112327	PSG0172820	split
PSG0133020	PSG0112353	merged
PSG0112362	PSG0172827	split
PSG0143682	PSG0112416	merged
PSG0143684	PSG0112421	merged
PSG0117367	PSG0172857	split
PSG0112491	PSG0089916	merged
PSG0125792	PSG0112505	merged
PSG0132861	PSG0112540	merged
PSG0132860	PSG0112544	merged
PSG0112552	PSG0172875	split
PSG0112554	PSG0172876	split
PSG0139135	PSG0112609	merged
PSG0140121	PSG0112609	merged
PSG0125313	PSG0112642	merged
PSG0112655	PSG0074069	merged
PSG0148940	PSG0074069	merged
PSG0118243	PSG0172912	split
PSG0134988	PSG0112689	merged
PSG0141085	PSG0112730	merged
PSG0112748	PSG0172920	split
PSG0112755	PSG0172922	split
PSG0146943	PSG0112777	merged
PSG0147157	PSG0123068	merged
PSG0133917	PSG0112803	merged
PSG0144105	PSG0112816	merged
PSG0127039	PSG0172945	split
PSG0147696	PSG0112843	merged
PSG0146214	PSG0112888	merged
PSG0112912	PSG0172961	split
PSG0125438	PSG0112959	merged
PSG0112967	PSG0172970	split
PSG0128111	PSG0172981	split
PSG0135973	PSG0112998	merged
PSG0118320	PSG0172985	split
PSG0142288	PSG0113009	merged
PSG0145119	PSG0113040	merged
PSG0145120	PSG0113049	merged
PSG0145121	PSG0113052	merged
PSG0131179	PSG0113074	merged
PSG0113075	PSG0172995	split
PSG0131182	PSG0113096	merged
PSG0145124	PSG0113106	merged
PSG0144450	PSG0173008	split
PSG0145036	PSG0061207	merged
PSG0143575	PSG0113155	merged
PSG0131171	PSG0113194	merged
PSG0142356	PSG0123189	merged
PSG0143335	PSG0123189	merged
PSG0148572	PSG0113231	merged
PSG0143891	PSG0113235	merged
PSG0140122	PSG0113239	merged
PSG0040585	PSG0173068	split
PSG0091811	PSG0173118	split
PSG0022016	PSG0173135	split
PSG0077571	PSG0173194	split
PSG0018061	PSG0173292	split
PSG0053428	PSG0173308	split
PSG0024039	PSG0173320	split
PSG0094970	PSG0173330	split
PSG0032300	PSG0173341	split
PSG0144424	PSG0113923	merged
PSG0043494	PSG0173358	split
PSG0014419	PSG0173374	split
PSG0086371	PSG0173411	split
PSG0092630	PSG0173412	split
PSG0109649	PSG0173442	split
PSG0020664	PSG0173502	split
PSG0020578	PSG0173509	split
PSG0020519	PSG0173513	split
PSG0013643	PSG0173542	split
PSG0134102	PSG0173567	split
PSG0011314	PSG0173607	split
PSG0147085	PSG0114705	merged
PSG0045629	PSG0173686	split
PSG0114838	PSG0114837	merged
PSG0076146	PSG0173731	split
PSG0095074	PSG0173745	split
PSG0095085	PSG0173747	split
PSG0071221	PSG0173795	split
PSG0132078	PSG0115071	merged
PSG0132049	PSG0115105	merged
PSG0115114	PSG0173846	split
PSG0059313	PSG0173933	split
PSG0049950	PSG0173947	split
PSG0056002	PSG0173953	split
PSG0098642	PSG0173956	split
PSG0132599	PSG0093086	merged
PSG0083916	PSG0173981	split
PSG0083893	PSG0173983	split
PSG0115429	PSG0083885	merged
PSG0092329	PSG0173996	split
PSG0087550	PSG0174013	split
PSG0005326	PSG0174037	split
PSG0049107	PSG0174060	split
PSG0078468	PSG0174077	split
PSG0052952	PSG0174084	split
PSG0143848	PSG0037808	merged
PSG0106551	PSG0174107	split
PSG0115862	PSG0174169	split
PSG0090272	PSG0174192	split
PSG0116109	PSG0174255	split
PSG0010687	PSG0174313	split
PSG0037684	PSG0174348	split
PSG0095210	PSG0174391	split
PSG0109865	PSG0174531	split
PSG0011537	PSG0174543	split
PSG0107178	PSG0174586	split
PSG0068920	PSG0174710	split
PSG0068917	PSG0174711	split
PSG0149061	PSG0174795	split
PSG0097144	PSG0174796	split
PSG0097223	PSG0174797	split
PSG0097279	PSG0174799	split
PSG0117163	PSG0174801	split
PSG0117229	PSG0174844	split
PSG0034250	PSG0174874	split
PSG0060995	PSG0174901	split
PSG0046101	PSG0174928	split
PSG0014519	PSG0174960	split
PSG0049179	PSG0174969	split
PSG0106029	PSG0175045	split
PSG0106535	PSG0175080	split
PSG0102761	PSG0175091	split
PSG0029215	PSG0175122	split
PSG0118171	PSG0175275	split
PSG0059943	PSG0175293	split
PSG0102416	PSG0175340	split
PSG0021587	PSG0175388	split
PSG0030316	PSG0175404	split
PSG0104116	PSG0175472	split
PSG0063298	PSG0175476	split
PSG0019476	PSG0175478	split
PSG0019502	PSG0175481	split
PSG0000946	PSG0175506	split
PSG0118618	PSG0175539	split
PSG0118636	PSG0175542	split
PSG0113265	PSG0175608	split
PSG0023844	PSG0175609	split
PSG0087908	PSG0175642	split
PSG0085369	PSG0175645	split
PSG0043523	PSG0175652	split
PSG0043720	PSG0175664	split
PSG0043720	PSG0175665	split
PSG0134600	PSG0084800	merged
PSG0000320	PSG0175711	split
PSG0094501	PSG0175776	split
PSG0145088	PSG0119136	merged
PSG0145086	PSG0080867	merged
PSG0119320	PSG0106346	merged
PSG0119330	PSG0175851	split
PSG0009233	PSG0175855	split
PSG0012648	PSG0175932	split
PSG0085170	PSG0175984	split
PSG0051726	PSG0176008	split
PSG0097016	PSG0176042	split
PSG0133782	PSG0176163	split
PSG0082303	PSG0176175	split
PSG0093595	PSG0176187	split
PSG0077973	PSG0176205	split
PSG0061409	PSG0176274	split
PSG0104206	PSG0176279	split
PSG0027481	PSG0176287	split
PSG0120140	PSG0176305	split
PSG0011468	PSG0176320	split
PSG0011468	PSG0176321	split
PSG0120215	PSG0176351	split
PSG0140678	PSG0111956	merged
PSG0022981	PSG0176379	split
PSG0022924	PSG0176382	split
PSG0022924	PSG0176383	split
PSG0139576	PSG0176401	split
PSG0083725	PSG0176403	split
PSG0068812	PSG0176513	split
PSG0148028	PSG0120613	merged
PSG0001419	PSG0176518	split
PSG0144914	PSG0120632	merged
PSG0087411	PSG0176556	split
PSG0087417	PSG0176557	split
PSG0085722	PSG0176613	split
PSG0120831	PSG0176621	split
PSG0136743	PSG0120921	merged
PSG0140197	PSG0120921	merged
PSG0136742	PSG0120922	merged
PSG0094305	PSG0176669	split
PSG0094328	PSG0176674	split
PSG0094341	PSG0176677	split
PSG0000038	PSG0176695	split
PSG0121055	PSG0121054	merged
PSG0121056	PSG0176708	split
PSG0021252	PSG0176726	split
PSG0068490	PSG0176781	split
PSG0085061	PSG0176784	split
PSG0147010	PSG0176795	split
PSG0121327	PSG0176807	split
PSG0121339	PSG0176814	split
PSG0039636	PSG0176838	split
PSG0024223	PSG0176866	split
PSG0101911	PSG0176888	split
PSG0108936	PSG0176920	split
PSG0088879	PSG0176955	split
PSG0121628	PSG0176976	split
PSG0147249	PSG0111687	merged
PSG0044149	PSG0176991	split
PSG0121694	PSG0098003	merged
PSG0121733	PSG0177041	split
PSG0121745	PSG0177044	split
PSG0003590	PSG0177076	split
PSG0121869	PSG0177115	split
PSG0030225	PSG0177171	split
PSG0097949	PSG0177185	split
PSG0146771	PSG0122110	merged
PSG0133661	PSG0128722	merged
PSG0143436	PSG0128722	merged
PSG0037190	PSG0177230	split
PSG0018799	PSG0177235	split
PSG0137649	PSG0177240	split
PSG0067418	PSG0177298	split
PSG0122365	PSG0177324	split
PSG0081477	PSG0177329	split
PSG0107335	PSG0177340	split
PSG0081562	PSG0177344	split
PSG0067321	PSG0177374	split
PSG0139535	PSG0122579	merged
PSG0140012	PSG0122579	merged
PSG0006709	PSG0177414	split
PSG0122678	PSG0177441	split
PSG0122724	PSG0177460	split
PSG0122803	PSG0111142	merged
PSG0122959	PSG0177529	split
PSG0111208	PSG0177533	split
PSG0123028	PSG0177554	split
PSG0111589	PSG0177580	split
PSG0123150	PSG0177607	split
PSG0143336	PSG0123188	merged
PSG0139457	PSG0123198	merged
PSG0010487	PSG0177700	split
PSG0009870	PSG0177729	split
PSG0139368	PSG0177762	split
PSG0098878	PSG0177779	split
PSG0148473	PSG0177792	split
PSG0064861	PSG0177828	split
PSG0041997	PSG0177835	split
PSG0062191	PSG0177849	split
PSG0033165	PSG0177857	split
PSG0015500	PSG0177909	split
PSG0015013	PSG0177940	split
PSG0014968	PSG0177948	split
PSG0123914	PSG0177990	split
PSG0109461	PSG0177997	split
PSG0109435	PSG0177998	split
PSG0123974	PSG0178010	split
PSG0123975	PSG0178011	split
PSG0102140	PSG0178014	split
PSG0124066	PSG0178039	split
PSG0054882	PSG0178081	split
PSG0006794	PSG0178085	split
PSG0133401	PSG0124199	merged
PSG0068252	PSG0178121	split
PSG0125419	PSG0178205	split
PSG0124426	PSG0178212	split
PSG0111569	PSG0178220	split
PSG0079687	PSG0178253	split
PSG0147128	PSG0132799	merged
PSG0112476	PSG0178341	split
PSG0143734	PSG0124754	merged
PSG0048253	PSG0178372	split
PSG0090178	PSG0178387	split
PSG0124847	PSG0178401	split
PSG0124888	PSG0097968	merged
PSG0124919	PSG0178457	split
PSG0124926	PSG0178462	split
PSG0101694	PSG0178467	split
PSG0105798	PSG0178467	split
PSG0106727	PSG0178526	split
PSG0102964	PSG0178530	split
PSG0142199	PSG0125002	merged
PSG0125015	PSG0125014	merged
PSG0143695	PSG0125039	merged
PSG0143589	PSG0125064	merged
PSG0148980	PSG0133180	merged
PSG0025573	PSG0178596	split
PSG0066061	PSG0178598	split
PSG0066061	PSG0178599	split
PSG0136716	PSG0125154	merged
PSG0068413	PSG0178644	split
PSG0139190	PSG0125168	merged
PSG0125635	PSG0178665	split
PSG0144394	PSG0125197	merged
PSG0044957	PSG0178722	split
PSG0024379	PSG0178733	split
PSG0102956	PSG0178735	split
PSG0101049	PSG0178738	split
PSG0141822	PSG0125301	merged
PSG0125369	PSG0178783	split
PSG0032898	PSG0178802	split
PSG0102267	PSG0178813	split
PSG0149034	PSG0125411	merged
PSG0144603	PSG0131378	merged
PSG0102202	PSG0178832	split
PSG0083991	PSG0178865	split
PSG0094610	PSG0178872	split
PSG0094610	PSG0178873	split
PSG0013040	PSG0178896	split
PSG0088672	PSG0178940	split
PSG0094811	PSG0178960	split
PSG0067073	PSG0178989	split
PSG0092376	PSG0179055	split
PSG0138000	PSG0022099	merged
PSG0125833	PSG0071332	merged
PSG0136532	PSG0099429	merged
PSG0125877	PSG0179113	split
PSG0027176	PSG0179118	split
PSG0071098	PSG0179157	split
PSG0135205	PSG0125971	merged
PSG0014068	PSG0179185	split
PSG0125996	PSG0179208	split
PSG0131469	PSG0126016	merged
PSG0131470	PSG0126016	merged
PSG0018899	PSG0179232	split
PSG0107156	PSG0179235	split
PSG0148032	PSG0126080	merged
PSG0097542	PSG0179269	split
PSG0148483	PSG0142604	merged
PSG0148482	PSG0126155	merged
PSG0143427	PSG0126374	merged
PSG0006678	PSG0179428	split
PSG0065645	PSG0179472	split
PSG0104542	PSG0179495	split
PSG0055600	PSG0179524	split
PSG0126535	PSG0102227	merged
PSG0103936	PSG0179560	split
PSG0103936	PSG0179561	split
PSG0096138	PSG0179564	split
PSG0126584	PSG0068876	merged
PSG0144064	PSG0082739	merged
PSG0143649	PSG0126623	merged
PSG0143051	PSG0096336	merged
PSG0109181	PSG0179623	split
PSG0030668	PSG0179636	split
PSG0052769	PSG0179655	split
PSG0095613	PSG0179667	split
PSG0148034	PSG0126793	merged
PSG0061512	PSG0179699	split
PSG0144444	PSG0179703	split
PSG0126835	PSG0179705	split
PSG0133105	PSG0071644	merged
PSG0071686	PSG0179731	split
PSG0126880	PSG0179732	split
PSG0108704	PSG0179748	split
PSG0148989	PSG0126938	merged
PSG0037308	PSG0179786	split
PSG0127116	PSG0127115	merged
PSG0131480	PSG0179927	split
PSG0131480	PSG0028596	merged
PSG0057188	PSG0179929	split
PSG0139439	PSG0127320	merged
PSG0127343	PSG0180002	split
PSG0038191	PSG0180021	split
PSG0110288	PSG0180024	split
PSG0059758	PSG0180045	split
PSG0127465	PSG0180059	split
PSG0127491	PSG0180083	split
PSG0021481	PSG0180090	split
PSG0068738	PSG0180116	split
PSG0127605	PSG0180159	split
PSG0127633	PSG0180193	split
PSG0139229	PSG0127679	merged
PSG0148437	PSG0127698	merged
PSG0101010	PSG0180282	split
PSG0039282	PSG0180304	split
PSG0043383	PSG0180323	split
PSG0090649	PSG0180331	split
PSG0112113	PSG0180352	split
PSG0031625	PSG0180404	split
PSG0031726	PSG0180413	split
PSG0074262	PSG0180422	split
PSG0060401	PSG0180437	split
PSG0128107	PSG0075582	merged
PSG0128140	PSG0180467	split
PSG0097786	PSG0180471	split
PSG0139183	PSG0086733	merged
PSG0076913	PSG0180502	split
PSG0062513	PSG0180573	split
PSG0023357	PSG0180585	split
PSG0067644	PSG0180586	split
PSG0111288	PSG0180597	split
PSG0079747	PSG0180601	split
PSG0064801	PSG0180602	split
PSG0135689	PSG0135687	merged
PSG0141251	PSG0135687	merged
PSG0128529	PSG0128528	merged
PSG0128533	PSG0180681	split
PSG0026094	PSG0180698	split
PSG0128726	PSG0180745	split
PSG0028020	PSG0180788	split
PSG0072129	PSG0180812	split
PSG0144824	PSG0128903	merged
PSG0027750	PSG0180834	split
PSG0128991	PSG0180880	split
PSG0062119	PSG0180912	split
PSG0086928	PSG0181028	split
PSG0062735	PSG0181051	split
PSG0061155	PSG0181053	split
PSG0075362	PSG0181067	split
PSG0065837	PSG0181081	split
PSG0004949	PSG0181097	split
PSG0004938	PSG0181098	split
PSG0033831	PSG0181125	split
PSG0006274	PSG0181152	split
PSG0062127	PSG0181164	split
PSG0095009	PSG0181188	split
PSG0070242	PSG0181263	split
PSG0036246	PSG0181271	split
PSG0129811	PSG0181274	split
PSG0144439	PSG0129820	merged
PSG0058842	PSG0181305	split
PSG0129874	PSG0181306	split
PSG0106916	PSG0181312	split
PSG0024491	PSG0181319	split
PSG0131118	PSG0181328	split
PSG0055124	PSG0181347	split
PSG0041043	PSG0181348	split
PSG0027388	PSG0181355	split
PSG0111383	PSG0181389	split
PSG0145317	PSG0130030	merged
PSG0109542	PSG0181401	split
PSG0020966	PSG0181407	split
PSG0046500	PSG0181441	split
PSG0046500	PSG0181442	split
PSG0079730	PSG0181445	split
PSG0028270	PSG0181466	split
PSG0083776	PSG0181478	split
PSG0045805	PSG0181479	split
PSG0069160	PSG0181482	split
PSG0005226	PSG0181489	split
PSG0049149	PSG0181501	split
PSG0110524	PSG0181509	split
PSG0098041	PSG0181511	split
PSG0080396	PSG0181529	split
PSG0084832	PSG0181550	split
PSG0106547	PSG0181555	split
PSG0111648	PSG0181580	split
PSG0130331	PSG0181596	split
PSG0032721	PSG0181597	split
PSG0016823	PSG0181607	split
PSG0130358	PSG0181611	split
PSG0130359	PSG0181612	split
PSG0130362	PSG0181625	split
PSG0130362	PSG0181626	split
PSG0011246	PSG0181629	split
PSG0102462	PSG0181657	split
PSG0146559	PSG0132110	merged
PSG0019622	PSG0181682	split
PSG0140143	PSG0130448	merged
PSG0130466	PSG0181711	split
PSG0066109	PSG0181715	split
PSG0057785	PSG0181721	split
PSG0057786	PSG0181721	split
PSG0016096	PSG0181740	split
PSG0014648	PSG0181745	split
PSG0067485	PSG0181748	split
PSG0130502	PSG0181749	split
PSG0097691	PSG0181778	split
PSG0130542	PSG0181782	split
PSG0044155	PSG0181784	split
PSG0074181	PSG0181787	split
PSG0056391	PSG0181789	split
PSG0108559	PSG0181794	split
PSG0068858	PSG0181803	split
PSG0130564	PSG0181811	split
PSG0012045	PSG0181820	split
PSG0038317	PSG0181821	split
PSG0130569	PSG0181824	split
PSG0130573	PSG0181829	split
PSG0130577	PSG0130576	merged
PSG0018976	PSG0181840	split
PSG0034917	PSG0181848	split
PSG0069874	PSG0181858	split
PSG0047185	PSG0181869	split
PSG0130762	PSG0181877	split
PSG0046967	PSG0181878	split
PSG0081621	PSG0181880	split
PSG0145757	PSG0130830	merged
PSG0030477	PSG0181902	split
PSG0005455	PSG0181903	split
PSG0050768	PSG0181945	split
PSG0050535	PSG0181948	split
PSG0020522	PSG0181952	split
PSG0020581	PSG0181954	split
PSG0020679	PSG0181956	split
PSG0131011	PSG0114333	merged
PSG0148599	PSG0131041	merged
PSG0017342	PSG0181966	split
PSG0147890	PSG0131075	merged
PSG0012389	PSG0181975	split
PSG0081009	PSG0181977	split
PSG0019431	PSG0181984	split
PSG0030016	PSG0181985	split
PSG0145761	PSG0131149	merged
PSG0106332	PSG0181995	split
PSG0052095	PSG0181999	split
PSG0052120	PSG0182000	split
PSG0145125	PSG0182004	split
PSG0131197	PSG0006834	merged
PSG0069381	PSG0182023	split
PSG0069353	PSG0182024	split
PSG0069353	PSG0182025	split
PSG0088062	PSG0182028	split
PSG0077782	PSG0182034	split
PSG0060318	PSG0182041	split
PSG0060328	PSG0182042	split
PSG0078954	PSG0182053	split
PSG0016128	PSG0182070	split
PSG0016198	PSG0182074	split
PSG0144610	PSG0131370	merged
PSG0144602	PSG0131380	merged
PSG0149190	PSG0131390	merged
PSG0057416	PSG0182089	split
PSG0028648	PSG0182116	split
PSG0149036	PSG0147375	merged
PSG0131548	PSG0131547	merged
PSG0001467	PSG0182143	split
PSG0131598	PSG0182147	split
PSG0125083	PSG0182153	split
PSG0134170	PSG0131645	merged
PSG0131664	PSG0182156	split
PSG0037366	PSG0182159	split
PSG0131681	PSG0182160	split
PSG0070270	PSG0182163	split
PSG0070215	PSG0182165	split
PSG0026936	PSG0182186	split
PSG0131783	PSG0182189	split
PSG0061336	PSG0182198	split
PSG0132836	PSG0131801	merged
PSG0020862	PSG0182209	split
PSG0146393	PSG0131878	merged
PSG0000616	PSG0182238	split
PSG0048718	PSG0182259	split
PSG0103611	PSG0182266	split
PSG0042205	PSG0182269	split
PSG0147571	PSG0132006	merged
PSG0115070	PSG0182287	split
PSG0115065	PSG0182288	split
PSG0031821	PSG0182300	split
PSG0031821	PSG0182301	split
PSG0146560	PSG0132122	merged
PSG0145769	PSG0132152	merged
PSG0015895	PSG0182306	split
PSG0015849	PSG0182308	split
PSG0015637	PSG0182309	split
PSG0132173	PSG0182311	split
PSG0015315	PSG0182315	split
PSG0014954	PSG0182318	split
PSG0022545	PSG0182335	split
PSG0092544	PSG0182364	split
PSG0144541	PSG0132438	merged
PSG0025417	PSG0182366	split
PSG0018852	PSG0182368	split
PSG0009387	PSG0182369	split
PSG0009232	PSG0182375	split
PSG0106551	PSG0182390	split
PSG0048045	PSG0182408	split
PSG0081179	PSG0182415	split
PSG0098067	PSG0182418	split
PSG0121038	PSG0182430	split
PSG0057827	PSG0182432	split
PSG0127632	PSG0182436	split
PSG0132706	PSG0182442	split
PSG0132711	PSG0182444	split
PSG0016857	PSG0182445	split
PSG0016848	PSG0182446	split
PSG0000776	PSG0182454	split
PSG0080436	PSG0182459	split
PSG0079039	PSG0182463	split
PSG0059393	PSG0182464	split
PSG0122597	PSG0182469	split
PSG0041328	PSG0182489	split
PSG0145187	PSG0132810	merged
PSG0094036	PSG0182503	split
PSG0018679	PSG0182504	split
PSG0085446	PSG0182514	split
PSG0062711	PSG0182527	split
PSG0145858	PSG0132915	merged
PSG0091969	PSG0182538	split
PSG0052091	PSG0182543	split
PSG0099289	PSG0182563	split
PSG0099298	PSG0182565	split
PSG0142928	PSG0132977	merged
PSG0148499	PSG0132996	merged
PSG0033410	PSG0182575	split
PSG0112331	PSG0182586	split
PSG0145973	PSG0133023	merged
PSG0103842	PSG0182600	split
PSG0112449	PSG0182601	split
PSG0144353	PSG0133095	merged
PSG0148398	PSG0133122	merged
PSG0040509	PSG0182615	split
PSG0056741	PSG0182619	split
PSG0052403	PSG0182620	split
PSG0024408	PSG0182630	split
PSG0086045	PSG0182652	split
PSG0149200	PSG0147177	merged
PSG0115054	PSG0182678	split
PSG0032491	PSG0182681	split
PSG0083360	PSG0182693	split
PSG0061871	PSG0182697	split
PSG0100713	PSG0182716	split
PSG0018559	PSG0182728	split
PSG0083146	PSG0182729	split
PSG0072393	PSG0182735	split
PSG0009285	PSG0182740	split
PSG0028118	PSG0182745	split
PSG0133463	PSG0182765	split
PSG0146569	PSG0133488	merged
PSG0010246	PSG0182783	split
PSG0031974	PSG0182791	split
PSG0097492	PSG0182806	split
PSG0000696	PSG0182814	split
PSG0076299	PSG0182832	split
PSG0081577	PSG0182841	split
PSG0086079	PSG0182842	split
PSG0023804	PSG0182850	split
PSG0023779	PSG0182851	split
PSG0099029	PSG0182861	split
PSG0145624	PSG0133675	merged
PSG0107257	PSG0182866	split
PSG0133705	PSG0041728	merged
PSG0134974	PSG0041728	merged
PSG0146623	PSG0133711	merged
PSG0138118	PSG0133722	merged
PSG0088307	PSG0182874	split
PSG0005113	PSG0182883	split
PSG0005055	PSG0182887	split
PSG0076201	PSG0182896	split
PSG0062575	PSG0182903	split
PSG0133860	PSG0133859	merged
PSG0147257	PSG0133859	merged
PSG0133870	PSG0182905	split
PSG0145540	PSG0133887	merged
PSG0147932	PSG0139055	merged
PSG0133937	PSG0182917	split
PSG0083511	PSG0182923	split
PSG0092835	PSG0182936	split
PSG0012511	PSG0182938	split
PSG0051996	PSG0182941	split
PSG0134029	PSG0110712	merged
PSG0147690	PSG0134057	merged
PSG0144164	PSG0134067	merged
PSG0040110	PSG0182971	split
PSG0080723	PSG0182980	split
PSG0114486	PSG0182984	split
PSG0081360	PSG0182986	split
PSG0098025	PSG0182987	split
PSG0118423	PSG0182989	split
PSG0014051	PSG0182996	split
PSG0014050	PSG0182997	split
PSG0075113	PSG0183017	split
PSG0060178	PSG0183036	split
PSG0148712	PSG0134315	merged
PSG0148709	PSG0134318	merged
PSG0134344	PSG0067365	merged
PSG0146992	PSG0134348	merged
PSG0013800	PSG0183053	split
PSG0042310	PSG0183055	split
PSG0126710	PSG0183085	split
PSG0022689	PSG0183091	split
PSG0003275	PSG0183116	split
PSG0003393	PSG0183122	split
PSG0003584	PSG0183125	split
PSG0007546	PSG0183131	split
PSG0058714	PSG0183133	split
PSG0147013	PSG0183134	split
PSG0057104	PSG0183142	split
PSG0138962	PSG0183147	split
PSG0084646	PSG0183168	split
PSG0054133	PSG0183195	split
PSG0147940	PSG0134670	merged
PSG0037289	PSG0183204	split
PSG0080751	PSG0183216	split
PSG0079363	PSG0183218	split
PSG0079363	PSG0183219	split
PSG0096001	PSG0183220	split
PSG0045030	PSG0183221	split
PSG0045036	PSG0183222	split
PSG0045072	PSG0183226	split
PSG0146758	PSG0134740	merged
PSG0113962	PSG0183252	split
PSG0043478	PSG0183253	split
PSG0144412	PSG0134801	merged
PSG0039751	PSG0183254	split
PSG0026604	PSG0183259	split
PSG0023980	PSG0183267	split
PSG0043939	PSG0183273	split
PSG0006387	PSG0183282	split
PSG0017720	PSG0183288	split
PSG0017698	PSG0183291	split
PSG0065270	PSG0183297	split
PSG0137092	PSG0134994	merged
PSG0144860	PSG0134994	merged
PSG0024684	PSG0183303	split
PSG0149007	PSG0135009	merged
PSG0086583	PSG0183319	split
PSG0142224	PSG0135072	merged
PSG0147471	PSG0135072	merged
PSG0064902	PSG0183328	split
PSG0146397	PSG0135230	merged
PSG0135244	PSG0135243	merged
PSG0004848	PSG0183371	split
PSG0056607	PSG0183378	split
PSG0068577	PSG0183391	split
PSG0148551	PSG0136995	merged
PSG0125920	PSG0183412	split
PSG0127874	PSG0183418	split
PSG0059542	PSG0183419	split
PSG0146822	PSG0135425	merged
PSG0129394	PSG0183428	split
PSG0090215	PSG0183429	split
PSG0146846	PSG0135461	merged
PSG0076760	PSG0183436	split
PSG0104226	PSG0183441	split
PSG0013637	PSG0183444	split
PSG0008736	PSG0183450	split
PSG0036030	PSG0183453	split
PSG0104415	PSG0183457	split
PSG0043349	PSG0183459	split
PSG0111015	PSG0183461	split
PSG0007427	PSG0183474	split
PSG0037857	PSG0183484	split
PSG0064655	PSG0183493	split
PSG0084160	PSG0183502	split
PSG0111954	PSG0183503	split
PSG0005248	PSG0183504	split
PSG0018184	PSG0183507	split
PSG0144480	PSG0135738	merged
PSG0144623	PSG0135760	merged
PSG0051717	PSG0183527	split
PSG0105166	PSG0183528	split
PSG0068084	PSG0183536	split
PSG0123209	PSG0183555	split
PSG0121289	PSG0183557	split
PSG0135920	PSG0183564	split
PSG0116747	PSG0183575	split
PSG0010915	PSG0183593	split
PSG0010918	PSG0183594	split
PSG0075251	PSG0183609	split
PSG0123991	PSG0183610	split
PSG0115329	PSG0183622	split
PSG0144588	PSG0136101	merged
PSG0144584	PSG0136105	merged
PSG0081437	PSG0183657	split
PSG0058954	PSG0183663	split
PSG0058928	PSG0183664	split
PSG0105347	PSG0183683	split
PSG0018708	PSG0183685	split
PSG0018776	PSG0183689	split
PSG0045875	PSG0183693	split
PSG0136208	PSG0183695	split
PSG0148246	PSG0183695	split
PSG0114870	PSG0183698	split
PSG0095160	PSG0183708	split
PSG0107520	PSG0183709	split
PSG0042721	PSG0183723	split
PSG0010683	PSG0183743	split
PSG0010683	PSG0183744	split
PSG0031964	PSG0183749	split
PSG0040232	PSG0183758	split
PSG0146683	PSG0136470	merged
PSG0128991	PSG0183772	split
PSG0136507	PSG0183784	split
PSG0083334	PSG0183786	split
PSG0044846	PSG0183795	split
PSG0122110	PSG0183797	split
PSG0044902	PSG0183799	split
PSG0146767	PSG0136543	merged
PSG0011916	PSG0183812	split
PSG0052316	PSG0183823	split
PSG0047713	PSG0183825	split
PSG0047726	PSG0183826	split
PSG0047852	PSG0183828	split
PSG0047881	PSG0183829	split
PSG0021248	PSG0183835	split
PSG0147967	PSG0136637	merged
PSG0045583	PSG0183854	split
PSG0146611	PSG0136685	merged
PSG0136730	PSG0183884	split
PSG0048659	PSG0183885	split
PSG0087449	PSG0183893	split
PSG0145731	PSG0136777	merged
PSG0016808	PSG0183897	split
PSG0080641	PSG0183910	split
PSG0049945	PSG0183911	split
PSG0107177	PSG0183914	split
PSG0147796	PSG0136899	merged
PSG0147794	PSG0136902	merged
PSG0136923	PSG0183930	split
PSG0057564	PSG0183934	split
PSG0136946	PSG0183943	split
PSG0069337	PSG0183944	split
PSG0069328	PSG0183946	split
PSG0034708	PSG0183955	split
PSG0013707	PSG0183965	split
PSG0137018	PSG0183969	split
PSG0146034	PSG0137035	merged
PSG0017169	PSG0183975	split
PSG0023908	PSG0183998	split
PSG0065879	PSG0184012	split
PSG0137150	PSG0184014	split
PSG0148275	PSG0184016	split
PSG0045620	PSG0184018	split
PSG0090739	PSG0184019	split
PSG0094167	PSG0184020	split
PSG0011854	PSG0184031	split
PSG0018460	PSG0184034	split
PSG0094328	PSG0184037	split
PSG0147900	PSG0137221	merged
PSG0146223	PSG0137225	merged
PSG0121808	PSG0184051	split
PSG0121819	PSG0184052	split
PSG0145746	PSG0137258	merged
PSG0060233	PSG0184056	split
PSG0059062	PSG0184068	split
PSG0115890	PSG0184075	split
PSG0049272	PSG0184076	split
PSG0145212	PSG0184085	split
PSG0147181	PSG0137336	merged
PSG0019862	PSG0184098	split
PSG0124610	PSG0184128	split
PSG0129811	PSG0184150	split
PSG0075827	PSG0184151	split
PSG0129577	PSG0184154	split
PSG0130494	PSG0184159	split
PSG0146510	PSG0137495	merged
PSG0146512	PSG0137499	merged
PSG0113342	PSG0184167	split
PSG0027577	PSG0184174	split
PSG0073428	PSG0184175	split
PSG0099491	PSG0184177	split
PSG0080166	PSG0184180	split
PSG0145253	PSG0137555	merged
PSG0037704	PSG0184200	split
PSG0037719	PSG0184202	split
PSG0149139	PSG0184207	split
PSG0147792	PSG0137606	merged
PSG0146632	PSG0137618	merged
PSG0137620	PSG0184210	split
PSG0035464	PSG0184214	split
PSG0137640	PSG0184216	split
PSG0148880	PSG0137648	merged
PSG0137655	PSG0184221	split
PSG0074621	PSG0184226	split
PSG0042512	PSG0184233	split
PSG0125905	PSG0184251	split
PSG0120874	PSG0184257	split
PSG0148943	PSG0145933	merged
PSG0120639	PSG0184260	split
PSG0064549	PSG0184283	split
PSG0060305	PSG0184309	split
PSG0095497	PSG0184327	split
PSG0054438	PSG0184337	split
PSG0085696	PSG0184340	split
PSG0107680	PSG0184341	split
PSG0010298	PSG0184345	split
PSG0022074	PSG0184347	split
PSG0061241	PSG0184365	split
PSG0145038	PSG0184369	split
PSG0138055	PSG0184371	split
PSG0126100	PSG0184372	split
PSG0138055	PSG0184372	split
PSG0079202	PSG0184378	split
PSG0148827	PSG0138073	merged
PSG0121588	PSG0184384	split
PSG0066835	PSG0184388	split
PSG0118997	PSG0184400	split
PSG0117975	PSG0184415	split
PSG0038028	PSG0184421	split
PSG0038124	PSG0184422	split
PSG0081299	PSG0184429	split
PSG0012599	PSG0184440	split
PSG0119480	PSG0184441	split
PSG0119480	PSG0184442	split
PSG0138226	PSG0184454	split
PSG0089491	PSG0184474	split
PSG0089502	PSG0184475	split
PSG0089609	PSG0184477	split
PSG0089609	PSG0184478	split
PSG0147175	PSG0138354	merged
PSG0023627	PSG0184510	split
PSG0070108	PSG0184512	split
PSG0071915	PSG0184514	split
PSG0138414	PSG0184520	split
PSG0017862	PSG0184524	split
PSG0018055	PSG0184526	split
PSG0033084	PSG0184528	split
PSG0148042	PSG0138510	merged
PSG0032250	PSG0184565	split
PSG0038295	PSG0184572	split
PSG0124986	PSG0184575	split
PSG0062467	PSG0184587	split
PSG0146697	PSG0143187	merged
PSG0071250	PSG0184596	split
PSG0039876	PSG0184599	split
PSG0114938	PSG0184601	split
PSG0107480	PSG0184607	split
PSG0127989	PSG0184618	split
PSG0055253	PSG0184625	split
PSG0143559	PSG0138693	merged
PSG0104455	PSG0184651	split
PSG0144450	PSG0184652	split
PSG0101398	PSG0184663	split
PSG0138731	PSG0184673	split
PSG0096222	PSG0184679	split
PSG0026198	PSG0184692	split
PSG0138794	PSG0184695	split
PSG0138814	PSG0184698	split
PSG0083476	PSG0184699	split
PSG0105692	PSG0184733	split
PSG0147304	PSG0138900	merged
PSG0079483	PSG0184742	split
PSG0028856	PSG0184743	split
PSG0056314	PSG0184766	split
PSG0037857	PSG0184776	split
PSG0120526	PSG0184809	split
PSG0117775	PSG0184810	split
PSG0139113	PSG0184831	split
PSG0016480	PSG0184841	split
PSG0074952	PSG0184847	split
PSG0111844	PSG0184857	split
PSG0022897	PSG0184879	split
PSG0146051	PSG0139251	merged
PSG0088535	PSG0184885	split
PSG0140756	PSG0139274	merged
PSG0107345	PSG0184900	split
PSG0124250	PSG0184912	split
PSG0092135	PSG0184915	split
PSG0069135	PSG0184922	split
PSG0049663	PSG0184937	split
PSG0144144	PSG0139420	merged
PSG0040443	PSG0184942	split
PSG0015926	PSG0184968	split
PSG0047282	PSG0184972	split
PSG0047447	PSG0184978	split
PSG0145481	PSG0139596	merged
PSG0006087	PSG0185003	split
PSG0090688	PSG0185005	split
PSG0090688	PSG0185006	split
PSG0090607	PSG0185007	split
PSG0014479	PSG0185008	split
PSG0139687	PSG0185022	split
PSG0025035	PSG0185028	split
PSG0147544	PSG0139720	merged
PSG0147625	PSG0139742	merged
PSG0147628	PSG0139747	merged
PSG0046031	PSG0185054	split
PSG0008577	PSG0185077	split
PSG0142969	PSG0139841	merged
PSG0021459	PSG0185094	split
PSG0076056	PSG0185095	split
PSG0148233	PSG0139867	merged
PSG0090532	PSG0185101	split
PSG0147645	PSG0139904	merged
PSG0104739	PSG0185115	split
PSG0122697	PSG0185119	split
PSG0146370	PSG0139969	merged
PSG0032653	PSG0185166	split
PSG0056079	PSG0185167	split
PSG0140089	PSG0185170	split
PSG0123067	PSG0185173	split
PSG0073171	PSG0185189	split
PSG0115790	PSG0185210	split
PSG0106237	PSG0185212	split
PSG0073187	PSG0185213	split
PSG0097270	PSG0185215	split
PSG0102195	PSG0185219	split
PSG0140303	PSG0185236	split
PSG0084184	PSG0185240	split
PSG0108332	PSG0185242	split
PSG0124396	PSG0185251	split
PSG0148568	PSG0185257	split
PSG0147574	PSG0185266	split
PSG0100518	PSG0185276	split
PSG0073604	PSG0185291	split
PSG0074181	PSG0185296	split
PSG0146185	PSG0140490	merged
PSG0146186	PSG0140494	merged
PSG0128843	PSG0185304	split
PSG0082693	PSG0185305	split
PSG0028988	PSG0185310	split
PSG0097165	PSG0185317	split
PSG0117124	PSG0185328	split
PSG0024130	PSG0185329	split
PSG0023015	PSG0185376	split
PSG0149223	PSG0147947	merged
PSG0054367	PSG0185383	split
PSG0024985	PSG0185384	split
PSG0128479	PSG0185416	split
PSG0147807	PSG0140803	merged
PSG0079651	PSG0185435	split
PSG0079626	PSG0185439	split
PSG0100431	PSG0185459	split
PSG0037325	PSG0185464	split
PSG0027643	PSG0185465	split
PSG0140909	PSG0185469	split
PSG0097942	PSG0185471	split
PSG0005893	PSG0185481	split
PSG0112529	PSG0185484	split
PSG0058263	PSG0185486	split
PSG0001998	PSG0185498	split
PSG0010196	PSG0185516	split
PSG0034538	PSG0185523	split
PSG0148152	PSG0143554	merged
PSG0094610	PSG0185543	split
PSG0094409	PSG0185586	split
PSG0009917	PSG0185616	split
PSG0012714	PSG0185630	split
PSG0148606	PSG0141262	merged
PSG0014241	PSG0185655	split
PSG0071372	PSG0185660	split
PSG0043795	PSG0185667	split
PSG0148069	PSG0141326	merged
PSG0057882	PSG0185680	split
PSG0037742	PSG0185688	split
PSG0058899	PSG0185696	split
PSG0008462	PSG0185702	split
PSG0077082	PSG0185722	split
PSG0050774	PSG0185729	split
PSG0084211	PSG0185734	split
PSG0144522	PSG0185743	split
PSG0009695	PSG0185745	split
PSG0144508	PSG0141481	merged
PSG0141488	PSG0185752	split
PSG0143180	PSG0185784	split
PSG0084054	PSG0185786	split
PSG0141558	PSG0185795	split
PSG0027041	PSG0185796	split
PSG0027149	PSG0185799	split
PSG0046525	PSG0185816	split
PSG0086147	PSG0185819	split
PSG0089966	PSG0185823	split
PSG0050342	PSG0185835	split
PSG0050988	PSG0185850	split
PSG0112830	PSG0185855	split
PSG0087178	PSG0185856	split
PSG0145533	PSG0141707	merged
PSG0049527	PSG0185868	split
PSG0149009	PSG0141749	merged
PSG0124816	PSG0185879	split
PSG0148390	PSG0142695	merged
PSG0018482	PSG0185901	split
PSG0064107	PSG0185905	split
PSG0035159	PSG0185908	split
PSG0056307	PSG0185924	split
PSG0095696	PSG0185928	split
PSG0083281	PSG0185941	split
PSG0024274	PSG0185948	split
PSG0080449	PSG0185967	split
PSG0030939	PSG0185969	split
PSG0062901	PSG0185984	split
PSG0109376	PSG0185986	split
PSG0118243	PSG0186000	split
PSG0142040	PSG0186000	split
PSG0005974	PSG0186007	split
PSG0109242	PSG0186019	split
PSG0067091	PSG0186042	split
PSG0108589	PSG0186047	split
PSG0056665	PSG0186053	split
PSG0099640	PSG0186058	split
PSG0114568	PSG0186061	split
PSG0018776	PSG0186075	split
PSG0142242	PSG0186093	split
PSG0142398	PSG0186093	split
PSG0142246	PSG0186094	split
PSG0087906	PSG0186129	split
PSG0068621	PSG0186134	split
PSG0145614	PSG0186140	split
PSG0064946	PSG0186143	split
PSG0147951	PSG0142348	merged
PSG0144581	PSG0186144	split
PSG0143327	PSG0142365	merged
PSG0103793	PSG0186148	split
PSG0088955	PSG0186161	split
PSG0018611	PSG0186175	split
PSG0063955	PSG0186187	split
PSG0119915	PSG0186190	split
PSG0130235	PSG0186197	split
PSG0052896	PSG0186199	split
PSG0145205	PSG0142495	merged
PSG0010462	PSG0186204	split
PSG0142513	PSG0010376	merged
PSG0066359	PSG0186210	split
PSG0124274	PSG0186265	split
PSG0105699	PSG0186266	split
PSG0112219	PSG0186287	split
PSG0101101	PSG0186294	split
PSG0127102	PSG0186296	split
PSG0142724	PSG0186312	split
PSG0112162	PSG0186328	split
PSG0096606	PSG0186332	split
PSG0130002	PSG0186343	split
PSG0024557	PSG0186378	split
PSG0147562	PSG0186393	split
PSG0064107	PSG0186409	split
PSG0148797	PSG0142888	merged
PSG0048519	PSG0186421	split
PSG0116687	PSG0186426	split
PSG0095265	PSG0186430	split
PSG0007661	PSG0186469	split
PSG0125414	PSG0186478	split
PSG0054613	PSG0186483	split
PSG0054612	PSG0186484	split
PSG0054554	PSG0186489	split
PSG0143109	PSG0186525	split
PSG0066053	PSG0186550	split
PSG0072205	PSG0186562	split
PSG0071566	PSG0186576	split
PSG0037018	PSG0186580	split
PSG0031803	PSG0186588	split
PSG0068901	PSG0186603	split
PSG0068865	PSG0186605	split
PSG0146922	PSG0143877	merged
PSG0101105	PSG0186611	split
PSG0124528	PSG0186617	split
PSG0068837	PSG0186622	split
PSG0143323	PSG0186628	split
PSG0012478	PSG0186635	split
PSG0083048	PSG0186636	split
PSG0069062	PSG0186652	split
PSG0126402	PSG0186666	split
PSG0148196	PSG0143468	merged
PSG0148195	PSG0143470	merged
PSG0144665	PSG0143501	merged
PSG0146086	PSG0186692	split
PSG0070986	PSG0186710	split
PSG0024575	PSG0186714	split
PSG0039221	PSG0186730	split
PSG0116505	PSG0186752	split
PSG0048895	PSG0186755	split
PSG0101043	PSG0186757	split
PSG0070326	PSG0186779	split
PSG0019597	PSG0186797	split
PSG0098566	PSG0186804	split
PSG0077487	PSG0186842	split
PSG0028875	PSG0186854	split
PSG0088655	PSG0186869	split
PSG0147859	PSG0143828	merged
PSG0096138	PSG0186905	split
PSG0019857	PSG0186916	split
PSG0107327	PSG0186927	split
PSG0143922	PSG0186944	split
PSG0108644	PSG0186946	split
PSG0102724	PSG0186947	split
PSG0063199	PSG0186970	split
PSG0093845	PSG0186998	split
PSG0144336	PSG0144022	merged
PSG0124979	PSG0187014	split
PSG0103808	PSG0187016	split
PSG0147926	PSG0144057	merged
PSG0111288	PSG0187048	split
PSG0032748	PSG0187080	split
PSG0020579	PSG0187081	split
PSG0096294	PSG0187093	split
PSG0013814	PSG0187095	split
PSG0073373	PSG0187101	split
PSG0071395	PSG0187107	split
PSG0081390	PSG0187108	split
PSG0118447	PSG0187119	split
PSG0002545	PSG0187123	split
PSG0002780	PSG0187128	split
PSG0109824	PSG0187138	split
PSG0071575	PSG0187142	split
PSG0092524	PSG0187151	split
PSG0065462	PSG0187156	split
PSG0044224	PSG0187181	split
PSG0009853	PSG0187191	split
PSG0009859	PSG0187192	split
PSG0119378	PSG0187198	split
PSG0144553	PSG0187201	split
PSG0031449	PSG0187206	split
PSG0031098	PSG0187211	split
PSG0110729	PSG0187214	split
PSG0051183	PSG0187218	split
PSG0016325	PSG0187224	split
PSG0019285	PSG0187253	split
PSG0019308	PSG0187254	split
PSG0059155	PSG0187260	split
PSG0129655	PSG0187265	split
PSG0129700	PSG0187270	split
PSG0077858	PSG0187287	split
PSG0082030	PSG0187289	split
PSG0027911	PSG0187306	split
PSG0038909	PSG0187321	split
PSG0015568	PSG0187332	split
PSG0015291	PSG0187338	split
PSG0131564	PSG0187350	split
PSG0000212	PSG0187363	split
PSG0000125	PSG0187367	split
PSG0009057	PSG0187376	split
PSG0134984	PSG0187376	split
PSG0074753	PSG0187399	split
PSG0041280	PSG0187407	split
PSG0010263	PSG0187415	split
PSG0054918	PSG0187421	split
PSG0086590	PSG0187423	split
PSG0035745	PSG0187437	split
PSG0023521	PSG0187445	split
PSG0017799	PSG0187447	split
PSG0017808	PSG0187448	split
PSG0090640	PSG0187456	split
PSG0090640	PSG0187457	split
PSG0069859	PSG0187463	split
PSG0138731	PSG0187468	split
PSG0100439	PSG0187473	split
PSG0081830	PSG0187481	split
PSG0077951	PSG0187489	split
PSG0007037	PSG0187500	split
PSG0117269	PSG0187502	split
PSG0058109	PSG0187503	split
PSG0117040	PSG0187504	split
PSG0068147	PSG0187524	split
PSG0058735	PSG0187529	split
PSG0145477	PSG0145474	merged
PSG0120096	PSG0187540	split
PSG0138141	PSG0187546	split
PSG0049472	PSG0187563	split
PSG0077360	PSG0187565	split
PSG0004698	PSG0187574	split
PSG0092968	PSG0187589	split
PSG0078321	PSG0187605	split
PSG0145633	PSG0187606	split
PSG0016946	PSG0187616	split
PSG0129016	PSG0187626	split
PSG0137259	PSG0187648	split
PSG0145747	PSG0187650	split
PSG0130836	PSG0187654	split
PSG0123819	PSG0187660	split
PSG0042657	PSG0187667	split
PSG0062266	PSG0187672	split
PSG0014954	PSG0187707	split
PSG0002339	PSG0187708	split
PSG0094989	PSG0187711	split
PSG0115790	PSG0187720	split
PSG0022484	PSG0187725	split
PSG0011004	PSG0187730	split
PSG0055060	PSG0187748	split
PSG0004078	PSG0187763	split
PSG0121774	PSG0187770	split
PSG0006155	PSG0187780	split
PSG0033655	PSG0187789	split
PSG0034136	PSG0187796	split
PSG0004956	PSG0187799	split
PSG0091219	PSG0187801	split
PSG0016988	PSG0187812	split
PSG0017009	PSG0187813	split
PSG0056697	PSG0187821	split
PSG0095465	PSG0187822	split
PSG0049888	PSG0187827	split
PSG0114565	PSG0187833	split
PSG0069570	PSG0187839	split
PSG0069570	PSG0187840	split
PSG0133400	PSG0079489	merged
PSG0128365	PSG0187860	split
PSG0115469	PSG0187863	split
PSG0049663	PSG0187867	split
PSG0049655	PSG0187868	split
PSG0049988	PSG0187871	split
PSG0040385	PSG0187873	split
PSG0113422	PSG0187893	split
PSG0012886	PSG0187894	split
PSG0075535	PSG0187904	split
PSG0100907	PSG0187907	split
PSG0077603	PSG0187912	split
PSG0042117	PSG0187915	split
PSG0018042	PSG0187929	split
PSG0033084	PSG0187931	split
PSG0053088	PSG0187933	split
PSG0041689	PSG0187945	split
PSG0059545	PSG0188002	split
PSG0025787	PSG0188003	split
PSG0093724	PSG0188037	split
PSG0089872	PSG0188040	split
PSG0048233	PSG0188056	split
PSG0059874	PSG0188068	split
PSG0127039	PSG0188080	split
PSG0016715	PSG0188085	split
PSG0078206	PSG0188095	split
PSG0067073	PSG0188106	split
PSG0067056	PSG0188107	split
PSG0083814	PSG0188131	split
PSG0119128	PSG0188133	split
PSG0137251	PSG0188137	split
PSG0053762	PSG0188141	split
PSG0046879	PSG0188165	split
PSG0079069	PSG0188179	split
PSG0139257	PSG0188190	split
PSG0090863	PSG0188204	split
PSG0030789	PSG0188213	split
PSG0122020	PSG0188234	split
PSG0078866	PSG0188236	split
PSG0022759	PSG0188243	split
PSG0111758	PSG0188246	split
PSG0053090	PSG0188251	split
PSG0050965	PSG0188252	split
PSG0038274	PSG0188264	split
PSG0141526	PSG0188291	split
PSG0104668	PSG0188296	split
PSG0078614	PSG0188302	split
PSG0035876	PSG0188304	split
PSG0050173	PSG0188305	split
PSG0134609	PSG0188314	split
PSG0061073	PSG0188322	split
PSG0087613	PSG0188325	split
PSG0123212	PSG0188364	split
PSG0118703	PSG0188382	split
PSG0118700	PSG0188383	split
PSG0069119	PSG0188385	split
PSG0108646	PSG0188386	split
PSG0084499	PSG0188403	split
PSG0148317	PSG0188416	split
PSG0148317	PSG0188417	split
PSG0008008	PSG0188420	split
PSG0027226	PSG0188423	split
PSG0065029	PSG0188441	split
PSG0065038	PSG0188442	split
PSG0107327	PSG0188444	split
PSG0127218	PSG0188446	split
PSG0093759	PSG0188460	split
PSG0125920	PSG0188465	split
PSG0099298	PSG0188476	split
PSG0110354	PSG0188482	split
PSG0133084	PSG0188485	split
PSG0014272	PSG0188493	split
PSG0107427	PSG0188495	split
PSG0124396	PSG0188497	split
PSG0148632	PSG0188500	split
PSG0086000	PSG0188501	split
PSG0024413	PSG0188502	split
PSG0024274	PSG0188503	split
PSG0086471	PSG0188513	split
PSG0007423	PSG0188521	split
PSG0139772	PSG0188544	split
PSG0009058	PSG0188547	split
PSG0113161	PSG0188552	split
PSG0057889	PSG0188555	split
PSG0084625	PSG0188558	split
PSG0082936	PSG0188566	split
PSG0123928	PSG0188571	split
PSG0082869	PSG0188575	split
PSG0069917	PSG0188578	split
PSG0094139	PSG0188588	split
PSG0018976	PSG0188594	split
PSG0057049	PSG0188598	split
PSG0008008	PSG0188605	split
PSG0142837	PSG0188607	split
PSG0069984	PSG0188612	split
PSG0098177	PSG0188618	split
PSG0128853	PSG0188620	split
PSG0028659	PSG0188636	split
PSG0146079	PSG0188638	split
PSG0145125	PSG0188643	split
PSG0000014	.	retired
PSG0000021	.	retired
PSG0000042	.	retired
PSG0000047	.	retired
PSG0000056	.	retired
PSG0000084	.	retired
PSG0000086	.	retired
PSG0000088	.	retired
PSG0000095	.	retired
PSG0000113	.	retired
PSG0000118	.	retired
PSG0000122	.	retired
PSG0000131	.	retired
PSG0000140	.	retired
PSG0000171	.	retired
PSG0000177	.	retired
PSG0000185	.	retired
PSG0000251	.	retired
PSG0000264	.	retired
PSG0000274	.	retired
PSG0000277	.	retired
PSG0000286	.	retired
PSG0000293	.	retired
PSG0000308	.	retired
PSG0000310	.	retired
PSG0000332	.	retired
PSG0000353	.	retired
PSG0000354	.	retired
PSG0000358	.	retired
PSG0000366	.	retired
PSG0000372	.	retired
PSG0000382	.	retired
PSG0000392	.	retired
PSG0000393	.	retired
PSG0000408	.	retired
PSG0000417	.	retired
PSG0000428	.	retired
PSG0000458	.	retired
PSG0000477	.	retired
PSG0000489	.	retired
PSG0000491	.	retired
PSG0000493	.	retired
PSG0000501	.	retired
PSG0000508	.	retired
PSG0000509	.	retired
PSG0000522	.	retired
PSG0000525	.	retired
PSG0000555	.	retired
PSG0000582	.	retired
PSG0000585	.	retired
PSG0000591	.	retired
PSG0000608	.	retired
PSG0000620	.	retired
PSG0000622	.	retired
PSG0000624	.	retired
PSG0000656	.	retired
PSG0000680	.	retired
PSG0000719	.	retired
PSG0000734	.	retired
PSG0000736	.	retired
PSG0000740	.	retired
PSG0000759	.	retired
PSG0000772	.	retired
PSG0000792	.	retired
PSG0000813	.	retired
PSG0000818	.	retired
PSG0000833	.	retired
PSG0000876	.	retired
PSG0000883	.	retired
PSG0000934	.	retired
PSG0000990	.	retired
PSG0001013	.	retired
PSG0001014	.	retired
PSG0001018	.	retired
PSG0001025	.	retired
PSG0001032	.	retired
PSG0001047	.	retired
PSG0001051	.	retired
PSG0001057	.	retired
PSG0001063	.	retired
PSG0001081	.	retired
PSG0001085	.	retired
PSG0001116	.	retired
PSG0001140	.	retired
PSG0001159	.	retired
PSG0001169	.	retired
PSG0001174	.	retired
PSG0001196	.	retired
PSG0001214	.	retired
PSG0001222	.	retired
PSG0001235	.	retired
PSG0001250	.	retired
PSG0001269	.	retired
PSG0001295	.	retired
PSG0001313	.	retired
PSG0001323	.	retired
PSG0001337	.	retired
PSG0001339	.	retired
PSG0001348	.	retired
PSG0001350	.	retired
PSG0001352	.	retired
PSG0001354	.	retired
PSG0001362	.	retired
PSG0001371	.	retired
PSG0001392	.	retired
PSG0001399	.	retired
PSG0001436	.	retired
PSG0001469	.	retired
PSG0001484	.	retired
PSG0001485	.	retired
PSG0001508	.	retired
PSG0001548	.	retired
PSG0001552	.	retired
PSG0001566	.	retired
PSG0001578	.	retired
PSG0001613	.	retired
PSG0001619	.	retired
PSG0001622	.	retired
PSG0001629	.	retired
PSG0001634	.	retired
PSG0001644	.	retired
PSG0001650	.	retired
PSG0001651	.	retired
PSG0001660	.	retired
PSG0001675	.	retired
PSG0001684	.	retired
PSG0001688	.	retired
PSG0001694	.	retired
PSG0001696	.	retired
PSG0001697	.	retired
PSG0001699	.	retired
PSG0001700	.	retired
PSG0001703	.	retired
PSG0001711	.	retired
PSG0001712	.	retired
PSG0001713	.	retired
PSG0001715	.	retired
PSG0001738	.	retired
PSG0001748	.	retired
PSG0001755	.	retired
PSG0001794	.	retired
PSG0001799	.	retired
PSG0001805	.	retired
PSG0001839	.	retired
PSG0001897	.	retired
PSG0001900	.	retired
PSG0001938	.	retired
PSG0001939	.	retired
PSG0001940	.	retired
PSG0001941	.	retired
PSG0001944	.	retired
PSG0001946	.	retired
PSG0001955	.	retired
PSG0001962	.	retired
PSG0001968	.	retired
PSG0001977	.	retired
PSG0001979	.	retired
PSG0001990	.	retired
PSG0001996	.	retired
PSG0002004	.	retired
PSG0002007	.	retired
PSG0002010	.	retired
PSG0002017	.	retired
PSG0002024	.	retired
PSG0002030	.	retired
PSG0002031	.	retired
PSG0002039	.	retired
PSG0002041	.	retired
PSG0002042	.	retired
PSG0002054	.	retired
PSG0002055	.	retired
PSG0002056	.	retired
PSG0002075	.	retired
PSG0002083	.	retired
PSG0002109	.	retired
PSG0002120	.	retired
PSG0002135	.	retired
PSG0002141	.	retired
PSG0002147	.	retired
PSG0002151	.	retired
PSG0002157	.	retired
PSG0002159	.	retired
PSG0002179	.	retired
PSG0002202	.	retired
PSG0002211	.	retired
PSG0002216	.	retired
PSG0002220	.	retired
PSG0002241	.	retired
PSG0002252	.	retired
PSG0002259	.	retired
PSG0002263	.	retired
PSG0002267	.	retired
PSG0002270	.	retired
PSG0002273	.	retired
PSG0002284	.	retired
PSG0002290	.	retired
PSG0002297	.	retired
PSG0002303	.	retired
PSG0002313	.	retired
PSG0002315	.	retired
PSG0002329	.	retired
PSG0002331	.	retired
PSG0002345	.	retired
PSG0002349	.	retired
PSG0002358	.	retired
PSG0002361	.	retired
PSG0002363	.	retired
PSG0002366	.	retired
PSG0002385	.	retired
PSG0002393	.	retired
PSG0002422	.	retired
PSG0002424	.	retired
PSG0002438	.	retired
PSG0002458	.	retired
PSG0002466	.	retired
PSG0002481	.	retired
PSG0002487	.	retired
PSG0002490	.	retired
PSG0002510	.	retired
PSG0002511	.	retired
PSG0002516	.	retired
PSG0002518	.	retired
PSG0002523	.	retired
PSG0002524	.	retired
PSG0002527	.	retired
PSG0002529	.	retired
PSG0002538	.	retired
PSG0002541	.	retired
PSG0002564	.	retired
PSG0002594	.	retired
PSG0002598	.	retired
PSG0002601	.	retired
PSG0002603	.	retired
PSG0002616	.	retired
PSG0002617	.	retired
PSG0002618	.	retired
PSG0002623	.	retired
PSG0002629	.	retired
PSG0002636	.	retired
PSG0002637	.	retired
PSG0002653	.	retired
PSG0002665	.	retired
PSG0002666	.	retired
PSG0002678	.	retired
PSG0002686	.	retired
PSG0002691	.	retired
PSG0002708	.	retired
PSG0002711	.	retired
PSG0002713	.	retired
PSG0002729	.	retired
PSG0002739	.	retired
PSG0002750	.	retired
PSG0002767	.	retired
PSG0002775	.	retired
PSG0002776	.	retired
PSG0002787	.	retired
PSG0002790	.	retired
PSG0002808	.	retired
PSG0002813	.	retired
PSG0002817	.	retired
PSG0002819	.	retired
PSG0002823	.	retired
PSG0002835	.	retired
PSG0002856	.	retired
PSG0002858	.	retired
PSG0002860	.	retired
PSG0002863	.	retired
PSG0002864	.	retired
PSG0002875	.	retired
PSG0002890	.	retired
PSG0002896	.	retired
PSG0002899	.	retired
PSG0002908	.	retired
PSG0002912	.	retired
PSG0002919	.	retired
PSG0002938	.	retired
PSG0002943	.	retired
PSG0002952	.	retired
PSG0002955	.	retired
PSG0002968	.	retired
PSG0002971	.	retired
PSG0002972	.	retired
PSG0002976	.	retired
PSG0002977	.	retired
PSG0002984	.	retired
PSG0003000	.	retired
PSG0003028	.	retired
PSG0003041	.	retired
PSG0003052	.	retired
PSG0003053	.	retired
PSG0003054	.	retired
PSG0003061	.	retired
PSG0003074	.	retired
PSG0003093	.	retired
PSG0003101	.	retired
PSG0003112	.	retired
PSG0003114	.	retired
PSG0003126	.	retired
PSG0003136	.	retired
PSG0003154	.	retired
PSG0003186	.	retired
PSG0003201	.	retired
PSG0003203	.	retired
PSG0003235	.	retired
PSG0003244	.	retired
PSG0003249	.	retired
PSG0003266	.	retired
PSG0003276	.	retired
PSG0003277	.	retired
PSG0003285	.	retired
PSG0003300	.	retired
PSG0003311	.	retired
PSG0003327	.	retired
PSG0003334	.	retired
PSG0003335	.	retired
PSG0003336	.	retired
PSG0003337	.	retired
PSG0003340	.	retired
PSG0003343	.	retired
PSG0003352	.	retired
PSG0003357	.	retired
PSG0003359	.	retired
PSG0003372	.	retired
PSG0003381	.	retired
PSG0003386	.	retired
PSG0003394	.	retired
PSG0003407	.	retired
PSG0003424	.	retired
PSG0003426	.	retired
PSG0003436	.	retired
PSG0003441	.	retired
PSG0003455	.	retired
PSG0003458	.	retired
PSG0003485	.	retired
PSG0003492	.	retired
PSG0003495	.	retired
PSG0003497	.	retired
PSG0003515	.	retired
PSG0003535	.	retired
PSG0003557	.	retired
PSG0003571	.	retired
PSG0003578	.	retired
PSG0003593	.	retired
PSG0003603	.	retired
PSG0003604	.	retired
PSG0003625	.	retired
PSG0003628	.	retired
PSG0003630	.	retired
PSG0003636	.	retired
PSG0003639	.	retired
PSG0003647	.	retired
PSG0003649	.	retired
PSG0003654	.	retired
PSG0003661	.	retired
PSG0003665	.	retired
PSG0003670	.	retired
PSG0003683	.	retired
PSG0003693	.	retired
PSG0003710	.	retired
PSG0003728	.	retired
PSG0003761	.	retired
PSG0003764	.	retired
PSG0003768	.	retired
PSG0003784	.	retired
PSG0003808	.	retired
PSG0003809	.	retired
PSG0003815	.	retired
PSG0003828	.	retired
PSG0003838	.	retired
PSG0003847	.	retired
PSG0003866	.	retired
PSG0003877	.	retired
PSG0003901	.	retired
PSG0003948	.	retired
PSG0003950	.	retired
PSG0003952	.	retired
PSG0003957	.	retired
PSG0003959	.	retired
PSG0003960	.	retired
PSG0003970	.	retired
PSG0003973	.	retired
PSG0003982	.	retired
PSG0003991	.	retired
PSG0004002	.	retired
PSG0004008	.	retired
PSG0004010	.	retired
PSG0004015	.	retired
PSG0004021	.	retired
PSG0004024	.	retired
PSG0004044	.	retired
PSG0004048	.	retired
PSG0004049	.	retired
PSG0004070	.	retired
PSG0004073	.	retired
PSG0004075	.	retired
PSG0004083	.	retired
PSG0004087	.	retired
PSG0004093	.	retired
PSG0004095	.	retired
PSG0004099	.	retired
PSG0004105	.	retired
PSG0004111	.	retired
PSG0004117	.	retired
PSG0004125	.	retired
PSG0004128	.	retired
PSG0004129	.	retired
PSG0004132	.	retired
PSG0004133	.	retired
PSG0004135	.	retired
PSG0004139	.	retired
PSG0004141	.	retired
PSG0004155	.	retired
PSG0004160	.	retired
PSG0004163	.	retired
PSG0004175	.	retired
PSG0004194	.	retired
PSG0004237	.	retired
PSG0004241	.	retired
PSG0004254	.	retired
PSG0004276	.	retired
PSG0004281	.	retired
PSG0004285	.	retired
PSG0004289	.	retired
PSG0004290	.	retired
PSG0004293	.	retired
PSG0004295	.	retired
PSG0004299	.	retired
PSG0004305	.	retired
PSG0004306	.	retired
PSG0004313	.	retired
PSG0004329	.	retired
PSG0004330	.	retired
PSG0004356	.	retired
PSG0004358	.	retired
PSG0004382	.	retired
PSG0004400	.	retired
PSG0004419	.	retired
PSG0004432	.	retired
PSG0004450	.	retired
PSG0004457	.	retired
PSG0004468	.	retired
PSG0004495	.	retired
PSG0004515	.	retired
PSG0004517	.	retired
PSG0004529	.	retired
PSG0004530	.	retired
PSG0004533	.	retired
PSG0004536	.	retired
PSG0004537	.	retired
PSG0004538	.	retired
PSG0004547	.	retired
PSG0004550	.	retired
PSG0004559	.	retired
PSG0004564	.	retired
PSG0004574	.	retired
PSG0004594	.	retired
PSG0004596	.	retired
PSG0004599	.	retired
PSG0004626	.	retired
PSG0004640	.	retired
PSG0004648	.	retired
PSG0004650	.	retired
PSG0004656	.	retired
PSG0004680	.	retired
PSG0004684	.	retired
PSG0004687	.	retired
PSG0004688	.	retired
PSG0004689	.	retired
PSG0004697	.	retired
PSG0004707	.	retired
PSG0004716	.	retired
PSG0004719	.	retired
PSG0004733	.	retired
PSG0004738	.	retired
PSG0004740	.	retired
PSG0004744	.	retired
PSG0004747	.	retired
PSG0004751	.	retired
PSG0004767	.	retired
PSG0004780	.	retired
PSG0004793	.	retired
PSG0004805	.	retired
PSG0004809	.	retired
PSG0004835	.	retired
PSG0004849	.	retired
PSG0004855	.	retired
PSG0004857	.	retired
PSG0004865	.	retired
PSG0004879	.	retired
PSG0004884	.	retired
PSG0004885	.	retired
PSG0004889	.	retired
PSG0004897	.	retired
PSG0004901	.	retired
PSG0004902	.	retired
PSG0004907	.	retired
PSG0004916	.	retired
PSG0004918	.	retired
PSG0004920	.	retired
PSG0004922	.	retired
PSG0004932	.	retired
PSG0004939	.	retired
PSG0004946	.	retired
PSG0004968	.	retired
PSG0004991	.	retired
PSG0005000	.	retired
PSG0005003	.	retired
PSG0005007	.	retired
PSG0005032	.	retired
PSG0005041	.	retired
PSG0005046	.	retired
PSG0005062	.	retired
PSG0005066	.	retired
PSG0005073	.	retired
PSG0005091	.	retired
PSG0005092	.	retired
PSG0005119	.	retired
PSG0005127	.	retired
PSG0005132	.	retired
PSG0005141	.	retired
PSG0005147	.	retired
PSG0005152	.	retired
PSG0005155	.	retired
PSG0005157	.	retired
PSG0005158	.	retired
PSG0005180	.	retired
PSG0005184	.	retired
PSG0005187	.	retired
PSG0005193	.	retired
PSG0005195	.	retired
PSG0005202	.	retired
PSG0005215	.	retired
PSG0005252	.	retired
PSG0005257	.	retired
PSG0005294	.	retired
PSG0005295	.	retired
PSG0005302	.	retired
PSG0005310	.	retired
PSG0005322	.	retired
PSG0005328	.	retired
PSG0005330	.	retired
PSG0005371	.	retired
PSG0005373	.	retired
PSG0005378	.	retired
PSG0005408	.	retired
PSG0005420	.	retired
PSG0005425	.	retired
PSG0005432	.	retired
PSG0005465	.	retired
PSG0005467	.	retired
PSG0005470	.	retired
PSG0005471	.	retired
PSG0005477	.	retired
PSG0005504	.	retired
PSG0005528	.	retired
PSG0005535	.	retired
PSG0005567	.	retired
PSG0005579	.	retired
PSG0005580	.	retired
PSG0005582	.	retired
PSG0005585	.	retired
PSG0005593	.	retired
PSG0005598	.	retired
PSG0005605	.	retired
PSG0005613	.	retired
PSG0005652	.	retired
PSG0005688	.	retired
PSG0005700	.	retired
PSG0005730	.	retired
PSG0005759	.	retired
PSG0005763	.	retired
PSG0005776	.	retired
PSG0005777	.	retired
PSG0005798	.	retired
PSG0005800	.	retired
PSG0005806	.	retired
PSG0005814	.	retired
PSG0005863	.	retired
PSG0005890	.	retired
PSG0005917	.	retired
PSG0005926	.	retired
PSG0005936	.	retired
PSG0005952	.	retired
PSG0005970	.	retired
PSG0005976	.	retired
PSG0005985	.	retired
PSG0005997	.	retired
PSG0006011	.	retired
PSG0006013	.	retired
PSG0006027	.	retired
PSG0006034	.	retired
PSG0006041	.	retired
PSG0006046	.	retired
PSG0006075	.	retired
PSG0006079	.	retired
PSG0006080	.	retired
PSG0006081	.	retired
PSG0006085	.	retired
PSG0006096	.	retired
PSG0006100	.	retired
PSG0006101	.	retired
PSG0006103	.	retired
PSG0006109	.	retired
PSG0006136	.	retired
PSG0006139	.	retired
PSG0006143	.	retired
PSG0006145	.	retired
PSG0006153	.	retired
PSG0006159	.	retired
PSG0006160	.	retired
PSG0006166	.	retired
PSG0006190	.	retired
PSG0006191	.	retired
PSG0006198	.	retired
PSG0006200	.	retired
PSG0006201	.	retired
PSG0006205	.	retired
PSG0006221	.	retired
PSG0006224	.	retired
PSG0006237	.	retired
PSG0006238	.	retired
PSG0006245	.	retired
PSG0006247	.	retired
PSG0006252	.	retired
PSG0006261	.	retired
PSG0006268	.	retired
PSG0006290	.	retired
PSG0006291	.	retired
PSG0006292	.	retired
PSG0006295	.	retired
PSG0006313	.	retired
PSG0006318	.	retired
PSG0006319	.	retired
PSG0006326	.	retired
PSG0006332	.	retired
PSG0006339	.	retired
PSG0006340	.	retired
PSG0006341	.	retired
PSG0006363	.	retired
PSG0006365	.	retired
PSG0006366	.	retired
PSG0006367	.	retired
PSG0006381	.	retired
PSG0006383	.	retired
PSG0006388	.	retired
PSG0006389	.	retired
PSG0006390	.	retired
PSG0006394	.	retired
PSG0006402	.	retired
PSG0006421	.	retired
PSG0006468	.	retired
PSG0006493	.	retired
PSG0006497	.	retired
PSG0006503	.	retired
PSG0006504	.	retired
PSG0006511	.	retired
PSG0006525	.	retired
PSG0006544	.	retired
PSG0006559	.	retired
PSG0006567	.	retired
PSG0006573	.	retired
PSG0006593	.	retired
PSG0006601	.	retired
PSG0006622	.	retired
PSG0006624	.	retired
PSG0006632	.	retired
PSG0006644	.	retired
PSG0006646	.	retired
PSG0006656	.	retired
PSG0006691	.	retired
PSG0006718	.	retired
PSG0006736	.	retired
PSG0006742	.	retired
PSG0006747	.	retired
PSG0006754	.	retired
PSG0006764	.	retired
PSG0006767	.	retired
PSG0006779	.	retired
PSG0006788	.	retired
PSG0006811	.	retired
PSG0006815	.	retired
PSG0006844	.	retired
PSG0006878	.	retired
PSG0006889	.	retired
PSG0006904	.	retired
PSG0006911	.	retired
PSG0006926	.	retired
PSG0006929	.	retired
PSG0006930	.	retired
PSG0006933	.	retired
PSG0006966	.	retired
PSG0006968	.	retired
PSG0006979	.	retired
PSG0006981	.	retired
PSG0006982	.	retired
PSG0007046	.	retired
PSG0007047	.	retired
PSG0007050	.	retired
PSG0007051	.	retired
PSG0007052	.	retired
PSG0007065	.	retired
PSG0007082	.	retired
PSG0007089	.	retired
PSG0007097	.	retired
PSG0007101	.	retired
PSG0007110	.	retired
PSG0007120	.	retired
PSG0007149	.	retired
PSG0007166	.	retired
PSG0007175	.	retired
PSG0007178	.	retired
PSG0007179	.	retired
PSG0007180	.	retired
PSG0007188	.	retired
PSG0007189	.	retired
PSG0007191	.	retired
PSG0007209	.	retired
PSG0007210	.	retired
PSG0007226	.	retired
PSG0007243	.	retired
PSG0007250	.	retired
PSG0007275	.	retired
PSG0007278	.	retired
PSG0007279	.	retired
PSG0007308	.	retired
PSG0007319	.	retired
PSG0007335	.	retired
PSG0007339	.	retired
PSG0007342	.	retired
PSG0007382	.	retired
PSG0007387	.	retired
PSG0007393	.	retired
PSG0007407	.	retired
PSG0007409	.	retired
PSG0007416	.	retired
PSG0007430	.	retired
PSG0007463	.	retired
PSG0007476	.	retired
PSG0007488	.	retired
PSG0007493	.	retired
PSG0007502	.	retired
PSG0007505	.	retired
PSG0007511	.	retired
PSG0007516	.	retired
PSG0007517	.	retired
PSG0007526	.	retired
PSG0007528	.	retired
PSG0007530	.	retired
PSG0007533	.	retired
PSG0007557	.	retired
PSG0007560	.	retired
PSG0007562	.	retired
PSG0007566	.	retired
PSG0007574	.	retired
PSG0007577	.	retired
PSG0007579	.	retired
PSG0007580	.	retired
PSG0007584	.	retired
PSG0007585	.	retired
PSG0007590	.	retired
PSG0007592	.	retired
PSG0007604	.	retired
PSG0007619	.	retired
PSG0007654	.	retired
PSG0007657	.	retired
PSG0007667	.	retired
PSG0007672	.	retired
PSG0007674	.	retired
PSG0007685	.	retired
PSG0007691	.	retired
PSG0007707	.	retired
PSG0007710	.	retired
PSG0007726	.	retired
PSG0007728	.	retired
PSG0007731	.	retired
PSG0007737	.	retired
PSG0007743	.	retired
PSG0007745	.	retired
PSG0007746	.	retired
PSG0007748	.	retired
PSG0007758	.	retired
PSG0007771	.	retired
PSG0007777	.	retired
PSG0007787	.	retired
PSG0007802	.	retired
PSG0007808	.	retired
PSG0007810	.	retired
PSG0007821	.	retired
PSG0007838	.	retired
PSG0007861	.	retired
PSG0007879	.	retired
PSG0007885	.	retired
PSG0007890	.	retired
PSG0007926	.	retired
PSG0007931	.	retired
PSG0007932	.	retired
PSG0007940	.	retired
PSG0007967	.	retired
PSG0007970	.	retired
PSG0008003	.	retired
PSG0008007	.	retired
PSG0008009	.	retired
PSG0008026	.	retired
PSG0008038	.	retired
PSG0008059	.	retired
PSG0008086	.	retired
PSG0008087	.	retired
PSG0008088	.	retired
PSG0008130	.	retired
PSG0008132	.	retired
PSG0008134	.	retired
PSG0008137	.	retired
PSG0008147	.	retired
PSG0008152	.	retired
PSG0008172	.	retired
PSG0008184	.	retired
PSG0008208	.	retired
PSG0008218	.	retired
PSG0008231	.	retired
PSG0008245	.	retired
PSG0008249	.	retired
PSG0008281	.	retired
PSG0008282	.	retired
PSG0008307	.	retired
PSG0008316	.	retired
PSG0008332	.	retired
PSG0008333	.	retired
PSG0008334	.	retired
PSG0008342	.	retired
PSG0008345	.	retired
PSG0008374	.	retired
PSG0008376	.	retired
PSG0008394	.	retired
PSG0008403	.	retired
PSG0008418	.	retired
PSG0008421	.	retired
PSG0008427	.	retired
PSG0008458	.	retired
PSG0008463	.	retired
PSG0008466	.	retired
PSG0008468	.	retired
PSG0008479	.	retired
PSG0008481	.	retired
PSG0008486	.	retired
PSG0008487	.	retired
PSG0008498	.	retired
PSG0008511	.	retired
PSG0008527	.	retired
PSG0008539	.	retired
PSG0008551	.	retired
PSG0008552	.	retired
PSG0008564	.	retired
PSG0008565	.	retired
PSG0008569	.	retired
PSG0008602	.	retired
PSG0008604	.	retired
PSG0008609	.	retired
PSG0008613	.	retired
PSG0008614	.	retired
PSG0008622	.	retired
PSG0008627	.	retired
PSG0008628	.	retired
PSG0008629	.	retired
PSG0008645	.	retired
PSG0008646	.	retired
PSG0008657	.	retired
PSG0008661	.	retired
PSG0008681	.	retired
PSG0008694	.	retired
PSG0008707	.	retired
PSG0008711	.	retired
PSG0008713	.	retired
PSG0008739	.	retired
PSG0008747	.	retired
PSG0008749	.	retired
PSG0008755	.	retired
PSG0008775	.	retired
PSG0008778	.	retired
PSG0008781	.	retired
PSG0008796	.	retired
PSG0008817	.	retired
PSG0008821	.	retired
PSG0008834	.	retired
PSG0008835	.	retired
PSG0008852	.	retired
PSG0008865	.	retired
PSG0008871	.	retired
PSG0008874	.	retired
PSG0008885	.	retired
PSG0008892	.	retired
PSG0008897	.	retired
PSG0008905	.	retired
PSG0008914	.	retired
PSG0008915	.	retired
PSG0008921	.	retired
PSG0008933	.	retired
PSG0008934	.	retired
PSG0008936	.	retired
PSG0008940	.	retired
PSG0008954	.	retired
PSG0008963	.	retired
PSG0009001	.	retired
PSG0009004	.	retired
PSG0009018	.	retired
PSG0009022	.	retired
PSG0009033	.	retired
PSG0009059	.	retired
PSG0009062	.	retired
PSG0009067	.	retired
PSG0009072	.	retired
PSG0009074	.	retired
PSG0009077	.	retired
PSG0009079	.	retired
PSG0009084	.	retired
PSG0009109	.	retired
PSG0009115	.	retired
PSG0009117	.	retired
PSG0009128	.	retired
PSG0009135	.	retired
PSG0009137	.	retired
PSG0009138	.	retired
PSG0009143	.	retired
PSG0009151	.	retired
PSG0009166	.	retired
PSG0009168	.	retired
PSG0009173	.	retired
PSG0009175	.	retired
PSG0009182	.	retired
PSG0009220	.	retired
PSG0009225	.	retired
PSG0009227	.	retired
PSG0009236	.	retired
PSG0009238	.	retired
PSG0009239	.	retired
PSG0009241	.	retired
PSG0009246	.	retired
PSG0009271	.	retired
PSG0009275	.	retired
PSG0009294	.	retired
PSG0009314	.	retired
PSG0009337	.	retired
PSG0009341	.	retired
PSG0009356	.	retired
PSG0009362	.	retired
PSG0009372	.	retired
PSG0009374	.	retired
PSG0009375	.	retired
PSG0009383	.	retired
PSG0009386	.	retired
PSG0009392	.	retired
PSG0009395	.	retired
PSG0009404	.	retired
PSG0009412	.	retired
PSG0009414	.	retired
PSG0009417	.	retired
PSG0009421	.	retired
PSG0009437	.	retired
PSG0009440	.	retired
PSG0009445	.	retired
PSG0009460	.	retired
PSG0009470	.	retired
PSG0009499	.	retired
PSG0009505	.	retired
PSG0009520	.	retired
PSG0009527	.	retired
PSG0009548	.	retired
PSG0009556	.	retired
PSG0009566	.	retired
PSG0009575	.	retired
PSG0009580	.	retired
PSG0009582	.	retired
PSG0009586	.	retired
PSG0009592	.	retired
PSG0009596	.	retired
PSG0009601	.	retired
PSG0009648	.	retired
PSG0009661	.	retired
PSG0009663	.	retired
PSG0009669	.	retired
PSG0009688	.	retired
PSG0009702	.	retired
PSG0009704	.	retired
PSG0009708	.	retired
PSG0009717	.	retired
PSG0009719	.	retired
PSG0009720	.	retired
PSG0009734	.	retired
PSG0009760	.	retired
PSG0009791	.	retired
PSG0009793	.	retired
PSG0009837	.	retired
PSG0009840	.	retired
PSG0009841	.	retired
PSG0009862	.	retired
PSG0009866	.	retired
PSG0009879	.	retired
PSG0009882	.	retired
PSG0009889	.	retired
PSG0009899	.	retired
PSG0009900	.	retired
PSG0009905	.	retired
PSG0009916	.	retired
PSG0009918	.	retired
PSG0009929	.	retired
PSG0009945	.	retired
PSG0009955	.	retired
PSG0009958	.	retired
PSG0009971	.	retired
PSG0010009	.	retired
PSG0010022	.	retired
PSG0010031	.	retired
PSG0010032	.	retired
PSG0010039	.	retired
PSG0010040	.	retired
PSG0010041	.	retired
PSG0010044	.	retired
PSG0010046	.	retired
PSG0010071	.	retired
PSG0010080	.	retired
PSG0010123	.	retired
PSG0010126	.	retired
PSG0010130	.	retired
PSG0010131	.	retired
PSG0010139	.	retired
PSG0010143	.	retired
PSG0010147	.	retired
PSG0010150	.	retired
PSG0010173	.	retired
PSG0010181	.	retired
PSG0010189	.	retired
PSG0010209	.	retired
PSG0010214	.	retired
PSG0010219	.	retired
PSG0010221	.	retired
PSG0010258	.	retired
PSG0010275	.	retired
PSG0010283	.	retired
PSG0010302	.	retired
PSG0010303	.	retired
PSG0010350	.	retired
PSG0010380	.	retired
PSG0010383	.	retired
PSG0010391	.	retired
PSG0010410	.	retired
PSG0010411	.	retired
PSG0010419	.	retired
PSG0010423	.	retired
PSG0010441	.	retired
PSG0010447	.	retired
PSG0010461	.	retired
PSG0010500	.	retired
PSG0010510	.	retired
PSG0010528	.	retired
PSG0010532	.	retired
PSG0010548	.	retired
PSG0010558	.	retired
PSG0010570	.	retired
PSG0010577	.	retired
PSG0010587	.	retired
PSG0010606	.	retired
PSG0010620	.	retired
PSG0010629	.	retired
PSG0010647	.	retired
PSG0010653	.	retired
PSG0010667	.	retired
PSG0010670	.	retired
PSG0010673	.	retired
PSG0010680	.	retired
PSG0010682	.	retired
PSG0010685	.	retired
PSG0010701	.	retired
PSG0010719	.	retired
PSG0010729	.	retired
PSG0010739	.	retired
PSG0010740	.	retired
PSG0010741	.	retired
PSG0010742	.	retired
PSG0010745	.	retired
PSG0010749	.	retired
PSG0010760	.	retired
PSG0010773	.	retired
PSG0010786	.	retired
PSG0010800	.	retired
PSG0010805	.	retired
PSG0010812	.	retired
PSG0010818	.	retired
PSG0010819	.	retired
PSG0010839	.	retired
PSG0010875	.	retired
PSG0010879	.	retired
PSG0010887	.	retired
PSG0010890	.	retired
PSG0010893	.	retired
PSG0010897	.	retired
PSG0010911	.	retired
PSG0010924	.	retired
PSG0010926	.	retired
PSG0010931	.	retired
PSG0010948	.	retired
PSG0010972	.	retired
PSG0010975	.	retired
PSG0010979	.	retired
PSG0010980	.	retired
PSG0010994	.	retired
PSG0011015	.	retired
PSG0011019	.	retired
PSG0011027	.	retired
PSG0011029	.	retired
PSG0011033	.	retired
PSG0011035	.	retired
PSG0011037	.	retired
PSG0011044	.	retired
PSG0011049	.	retired
PSG0011052	.	retired
PSG0011098	.	retired
PSG0011117	.	retired
PSG0011124	.	retired
PSG0011139	.	retired
PSG0011141	.	retired
PSG0011157	.	retired
PSG0011158	.	retired
PSG0011193	.	retired
PSG0011199	.	retired
PSG0011204	.	retired
PSG0011208	.	retired
PSG0011214	.	retired
PSG0011224	.	retired
PSG0011231	.	retired
PSG0011233	.	retired
PSG0011242	.	retired
PSG0011247	.	retired
PSG0011262	.	retired
PSG0011263	.	retired
PSG0011265	.	retired
PSG0011284	.	retired
PSG0011287	.	retired
PSG0011293	.	retired
PSG0011300	.	retired
PSG0011303	.	retired
PSG0011323	.	retired
PSG0011334	.	retired
PSG0011337	.	retired
PSG0011346	.	retired
PSG0011361	.	retired
PSG0011363	.	retired
PSG0011369	.	retired
PSG0011370	.	retired
PSG0011379	.	retired
PSG0011386	.	retired
PSG0011397	.	retired
PSG0011408	.	retired
PSG0011421	.	retired
PSG0011423	.	retired
PSG0011434	.	retired
PSG0011435	.	retired
PSG0011456	.	retired
PSG0011460	.	retired
PSG0011461	.	retired
PSG0011467	.	retired
PSG0011484	.	retired
PSG0011495	.	retired
PSG0011504	.	retired
PSG0011513	.	retired
PSG0011525	.	retired
PSG0011530	.	retired
PSG0011550	.	retired
PSG0011553	.	retired
PSG0011560	.	retired
PSG0011565	.	retired
PSG0011568	.	retired
PSG0011571	.	retired
PSG0011575	.	retired
PSG0011584	.	retired
PSG0011586	.	retired
PSG0011594	.	retired
PSG0011601	.	retired
PSG0011608	.	retired
PSG0011616	.	retired
PSG0011627	.	retired
PSG0011637	.	retired
PSG0011638	.	retired
PSG0011646	.	retired
PSG0011668	.	retired
PSG0011671	.	retired
PSG0011676	.	retired
PSG0011678	.	retired
PSG0011679	.	retired
PSG0011699	.	retired
PSG0011708	.	retired
PSG0011713	.	retired
PSG0011714	.	retired
PSG0011718	.	retired
PSG0011737	.	retired
PSG0011739	.	retired
PSG0011741	.	retired
PSG0011745	.	retired
PSG0011747	.	retired
PSG0011758	.	retired
PSG0011774	.	retired
PSG0011778	.	retired
PSG0011784	.	retired
PSG0011788	.	retired
PSG0011793	.	retired
PSG0011801	.	retired
PSG0011809	.	retired
PSG0011850	.	retired
PSG0011910	.	retired
PSG0011929	.	retired
PSG0011933	.	retired
PSG0011939	.	retired
PSG0011957	.	retired
PSG0011958	.	retired
PSG0011966	.	retired
PSG0011967	.	retired
PSG0011975	.	retired
PSG0011983	.	retired
PSG0011996	.	retired
PSG0012006	.	retired
PSG0012009	.	retired
PSG0012014	.	retired
PSG0012098	.	retired
PSG0012116	.	retired
PSG0012126	.	retired
PSG0012131	.	retired
PSG0012139	.	retired
PSG0012145	.	retired
PSG0012154	.	retired
PSG0012167	.	retired
PSG0012183	.	retired
PSG0012189	.	retired
PSG0012200	.	retired
PSG0012212	.	retired
PSG0012220	.	retired
PSG0012223	.	retired
PSG0012227	.	retired
PSG0012246	.	retired
PSG0012250	.	retired
PSG0012253	.	retired
PSG0012291	.	retired
PSG0012292	.	retired
PSG0012303	.	retired
PSG0012313	.	retired
PSG0012315	.	retired
PSG0012317	.	retired
PSG0012330	.	retired
PSG0012333	.	retired
PSG0012356	.	retired
PSG0012374	.	retired
PSG0012377	.	retired
PSG0012385	.	retired
PSG0012391	.	retired
PSG0012393	.	retired
PSG0012394	.	retired
PSG0012399	.	retired
PSG0012405	.	retired
PSG0012424	.	retired
PSG0012432	.	retired
PSG0012434	.	retired
PSG0012439	.	retired
PSG0012445	.	retired
PSG0012454	.	retired
PSG0012459	.	retired
PSG0012477	.	retired
PSG0012499	.	retired
PSG0012504	.	retired
PSG0012515	.	retired
PSG0012516	.	retired
PSG0012519	.	retired
PSG0012531	.	retired
PSG0012542	.	retired
PSG0012547	.	retired
PSG0012572	.	retired
PSG0012603	.	retired
PSG0012605	.	retired
PSG0012608	.	retired
PSG0012626	.	retired
PSG0012633	.	retired
PSG0012650	.	retired
PSG0012671	.	retired
PSG0012690	.	retired
PSG0012699	.	retired
PSG0012700	.	retired
PSG0012718	.	retired
PSG0012730	.	retired
PSG0012745	.	retired
PSG0012750	.	retired
PSG0012751	.	retired
PSG0012764	.	retired
PSG0012776	.	retired
PSG0012782	.	retired
PSG0012783	.	retired
PSG0012785	.	retired
PSG0012821	.	retired
PSG0012827	.	retired
PSG0012849	.	retired
PSG0012850	.	retired
PSG0012858	.	retired
PSG0012866	.	retired
PSG0012875	.	retired
PSG0012884	.	retired
PSG0012893	.	retired
PSG0012895	.	retired
PSG0012897	.	retired
PSG0012905	.	retired
PSG0012907	.	retired
PSG0012908	.	retired
PSG0012910	.	retired
PSG0012913	.	retired
PSG0012914	.	retired
PSG0012920	.	retired
PSG0012921	.	retired
PSG0012922	.	retired
PSG0012956	.	retired
PSG0012959	.	retired
PSG0012960	.	retired
PSG0012961	.	retired
PSG0012966	.	retired
PSG0012976	.	retired
PSG0012978	.	retired
PSG0012981	.	retired
PSG0012989	.	retired
PSG0013042	.	retired
PSG0013047	.	retired
PSG0013064	.	retired
PSG0013067	.	retired
PSG0013083	.	retired
PSG0013084	.	retired
PSG0013086	.	retired
PSG0013092	.	retired
PSG0013121	.	retired
PSG0013125	.	retired
PSG0013133	.	retired
PSG0013142	.	retired
PSG0013146	.	retired
PSG0013150	.	retired
PSG0013161	.	retired
PSG0013162	.	retired
PSG0013180	.	retired
PSG0013183	.	retired
PSG0013186	.	retired
PSG0013191	.	retired
PSG0013200	.	retired
PSG0013204	.	retired
PSG0013205	.	retired
PSG0013216	.	retired
PSG0013227	.	retired
PSG0013229	.	retired
PSG0013239	.	retired
PSG0013242	.	retired
PSG0013248	.	retired
PSG0013260	.	retired
PSG0013267	.	retired
PSG0013270	.	retired
PSG0013311	.	retired
PSG0013312	.	retired
PSG0013314	.	retired
PSG0013326	.	retired
PSG0013330	.	retired
PSG0013348	.	retired
PSG0013351	.	retired
PSG0013356	.	retired
PSG0013361	.	retired
PSG0013368	.	retired
PSG0013373	.	retired
PSG0013382	.	retired
PSG0013402	.	retired
PSG0013403	.	retired
PSG0013404	.	retired
PSG0013409	.	retired
PSG0013435	.	retired
PSG0013473	.	retired
PSG0013476	.	retired
PSG0013510	.	retired
PSG0013535	.	retired
PSG0013537	.	retired
PSG0013541	.	retired
PSG0013549	.	retired
PSG0013557	.	retired
PSG0013564	.	retired
PSG0013574	.	retired
PSG0013600	.	retired
PSG0013606	.	retired
PSG0013614	.	retired
PSG0013616	.	retired
PSG0013636	.	retired
PSG0013647	.	retired
PSG0013652	.	retired
PSG0013679	.	retired
PSG0013680	.	retired
PSG0013706	.	retired
PSG0013718	.	retired
PSG0013719	.	retired
PSG0013732	.	retired
PSG0013737	.	retired
PSG0013740	.	retired
PSG0013751	.	retired
PSG0013759	.	retired
PSG0013766	.	retired
PSG0013797	.	retired
PSG0013802	.	retired
PSG0013818	.	retired
PSG0013821	.	retired
PSG0013856	.	retired
PSG0013875	.	retired
PSG0013882	.	retired
PSG0013885	.	retired
PSG0013895	.	retired
PSG0013904	.	retired
PSG0013908	.	retired
PSG0013915	.	retired
PSG0013941	.	retired
PSG0013962	.	retired
PSG0013979	.	retired
PSG0013980	.	retired
PSG0013995	.	retired
PSG0013998	.	retired
PSG0013999	.	retired
PSG0014017	.	retired
PSG0014048	.	retired
PSG0014058	.	retired
PSG0014109	.	retired
PSG0014142	.	retired
PSG0014144	.	retired
PSG0014145	.	retired
PSG0014152	.	retired
PSG0014174	.	retired
PSG0014186	.	retired
PSG0014201	.	retired
PSG0014209	.	retired
PSG0014219	.	retired
PSG0014226	.	retired
PSG0014227	.	retired
PSG0014236	.	retired
PSG0014252	.	retired
PSG0014267	.	retired
PSG0014287	.	retired
PSG0014292	.	retired
PSG0014301	.	retired
PSG0014302	.	retired
PSG0014311	.	retired
PSG0014325	.	retired
PSG0014339	.	retired
PSG0014358	.	retired
PSG0014365	.	retired
PSG0014376	.	retired
PSG0014390	.	retired
PSG0014394	.	retired
PSG0014404	.	retired
PSG0014415	.	retired
PSG0014421	.	retired
PSG0014437	.	retired
PSG0014459	.	retired
PSG0014465	.	retired
PSG0014481	.	retired
PSG0014495	.	retired
PSG0014497	.	retired
PSG0014498	.	retired
PSG0014518	.	retired
PSG0014524	.	retired
PSG0014548	.	retired
PSG0014552	.	retired
PSG0014554	.	retired
PSG0014616	.	retired
PSG0014619	.	retired
PSG0014659	.	retired
PSG0014669	.	retired
PSG0014672	.	retired
PSG0014678	.	retired
PSG0014689	.	retired
PSG0014695	.	retired
PSG0014699	.	retired
PSG0014714	.	retired
PSG0014719	.	retired
PSG0014728	.	retired
PSG0014743	.	retired
PSG0014777	.	retired
PSG0014790	.	retired
PSG0014803	.	retired
PSG0014804	.	retired
PSG0014805	.	retired
PSG0014810	.	retired
PSG0014813	.	retired
PSG0014852	.	retired
PSG0014853	.	retired
PSG0014854	.	retired
PSG0014862	.	retired
PSG0014866	.	retired
PSG0014868	.	retired
PSG0014870	.	retired
PSG0014876	.	retired
PSG0014878	.	retired
PSG0014884	.	retired
PSG0014890	.	retired
PSG0014893	.	retired
PSG0014894	.	retired
PSG0014900	.	retired
PSG0014906	.	retired
PSG0014919	.	retired
PSG0014924	.	retired
PSG0014926	.	retired
PSG0014930	.	retired
PSG0014936	.	retired
PSG0014938	.	retired
PSG0014941	.	retired
PSG0014953	.	retired
PSG0014961	.	retired
PSG0014964	.	retired
PSG0014965	.	retired
PSG0014966	.	retired
PSG0014969	.	retired
PSG0014971	.	retired
PSG0014990	.	retired
PSG0014999	.	retired
PSG0015000	.	retired
PSG0015012	.	retired
PSG0015020	.	retired
PSG0015032	.	retired
PSG0015033	.	retired
PSG0015042	.	retired
PSG0015044	.	retired
PSG0015048	.	retired
PSG0015051	.	retired
PSG0015054	.	retired
PSG0015065	.	retired
PSG0015079	.	retired
PSG0015098	.	retired
PSG0015102	.	retired
PSG0015108	.	retired
PSG0015117	.	retired
PSG0015125	.	retired
PSG0015139	.	retired
PSG0015157	.	retired
PSG0015170	.	retired
PSG0015182	.	retired
PSG0015208	.	retired
PSG0015219	.	retired
PSG0015224	.	retired
PSG0015225	.	retired
PSG0015231	.	retired
PSG0015236	.	retired
PSG0015245	.	retired
PSG0015256	.	retired
PSG0015260	.	retired
PSG0015270	.	retired
PSG0015275	.	retired
PSG0015276	.	retired
PSG0015279	.	retired
PSG0015285	.	retired
PSG0015287	.	retired
PSG0015289	.	retired
PSG0015300	.	retired
PSG0015302	.	retired
PSG0015308	.	retired
PSG0015309	.	retired
PSG0015323	.	retired
PSG0015326	.	retired
PSG0015330	.	retired
PSG0015336	.	retired
PSG0015337	.	retired
PSG0015357	.	retired
PSG0015358	.	retired
PSG0015363	.	retired
PSG0015368	.	retired
PSG0015390	.	retired
PSG0015397	.	retired
PSG0015402	.	retired
PSG0015412	.	retired
PSG0015427	.	retired
PSG0015430	.	retired
PSG0015431	.	retired
PSG0015437	.	retired
PSG0015439	.	retired
PSG0015469	.	retired
PSG0015483	.	retired
PSG0015494	.	retired
PSG0015497	.	retired
PSG0015502	.	retired
PSG0015505	.	retired
PSG0015515	.	retired
PSG0015530	.	retired
PSG0015531	.	retired
PSG0015539	.	retired
PSG0015543	.	retired
PSG0015548	.	retired
PSG0015561	.	retired
PSG0015575	.	retired
PSG0015587	.	retired
PSG0015588	.	retired
PSG0015601	.	retired
PSG0015609	.	retired
PSG0015611	.	retired
PSG0015612	.	retired
PSG0015613	.	retired
PSG0015622	.	retired
PSG0015623	.	retired
PSG0015627	.	retired
PSG0015648	.	retired
PSG0015711	.	retired
PSG0015716	.	retired
PSG0015721	.	retired
PSG0015727	.	retired
PSG0015747	.	retired
PSG0015749	.	retired
PSG0015763	.	retired
PSG0015770	.	retired
PSG0015772	.	retired
PSG0015774	.	retired
PSG0015776	.	retired
PSG0015787	.	retired
PSG0015796	.	retired
PSG0015805	.	retired
PSG0015806	.	retired
PSG0015808	.	retired
PSG0015825	.	retired
PSG0015829	.	retired
PSG0015834	.	retired
PSG0015837	.	retired
PSG0015850	.	retired
PSG0015854	.	retired
PSG0015865	.	retired
PSG0015869	.	retired
PSG0015875	.	retired
PSG0015897	.	retired
PSG0015899	.	retired
PSG0015902	.	retired
PSG0015917	.	retired
PSG0015949	.	retired
PSG0015952	.	retired
PSG0015953	.	retired
PSG0015964	.	retired
PSG0015974	.	retired
PSG0015980	.	retired
PSG0015983	.	retired
PSG0015987	.	retired
PSG0016003	.	retired
PSG0016011	.	retired
PSG0016023	.	retired
PSG0016038	.	retired
PSG0016040	.	retired
PSG0016042	.	retired
PSG0016057	.	retired
PSG0016062	.	retired
PSG0016066	.	retired
PSG0016127	.	retired
PSG0016137	.	retired
PSG0016159	.	retired
PSG0016169	.	retired
PSG0016178	.	retired
PSG0016191	.	retired
PSG0016219	.	retired
PSG0016220	.	retired
PSG0016246	.	retired
PSG0016248	.	retired
PSG0016249	.	retired
PSG0016254	.	retired
PSG0016267	.	retired
PSG0016271	.	retired
PSG0016276	.	retired
PSG0016279	.	retired
PSG0016285	.	retired
PSG0016289	.	retired
PSG0016299	.	retired
PSG0016323	.	retired
PSG0016335	.	retired
PSG0016341	.	retired
PSG0016342	.	retired
PSG0016344	.	retired
PSG0016359	.	retired
PSG0016372	.	retired
PSG0016376	.	retired
PSG0016384	.	retired
PSG0016386	.	retired
PSG0016396	.	retired
PSG0016399	.	retired
PSG0016402	.	retired
PSG0016416	.	retired
PSG0016423	.	retired
PSG0016425	.	retired
PSG0016441	.	retired
PSG0016463	.	retired
PSG0016467	.	retired
PSG0016470	.	retired
PSG0016472	.	retired
PSG0016476	.	retired
PSG0016485	.	retired
PSG0016487	.	retired
PSG0016492	.	retired
PSG0016511	.	retired
PSG0016527	.	retired
PSG0016541	.	retired
PSG0016577	.	retired
PSG0016584	.	retired
PSG0016591	.	retired
PSG0016593	.	retired
PSG0016599	.	retired
PSG0016600	.	retired
PSG0016607	.	retired
PSG0016608	.	retired
PSG0016610	.	retired
PSG0016614	.	retired
PSG0016627	.	retired
PSG0016652	.	retired
PSG0016659	.	retired
PSG0016678	.	retired
PSG0016703	.	retired
PSG0016711	.	retired
PSG0016716	.	retired
PSG0016722	.	retired
PSG0016727	.	retired
PSG0016730	.	retired
PSG0016737	.	retired
PSG0016746	.	retired
PSG0016747	.	retired
PSG0016748	.	retired
PSG0016753	.	retired
PSG0016754	.	retired
PSG0016807	.	retired
PSG0016815	.	retired
PSG0016818	.	retired
PSG0016836	.	retired
PSG0016853	.	retired
PSG0016892	.	retired
PSG0016896	.	retired
PSG0016902	.	retired
PSG0016912	.	retired
PSG0016916	.	retired
PSG0016919	.	retired
PSG0016923	.	retired
PSG0016924	.	retired
PSG0016934	.	retired
PSG0016935	.	retired
PSG0016943	.	retired
PSG0016947	.	retired
PSG0016949	.	retired
PSG0016954	.	retired
PSG0016957	.	retired
PSG0016971	.	retired
PSG0016974	.	retired
PSG0016998	.	retired
PSG0017013	.	retired
PSG0017027	.	retired
PSG0017036	.	retired
PSG0017037	.	retired
PSG0017040	.	retired
PSG0017077	.	retired
PSG0017087	.	retired
PSG0017114	.	retired
PSG0017120	.	retired
PSG0017132	.	retired
PSG0017133	.	retired
PSG0017188	.	retired
PSG0017193	.	retired
PSG0017198	.	retired
PSG0017201	.	retired
PSG0017202	.	retired
PSG0017219	.	retired
PSG0017221	.	retired
PSG0017227	.	retired
PSG0017228	.	retired
PSG0017237	.	retired
PSG0017254	.	retired
PSG0017260	.	retired
PSG0017267	.	retired
PSG0017268	.	retired
PSG0017278	.	retired
PSG0017282	.	retired
PSG0017290	.	retired
PSG0017303	.	retired
PSG0017311	.	retired
PSG0017317	.	retired
PSG0017319	.	retired
PSG0017320	.	retired
PSG0017328	.	retired
PSG0017331	.	retired
PSG0017354	.	retired
PSG0017394	.	retired
PSG0017403	.	retired
PSG0017407	.	retired
PSG0017420	.	retired
PSG0017421	.	retired
PSG0017422	.	retired
PSG0017425	.	retired
PSG0017434	.	retired
PSG0017459	.	retired
PSG0017462	.	retired
PSG0017463	.	retired
PSG0017465	.	retired
PSG0017478	.	retired
PSG0017503	.	retired
PSG0017515	.	retired
PSG0017535	.	retired
PSG0017565	.	retired
PSG0017588	.	retired
PSG0017590	.	retired
PSG0017591	.	retired
PSG0017597	.	retired
PSG0017614	.	retired
PSG0017619	.	retired
PSG0017622	.	retired
PSG0017624	.	retired
PSG0017633	.	retired
PSG0017638	.	retired
PSG0017644	.	retired
PSG0017645	.	retired
PSG0017652	.	retired
PSG0017660	.	retired
PSG0017661	.	retired
PSG0017666	.	retired
PSG0017689	.	retired
PSG0017690	.	retired
PSG0017693	.	retired
PSG0017697	.	retired
PSG0017701	.	retired
PSG0017702	.	retired
PSG0017717	.	retired
PSG0017718	.	retired
PSG0017726	.	retired
PSG0017728	.	retired
PSG0017737	.	retired
PSG0017738	.	retired
PSG0017743	.	retired
PSG0017747	.	retired
PSG0017754	.	retired
PSG0017776	.	retired
PSG0017796	.	retired
PSG0017802	.	retired
PSG0017813	.	retired
PSG0017814	.	retired
PSG0017822	.	retired
PSG0017833	.	retired
PSG0017834	.	retired
PSG0017836	.	retired
PSG0017842	.	retired
PSG0017843	.	retired
PSG0017845	.	retired
PSG0017897	.	retired
PSG0017907	.	retired
PSG0017910	.	retired
PSG0017929	.	retired
PSG0017932	.	retired
PSG0017933	.	retired
PSG0017936	.	retired
PSG0017945	.	retired
PSG0017986	.	retired
PSG0017996	.	retired
PSG0017997	.	retired
PSG0018026	.	retired
PSG0018031	.	retired
PSG0018065	.	retired
PSG0018071	.	retired
PSG0018072	.	retired
PSG0018080	.	retired
PSG0018083	.	retired
PSG0018084	.	retired
PSG0018094	.	retired
PSG0018098	.	retired
PSG0018100	.	retired
PSG0018118	.	retired
PSG0018127	.	retired
PSG0018130	.	retired
PSG0018132	.	retired
PSG0018138	.	retired
PSG0018142	.	retired
PSG0018143	.	retired
PSG0018173	.	retired
PSG0018178	.	retired
PSG0018180	.	retired
PSG0018221	.	retired
PSG0018223	.	retired
PSG0018265	.	retired
PSG0018268	.	retired
PSG0018271	.	retired
PSG0018283	.	retired
PSG0018292	.	retired
PSG0018302	.	retired
PSG0018306	.	retired
PSG0018311	.	retired
PSG0018312	.	retired
PSG0018323	.	retired
PSG0018333	.	retired
PSG0018339	.	retired
PSG0018342	.	retired
PSG0018357	.	retired
PSG0018360	.	retired
PSG0018365	.	retired
PSG0018379	.	retired
PSG0018385	.	retired
PSG0018399	.	retired
PSG0018403	.	retired
PSG0018404	.	retired
PSG0018418	.	retired
PSG0018428	.	retired
PSG0018429	.	retired
PSG0018435	.	retired
PSG0018446	.	retired
PSG0018452	.	retired
PSG0018464	.	retired
PSG0018469	.	retired
PSG0018472	.	retired
PSG0018474	.	retired
PSG0018475	.	retired
PSG0018484	.	retired
PSG0018490	.	retired
PSG0018502	.	retired
PSG0018506	.	retired
PSG0018526	.	retired
PSG0018553	.	retired
PSG0018555	.	retired
PSG0018573	.	retired
PSG0018614	.	retired
PSG0018625	.	retired
PSG0018639	.	retired
PSG0018646	.	retired
PSG0018662	.	retired
PSG0018687	.	retired
PSG0018696	.	retired
PSG0018707	.	retired
PSG0018726	.	retired
PSG0018734	.	retired
PSG0018737	.	retired
PSG0018763	.	retired
PSG0018768	.	retired
PSG0018781	.	retired
PSG0018787	.	retired
PSG0018790	.	retired
PSG0018796	.	retired
PSG0018797	.	retired
PSG0018801	.	retired
PSG0018813	.	retired
PSG0018832	.	retired
PSG0018833	.	retired
PSG0018835	.	retired
PSG0018837	.	retired
PSG0018845	.	retired
PSG0018855	.	retired
PSG0018859	.	retired
PSG0018860	.	retired
PSG0018867	.	retired
PSG0018870	.	retired
PSG0018882	.	retired
PSG0018886	.	retired
PSG0018891	.	retired
PSG0018895	.	retired
PSG0018896	.	retired
PSG0018904	.	retired
PSG0018906	.	retired
PSG0018911	.	retired
PSG0018916	.	retired
PSG0018926	.	retired
PSG0018929	.	retired
PSG0018930	.	retired
PSG0018931	.	retired
PSG0018934	.	retired
PSG0018935	.	retired
PSG0018940	.	retired
PSG0018944	.	retired
PSG0018945	.	retired
PSG0018946	.	retired
PSG0018947	.	retired
PSG0018948	.	retired
PSG0018949	.	retired
PSG0018955	.	retired
PSG0018961	.	retired
PSG0018966	.	retired
PSG0018973	.	retired
PSG0018974	.	retired
PSG0018989	.	retired
PSG0018990	.	retired
PSG0018996	.	retired
PSG0019001	.	retired
PSG0019016	.	retired
PSG0019022	.	retired
PSG0019025	.	retired
PSG0019035	.	retired
PSG0019036	.	retired
PSG0019055	.	retired
PSG0019059	.	retired
PSG0019064	.	retired
PSG0019077	.	retired
PSG0019087	.	retired
PSG0019090	.	retired
PSG0019095	.	retired
PSG0019100	.	retired
PSG0019102	.	retired
PSG0019108	.	retired
PSG0019115	.	retired
PSG0019129	.	retired
PSG0019152	.	retired
PSG0019162	.	retired
PSG0019171	.	retired
PSG0019180	.	retired
PSG0019183	.	retired
PSG0019208	.	retired
PSG0019211	.	retired
PSG0019232	.	retired
PSG0019250	.	retired
PSG0019253	.	retired
PSG0019268	.	retired
PSG0019270	.	retired
PSG0019271	.	retired
PSG0019291	.	retired
PSG0019295	.	retired
PSG0019298	.	retired
PSG0019300	.	retired
PSG0019306	.	retired
PSG0019315	.	retired
PSG0019324	.	retired
PSG0019325	.	retired
PSG0019335	.	retired
PSG0019336	.	retired
PSG0019358	.	retired
PSG0019370	.	retired
PSG0019397	.	retired
PSG0019399	.	retired
PSG0019406	.	retired
PSG0019416	.	retired
PSG0019427	.	retired
PSG0019442	.	retired
PSG0019467	.	retired
PSG0019469	.	retired
PSG0019485	.	retired
PSG0019487	.	retired
PSG0019491	.	retired
PSG0019505	.	retired
PSG0019528	.	retired
PSG0019530	.	retired
PSG0019539	.	retired
PSG0019544	.	retired
PSG0019545	.	retired
PSG0019553	.	retired
PSG0019554	.	retired
PSG0019571	.	retired
PSG0019582	.	retired
PSG0019586	.	retired
PSG0019588	.	retired
PSG0019593	.	retired
PSG0019626	.	retired
PSG0019644	.	retired
PSG0019645	.	retired
PSG0019649	.	retired
PSG0019653	.	retired
PSG0019697	.	retired
PSG0019737	.	retired
PSG0019738	.	retired
PSG0019791	.	retired
PSG0019796	.	retired
PSG0019802	.	retired
PSG0019804	.	retired
PSG0019810	.	retired
PSG0019813	.	retired
PSG0019819	.	retired
PSG0019837	.	retired
PSG0019852	.	retired
PSG0019855	.	retired
PSG0019856	.	retired
PSG0019860	.	retired
PSG0019869	.	retired
PSG0019871	.	retired
PSG0019874	.	retired
PSG0019888	.	retired
PSG0019892	.	retired
PSG0019899	.	retired
PSG0019902	.	retired
PSG0019909	.	retired
PSG0019913	.	retired
PSG0019920	.	retired
PSG0019934	.	retired
PSG0019956	.	retired
PSG0019984	.	retired
PSG0019989	.	retired
PSG0019995	.	retired
PSG0020008	.	retired
PSG0020009	.	retired
PSG0020021	.	retired
PSG0020029	.	retired
PSG0020035	.	retired
PSG0020037	.	retired
PSG0020043	.	retired
PSG0020047	.	retired
PSG0020062	.	retired
PSG0020079	.	retired
PSG0020087	.	retired
PSG0020092	.	retired
PSG0020095	.	retired
PSG0020098	.	retired
PSG0020099	.	retired
PSG0020100	.	retired
PSG0020115	.	retired
PSG0020126	.	retired
PSG0020151	.	retired
PSG0020169	.	retired
PSG0020172	.	retired
PSG0020197	.	retired
PSG0020200	.	retired
PSG0020204	.	retired
PSG0020208	.	retired
PSG0020216	.	retired
PSG0020217	.	retired
PSG0020227	.	retired
PSG0020244	.	retired
PSG0020256	.	retired
PSG0020263	.	retired
PSG0020273	.	retired
PSG0020277	.	retired
PSG0020293	.	retired
PSG0020302	.	retired
PSG0020324	.	retired
PSG0020334	.	retired
PSG0020357	.	retired
PSG0020359	.	retired
PSG0020361	.	retired
PSG0020363	.	retired
PSG0020369	.	retired
PSG0020372	.	retired
PSG0020376	.	retired
PSG0020383	.	retired
PSG0020388	.	retired
PSG0020392	.	retired
PSG0020415	.	retired
PSG0020438	.	retired
PSG0020446	.	retired
PSG0020457	.	retired
PSG0020459	.	retired
PSG0020460	.	retired
PSG0020465	.	retired
PSG0020498	.	retired
PSG0020510	.	retired
PSG0020512	.	retired
PSG0020513	.	retired
PSG0020521	.	retired
PSG0020533	.	retired
PSG0020539	.	retired
PSG0020546	.	retired
PSG0020552	.	retired
PSG0020555	.	retired
PSG0020557	.	retired
PSG0020573	.	retired
PSG0020582	.	retired
PSG0020586	.	retired
PSG0020600	.	retired
PSG0020601	.	retired
PSG0020628	.	retired
PSG0020629	.	retired
PSG0020637	.	retired
PSG0020638	.	retired
PSG0020656	.	retired
PSG0020658	.	retired
PSG0020666	.	retired
PSG0020669	.	retired
PSG0020673	.	retired
PSG0020682	.	retired
PSG0020697	.	retired
PSG0020698	.	retired
PSG0020700	.	retired
PSG0020746	.	retired
PSG0020748	.	retired
PSG0020758	.	retired
PSG0020759	.	retired
PSG0020760	.	retired
PSG0020768	.	retired
PSG0020774	.	retired
PSG0020793	.	retired
PSG0020823	.	retired
PSG0020827	.	retired
PSG0020830	.	retired
PSG0020831	.	retired
PSG0020845	.	retired
PSG0020852	.	retired
PSG0020854	.	retired
PSG0020908	.	retired
PSG0020918	.	retired
PSG0020921	.	retired
PSG0020928	.	retired
PSG0020932	.	retired
PSG0020935	.	retired
PSG0020965	.	retired
PSG0021021	.	retired
PSG0021028	.	retired
PSG0021030	.	retired
PSG0021059	.	retired
PSG0021073	.	retired
PSG0021077	.	retired
PSG0021087	.	retired
PSG0021088	.	retired
PSG0021089	.	retired
PSG0021091	.	retired
PSG0021092	.	retired
PSG0021107	.	retired
PSG0021108	.	retired
PSG0021109	.	retired
PSG0021120	.	retired
PSG0021126	.	retired
PSG0021132	.	retired
PSG0021142	.	retired
PSG0021146	.	retired
PSG0021159	.	retired
PSG0021164	.	retired
PSG0021179	.	retired
PSG0021183	.	retired
PSG0021194	.	retired
PSG0021198	.	retired
PSG0021204	.	retired
PSG0021208	.	retired
PSG0021211	.	retired
PSG0021214	.	retired
PSG0021217	.	retired
PSG0021223	.	retired
PSG0021239	.	retired
PSG0021253	.	retired
PSG0021255	.	retired
PSG0021259	.	retired
PSG0021261	.	retired
PSG0021284	.	retired
PSG0021288	.	retired
PSG0021295	.	retired
PSG0021330	.	retired
PSG0021365	.	retired
PSG0021384	.	retired
PSG0021403	.	retired
PSG0021438	.	retired
PSG0021458	.	retired
PSG0021475	.	retired
PSG0021492	.	retired
PSG0021493	.	retired
PSG0021497	.	retired
PSG0021520	.	retired
PSG0021521	.	retired
PSG0021524	.	retired
PSG0021534	.	retired
PSG0021552	.	retired
PSG0021562	.	retired
PSG0021568	.	retired
PSG0021571	.	retired
PSG0021583	.	retired
PSG0021584	.	retired
PSG0021586	.	retired
PSG0021588	.	retired
PSG0021589	.	retired
PSG0021590	.	retired
PSG0021595	.	retired
PSG0021608	.	retired
PSG0021622	.	retired
PSG0021637	.	retired
PSG0021644	.	retired
PSG0021657	.	retired
PSG0021683	.	retired
PSG0021685	.	retired
PSG0021688	.	retired
PSG0021689	.	retired
PSG0021699	.	retired
PSG0021704	.	retired
PSG0021705	.	retired
PSG0021708	.	retired
PSG0021722	.	retired
PSG0021724	.	retired
PSG0021725	.	retired
PSG0021726	.	retired
PSG0021729	.	retired
PSG0021736	.	retired
PSG0021737	.	retired
PSG0021745	.	retired
PSG0021748	.	retired
PSG0021766	.	retired
PSG0021770	.	retired
PSG0021799	.	retired
PSG0021800	.	retired
PSG0021803	.	retired
PSG0021805	.	retired
PSG0021810	.	retired
PSG0021833	.	retired
PSG0021851	.	retired
PSG0021861	.	retired
PSG0021866	.	retired
PSG0021868	.	retired
PSG0021875	.	retired
PSG0021883	.	retired
PSG0021900	.	retired
PSG0021937	.	retired
PSG0021938	.	retired
PSG0021947	.	retired
PSG0021954	.	retired
PSG0021960	.	retired
PSG0021963	.	retired
PSG0021966	.	retired
PSG0021971	.	retired
PSG0021989	.	retired
PSG0021994	.	retired
PSG0021997	.	retired
PSG0022015	.	retired
PSG0022025	.	retired
PSG0022028	.	retired
PSG0022047	.	retired
PSG0022072	.	retired
PSG0022100	.	retired
PSG0022109	.	retired
PSG0022132	.	retired
PSG0022139	.	retired
PSG0022152	.	retired
PSG0022157	.	retired
PSG0022173	.	retired
PSG0022181	.	retired
PSG0022189	.	retired
PSG0022204	.	retired
PSG0022205	.	retired
PSG0022210	.	retired
PSG0022229	.	retired
PSG0022230	.	retired
PSG0022231	.	retired
PSG0022232	.	retired
PSG0022241	.	retired
PSG0022247	.	retired
PSG0022273	.	retired
PSG0022276	.	retired
PSG0022286	.	retired
PSG0022290	.	retired
PSG0022298	.	retired
PSG0022336	.	retired
PSG0022366	.	retired
PSG0022382	.	retired
PSG0022392	.	retired
PSG0022393	.	retired
PSG0022410	.	retired
PSG0022425	.	retired
PSG0022456	.	retired
PSG0022472	.	retired
PSG0022475	.	retired
PSG0022504	.	retired
PSG0022508	.	retired
PSG0022536	.	retired
PSG0022543	.	retired
PSG0022559	.	retired
PSG0022569	.	retired
PSG0022657	.	retired
PSG0022658	.	retired
PSG0022666	.	retired
PSG0022730	.	retired
PSG0022740	.	retired
PSG0022755	.	retired
PSG0022783	.	retired
PSG0022792	.	retired
PSG0022795	.	retired
PSG0022799	.	retired
PSG0022805	.	retired
PSG0022817	.	retired
PSG0022837	.	retired
PSG0022848	.	retired
PSG0022852	.	retired
PSG0022859	.	retired
PSG0022868	.	retired
PSG0022880	.	retired
PSG0022904	.	retired
PSG0022919	.	retired
PSG0022926	.	retired
PSG0022945	.	retired
PSG0022967	.	retired
PSG0022973	.	retired
PSG0022988	.	retired
PSG0022989	.	retired
PSG0023002	.	retired
PSG0023018	.	retired
PSG0023030	.	retired
PSG0023036	.	retired
PSG0023043	.	retired
PSG0023061	.	retired
PSG0023069	.	retired
PSG0023082	.	retired
PSG0023086	.	retired
PSG0023087	.	retired
PSG0023090	.	retired
PSG0023093	.	retired
PSG0023101	.	retired
PSG0023108	.	retired
PSG0023121	.	retired
PSG0023131	.	retired
PSG0023153	.	retired
PSG0023173	.	retired
PSG0023196	.	retired
PSG0023203	.	retired
PSG0023226	.	retired
PSG0023235	.	retired
PSG0023242	.	retired
PSG0023249	.	retired
PSG0023259	.	retired
PSG0023281	.	retired
PSG0023286	.	retired
PSG0023293	.	retired
PSG0023295	.	retired
PSG0023297	.	retired
PSG0023298	.	retired
PSG0023302	.	retired
PSG0023336	.	retired
PSG0023351	.	retired
PSG0023381	.	retired
PSG0023384	.	retired
PSG0023404	.	retired
PSG0023417	.	retired
PSG0023425	.	retired
PSG0023427	.	retired
PSG0023428	.	retired
PSG0023435	.	retired
PSG0023438	.	retired
PSG0023440	.	retired
PSG0023446	.	retired
PSG0023455	.	retired
PSG0023456	.	retired
PSG0023461	.	retired
PSG0023470	.	retired
PSG0023487	.	retired
PSG0023493	.	retired
PSG0023497	.	retired
PSG0023525	.	retired
PSG0023528	.	retired
PSG0023534	.	retired
PSG0023537	.	retired
PSG0023545	.	retired
PSG0023563	.	retired
PSG0023580	.	retired
PSG0023598	.	retired
PSG0023599	.	retired
PSG0023613	.	retired
PSG0023620	.	retired
PSG0023628	.	retired
PSG0023639	.	retired
PSG0023646	.	retired
PSG0023662	.	retired
PSG0023672	.	retired
PSG0023689	.	retired
PSG0023691	.	retired
PSG0023714	.	retired
PSG0023722	.	retired
PSG0023724	.	retired
PSG0023735	.	retired
PSG0023736	.	retired
PSG0023741	.	retired
PSG0023743	.	retired
PSG0023746	.	retired
PSG0023751	.	retired
PSG0023753	.	retired
PSG0023759	.	retired
PSG0023760	.	retired
PSG0023762	.	retired
PSG0023774	.	retired
PSG0023787	.	retired
PSG0023809	.	retired
PSG0023810	.	retired
PSG0023827	.	retired
PSG0023835	.	retired
PSG0023850	.	retired
PSG0023902	.	retired
PSG0023907	.	retired
PSG0023911	.	retired
PSG0023913	.	retired
PSG0023916	.	retired
PSG0023921	.	retired
PSG0023928	.	retired
PSG0023935	.	retired
PSG0023937	.	retired
PSG0023940	.	retired
PSG0023965	.	retired
PSG0023971	.	retired
PSG0023972	.	retired
PSG0023973	.	retired
PSG0023974	.	retired
PSG0023983	.	retired
PSG0024001	.	retired
PSG0024002	.	retired
PSG0024008	.	retired
PSG0024020	.	retired
PSG0024048	.	retired
PSG0024049	.	retired
PSG0024052	.	retired
PSG0024070	.	retired
PSG0024076	.	retired
PSG0024082	.	retired
PSG0024114	.	retired
PSG0024120	.	retired
PSG0024121	.	retired
PSG0024122	.	retired
PSG0024128	.	retired
PSG0024144	.	retired
PSG0024160	.	retired
PSG0024162	.	retired
PSG0024178	.	retired
PSG0024179	.	retired
PSG0024204	.	retired
PSG0024210	.	retired
PSG0024219	.	retired
PSG0024242	.	retired
PSG0024248	.	retired
PSG0024251	.	retired
PSG0024280	.	retired
PSG0024287	.	retired
PSG0024316	.	retired
PSG0024327	.	retired
PSG0024328	.	retired
PSG0024342	.	retired
PSG0024358	.	retired
PSG0024363	.	retired
PSG0024389	.	retired
PSG0024409	.	retired
PSG0024410	.	retired
PSG0024415	.	retired
PSG0024424	.	retired
PSG0024427	.	retired
PSG0024446	.	retired
PSG0024452	.	retired
PSG0024518	.	retired
PSG0024534	.	retired
PSG0024539	.	retired
PSG0024570	.	retired
PSG0024571	.	retired
PSG0024573	.	retired
PSG0024576	.	retired
PSG0024582	.	retired
PSG0024601	.	retired
PSG0024602	.	retired
PSG0024603	.	retired
PSG0024615	.	retired
PSG0024622	.	retired
PSG0024624	.	retired
PSG0024629	.	retired
PSG0024647	.	retired
PSG0024652	.	retired
PSG0024666	.	retired
PSG0024669	.	retired
PSG0024671	.	retired
PSG0024675	.	retired
PSG0024698	.	retired
PSG0024703	.	retired
PSG0024704	.	retired
PSG0024710	.	retired
PSG0024725	.	retired
PSG0024741	.	retired
PSG0024744	.	retired
PSG0024760	.	retired
PSG0024770	.	retired
PSG0024785	.	retired
PSG0024813	.	retired
PSG0024816	.	retired
PSG0024824	.	retired
PSG0024829	.	retired
PSG0024831	.	retired
PSG0024840	.	retired
PSG0024845	.	retired
PSG0024850	.	retired
PSG0024855	.	retired
PSG0024897	.	retired
PSG0024902	.	retired
PSG0024908	.	retired
PSG0024934	.	retired
PSG0024935	.	retired
PSG0024939	.	retired
PSG0024940	.	retired
PSG0024942	.	retired
PSG0024948	.	retired
PSG0024969	.	retired
PSG0024975	.	retired
PSG0024990	.	retired
PSG0024994	.	retired
PSG0025000	.	retired
PSG0025001	.	retired
PSG0025005	.	retired
PSG0025062	.	retired
PSG0025068	.	retired
PSG0025076	.	retired
PSG0025089	.	retired
PSG0025114	.	retired
PSG0025127	.	retired
PSG0025145	.	retired
PSG0025156	.	retired
PSG0025158	.	retired
PSG0025181	.	retired
PSG0025187	.	retired
PSG0025202	.	retired
PSG0025211	.	retired
PSG0025226	.	retired
PSG0025229	.	retired
PSG0025244	.	retired
PSG0025256	.	retired
PSG0025259	.	retired
PSG0025265	.	retired
PSG0025272	.	retired
PSG0025300	.	retired
PSG0025301	.	retired
PSG0025306	.	retired
PSG0025316	.	retired
PSG0025318	.	retired
PSG0025332	.	retired
PSG0025336	.	retired
PSG0025346	.	retired
PSG0025347	.	retired
PSG0025348	.	retired
PSG0025360	.	retired
PSG0025361	.	retired
PSG0025368	.	retired
PSG0025369	.	retired
PSG0025371	.	retired
PSG0025374	.	retired
PSG0025377	.	retired
PSG0025383	.	retired
PSG0025384	.	retired
PSG0025386	.	retired
PSG0025388	.	retired
PSG0025395	.	retired
PSG0025407	.	retired
PSG0025410	.	retired
PSG0025411	.	retired
PSG0025430	.	retired
PSG0025431	.	retired
PSG0025433	.	retired
PSG0025447	.	retired
PSG0025452	.	retired
PSG0025456	.	retired
PSG0025457	.	retired
PSG0025462	.	retired
PSG0025474	.	retired
PSG0025483	.	retired
PSG0025496	.	retired
PSG0025502	.	retired
PSG0025503	.	retired
PSG0025541	.	retired
PSG0025544	.	retired
PSG0025545	.	retired
PSG0025553	.	retired
PSG0025555	.	retired
PSG0025562	.	retired
PSG0025565	.	retired
PSG0025566	.	retired
PSG0025569	.	retired
PSG0025593	.	retired
PSG0025595	.	retired
PSG0025596	.	retired
PSG0025607	.	retired
PSG0025614	.	retired
PSG0025615	.	retired
PSG0025616	.	retired
PSG0025626	.	retired
PSG0025635	.	retired
PSG0025636	.	retired
PSG0025637	.	retired
PSG0025639	.	retired
PSG0025650	.	retired
PSG0025656	.	retired
PSG0025673	.	retired
PSG0025679	.	retired
PSG0025684	.	retired
PSG0025686	.	retired
PSG0025688	.	retired
PSG0025695	.	retired
PSG0025703	.	retired
PSG0025709	.	retired
PSG0025711	.	retired
PSG0025713	.	retired
PSG0025716	.	retired
PSG0025722	.	retired
PSG0025724	.	retired
PSG0025725	.	retired
PSG0025731	.	retired
PSG0025736	.	retired
PSG0025739	.	retired
PSG0025741	.	retired
PSG0025758	.	retired
PSG0025761	.	retired
PSG0025762	.	retired
PSG0025775	.	retired
PSG0025796	.	retired
PSG0025800	.	retired
PSG0025803	.	retired
PSG0025806	.	retired
PSG0025824	.	retired
PSG0025827	.	retired
PSG0025831	.	retired
PSG0025847	.	retired
PSG0025855	.	retired
PSG0025875	.	retired
PSG0025892	.	retired
PSG0025893	.	retired
PSG0025896	.	retired
PSG0025905	.	retired
PSG0025908	.	retired
PSG0025923	.	retired
PSG0025936	.	retired
PSG0025940	.	retired
PSG0025946	.	retired
PSG0025959	.	retired
PSG0025966	.	retired
PSG0025971	.	retired
PSG0025972	.	retired
PSG0025978	.	retired
PSG0025989	.	retired
PSG0026034	.	retired
PSG0026060	.	retired
PSG0026062	.	retired
PSG0026073	.	retired
PSG0026074	.	retired
PSG0026084	.	retired
PSG0026093	.	retired
PSG0026095	.	retired
PSG0026097	.	retired
PSG0026107	.	retired
PSG0026111	.	retired
PSG0026140	.	retired
PSG0026151	.	retired
PSG0026156	.	retired
PSG0026157	.	retired
PSG0026167	.	retired
PSG0026170	.	retired
PSG0026175	.	retired
PSG0026178	.	retired
PSG0026181	.	retired
PSG0026185	.	retired
PSG0026200	.	retired
PSG0026207	.	retired
PSG0026209	.	retired
PSG0026212	.	retired
PSG0026215	.	retired
PSG0026218	.	retired
PSG0026223	.	retired
PSG0026257	.	retired
PSG0026261	.	retired
PSG0026289	.	retired
PSG0026294	.	retired
PSG0026298	.	retired
PSG0026305	.	retired
PSG0026306	.	retired
PSG0026346	.	retired
PSG0026361	.	retired
PSG0026367	.	retired
PSG0026376	.	retired
PSG0026389	.	retired
PSG0026400	.	retired
PSG0026402	.	retired
PSG0026415	.	retired
PSG0026418	.	retired
PSG0026441	.	retired
PSG0026447	.	retired
PSG0026450	.	retired
PSG0026459	.	retired
PSG0026462	.	retired
PSG0026476	.	retired
PSG0026485	.	retired
PSG0026498	.	retired
PSG0026506	.	retired
PSG0026520	.	retired
PSG0026527	.	retired
PSG0026537	.	retired
PSG0026557	.	retired
PSG0026560	.	retired
PSG0026564	.	retired
PSG0026569	.	retired
PSG0026585	.	retired
PSG0026588	.	retired
PSG0026589	.	retired
PSG0026605	.	retired
PSG0026606	.	retired
PSG0026611	.	retired
PSG0026613	.	retired
PSG0026614	.	retired
PSG0026616	.	retired
PSG0026621	.	retired
PSG0026623	.	retired
PSG0026637	.	retired
PSG0026654	.	retired
PSG0026666	.	retired
PSG0026679	.	retired
PSG0026680	.	retired
PSG0026682	.	retired
PSG0026685	.	retired
PSG0026687	.	retired
PSG0026692	.	retired
PSG0026700	.	retired
PSG0026701	.	retired
PSG0026705	.	retired
PSG0026708	.	retired
PSG0026719	.	retired
PSG0026726	.	retired
PSG0026735	.	retired
PSG0026737	.	retired
PSG0026742	.	retired
PSG0026749	.	retired
PSG0026776	.	retired
PSG0026779	.	retired
PSG0026781	.	retired
PSG0026800	.	retired
PSG0026811	.	retired
PSG0026818	.	retired
PSG0026821	.	retired
PSG0026831	.	retired
PSG0026838	.	retired
PSG0026842	.	retired
PSG0026848	.	retired
PSG0026860	.	retired
PSG0026861	.	retired
PSG0026875	.	retired
PSG0026887	.	retired
PSG0026893	.	retired
PSG0026904	.	retired
PSG0026908	.	retired
PSG0026909	.	retired
PSG0026920	.	retired
PSG0026922	.	retired
PSG0026926	.	retired
PSG0026927	.	retired
PSG0026934	.	retired
PSG0026951	.	retired
PSG0026960	.	retired
PSG0026961	.	retired
PSG0026991	.	retired
PSG0026995	.	retired
PSG0026996	.	retired
PSG0027004	.	retired
PSG0027010	.	retired
PSG0027011	.	retired
PSG0027029	.	retired
PSG0027032	.	retired
PSG0027033	.	retired
PSG0027040	.	retired
PSG0027060	.	retired
PSG0027083	.	retired
PSG0027084	.	retired
PSG0027117	.	retired
PSG0027121	.	retired
PSG0027126	.	retired
PSG0027129	.	retired
PSG0027170	.	retired
PSG0027186	.	retired
PSG0027198	.	retired
PSG0027212	.	retired
PSG0027221	.	retired
PSG0027227	.	retired
PSG0027234	.	retired
PSG0027246	.	retired
PSG0027248	.	retired
PSG0027253	.	retired
PSG0027256	.	retired
PSG0027264	.	retired
PSG0027270	.	retired
PSG0027285	.	retired
PSG0027306	.	retired
PSG0027307	.	retired
PSG0027318	.	retired
PSG0027322	.	retired
PSG0027336	.	retired
PSG0027347	.	retired
PSG0027355	.	retired
PSG0027362	.	retired
PSG0027369	.	retired
PSG0027373	.	retired
PSG0027390	.	retired
PSG0027394	.	retired
PSG0027395	.	retired
PSG0027399	.	retired
PSG0027403	.	retired
PSG0027409	.	retired
PSG0027424	.	retired
PSG0027430	.	retired
PSG0027432	.	retired
PSG0027451	.	retired
PSG0027470	.	retired
PSG0027474	.	retired
PSG0027483	.	retired
PSG0027488	.	retired
PSG0027489	.	retired
PSG0027491	.	retired
PSG0027500	.	retired
PSG0027502	.	retired
PSG0027510	.	retired
PSG0027529	.	retired
PSG0027535	.	retired
PSG0027551	.	retired
PSG0027556	.	retired
PSG0027575	.	retired
PSG0027578	.	retired
PSG0027581	.	retired
PSG0027587	.	retired
PSG0027601	.	retired
PSG0027613	.	retired
PSG0027622	.	retired
PSG0027623	.	retired
PSG0027625	.	retired
PSG0027636	.	retired
PSG0027647	.	retired
PSG0027648	.	retired
PSG0027651	.	retired
PSG0027657	.	retired
PSG0027686	.	retired
PSG0027701	.	retired
PSG0027703	.	retired
PSG0027717	.	retired
PSG0027727	.	retired
PSG0027728	.	retired
PSG0027736	.	retired
PSG0027739	.	retired
PSG0027744	.	retired
PSG0027753	.	retired
PSG0027760	.	retired
PSG0027765	.	retired
PSG0027780	.	retired
PSG0027790	.	retired
PSG0027795	.	retired
PSG0027796	.	retired
PSG0027798	.	retired
PSG0027802	.	retired
PSG0027805	.	retired
PSG0027808	.	retired
PSG0027814	.	retired
PSG0027821	.	retired
PSG0027823	.	retired
PSG0027828	.	retired
PSG0027831	.	retired
PSG0027838	.	retired
PSG0027839	.	retired
PSG0027857	.	retired
PSG0027877	.	retired
PSG0027886	.	retired
PSG0027910	.	retired
PSG0027916	.	retired
PSG0027919	.	retired
PSG0027948	.	retired
PSG0027956	.	retired
PSG0027964	.	retired
PSG0028004	.	retired
PSG0028017	.	retired
PSG0028027	.	retired
PSG0028037	.	retired
PSG0028055	.	retired
PSG0028098	.	retired
PSG0028100	.	retired
PSG0028101	.	retired
PSG0028105	.	retired
PSG0028131	.	retired
PSG0028137	.	retired
PSG0028146	.	retired
PSG0028156	.	retired
PSG0028160	.	retired
PSG0028189	.	retired
PSG0028191	.	retired
PSG0028203	.	retired
PSG0028238	.	retired
PSG0028242	.	retired
PSG0028246	.	retired
PSG0028247	.	retired
PSG0028253	.	retired
PSG0028273	.	retired
PSG0028283	.	retired
PSG0028286	.	retired
PSG0028293	.	retired
PSG0028300	.	retired
PSG0028326	.	retired
PSG0028328	.	retired
PSG0028372	.	retired
PSG0028376	.	retired
PSG0028377	.	retired
PSG0028381	.	retired
PSG0028382	.	retired
PSG0028402	.	retired
PSG0028405	.	retired
PSG0028443	.	retired
PSG0028487	.	retired
PSG0028511	.	retired
PSG0028540	.	retired
PSG0028542	.	retired
PSG0028547	.	retired
PSG0028552	.	retired
PSG0028555	.	retired
PSG0028566	.	retired
PSG0028570	.	retired
PSG0028581	.	retired
PSG0028599	.	retired
PSG0028604	.	retired
PSG0028611	.	retired
PSG0028618	.	retired
PSG0028636	.	retired
PSG0028645	.	retired
PSG0028665	.	retired
PSG0028667	.	retired
PSG0028678	.	retired
PSG0028684	.	retired
PSG0028688	.	retired
PSG0028703	.	retired
PSG0028713	.	retired
PSG0028730	.	retired
PSG0028736	.	retired
PSG0028741	.	retired
PSG0028763	.	retired
PSG0028765	.	retired
PSG0028785	.	retired
PSG0028816	.	retired
PSG0028822	.	retired
PSG0028853	.	retired
PSG0028865	.	retired
PSG0028868	.	retired
PSG0028889	.	retired
PSG0028891	.	retired
PSG0028893	.	retired
PSG0028930	.	retired
PSG0028931	.	retired
PSG0028937	.	retired
PSG0028942	.	retired
PSG0028946	.	retired
PSG0028957	.	retired
PSG0028962	.	retired
PSG0028967	.	retired
PSG0028979	.	retired
PSG0029002	.	retired
PSG0029006	.	retired
PSG0029008	.	retired
PSG0029011	.	retired
PSG0029023	.	retired
PSG0029029	.	retired
PSG0029063	.	retired
PSG0029065	.	retired
PSG0029070	.	retired
PSG0029071	.	retired
PSG0029072	.	retired
PSG0029073	.	retired
PSG0029075	.	retired
PSG0029081	.	retired
PSG0029084	.	retired
PSG0029097	.	retired
PSG0029114	.	retired
PSG0029115	.	retired
PSG0029131	.	retired
PSG0029147	.	retired
PSG0029162	.	retired
PSG0029197	.	retired
PSG0029216	.	retired
PSG0029221	.	retired
PSG0029238	.	retired
PSG0029270	.	retired
PSG0029278	.	retired
PSG0029311	.	retired
PSG0029321	.	retired
PSG0029335	.	retired
PSG0029376	.	retired
PSG0029377	.	retired
PSG0029379	.	retired
PSG0029385	.	retired
PSG0029389	.	retired
PSG0029390	.	retired
PSG0029408	.	retired
PSG0029420	.	retired
PSG0029423	.	retired
PSG0029426	.	retired
PSG0029430	.	retired
PSG0029437	.	retired
PSG0029441	.	retired
PSG0029455	.	retired
PSG0029493	.	retired
PSG0029507	.	retired
PSG0029509	.	retired
PSG0029516	.	retired
PSG0029520	.	retired
PSG0029531	.	retired
PSG0029540	.	retired
PSG0029557	.	retired
PSG0029563	.	retired
PSG0029570	.	retired
PSG0029589	.	retired
PSG0029594	.	retired
PSG0029601	.	retired
PSG0029619	.	retired
PSG0029635	.	retired
PSG0029641	.	retired
PSG0029642	.	retired
PSG0029666	.	retired
PSG0029699	.	retired
PSG0029701	.	retired
PSG0029727	.	retired
PSG0029729	.	retired
PSG0029762	.	retired
PSG0029768	.	retired
PSG0029775	.	retired
PSG0029802	.	retired
PSG0029803	.	retired
PSG0029810	.	retired
PSG0029835	.	retired
PSG0029845	.	retired
PSG0029849	.	retired
PSG0029854	.	retired
PSG0029855	.	retired
PSG0029860	.	retired
PSG0029868	.	retired
PSG0029870	.	retired
PSG0029881	.	retired
PSG0029885	.	retired
PSG0029889	.	retired
PSG0029900	.	retired
PSG0029910	.	retired
PSG0029914	.	retired
PSG0029920	.	retired
PSG0029921	.	retired
PSG0029930	.	retired
PSG0029943	.	retired
PSG0029945	.	retired
PSG0029946	.	retired
PSG0029954	.	retired
PSG0029959	.	retired
PSG0029970	.	retired
PSG0029976	.	retired
PSG0029982	.	retired
PSG0030002	.	retired
PSG0030004	.	retired
PSG0030008	.	retired
PSG0030012	.	retired
PSG0030021	.	retired
PSG0030029	.	retired
PSG0030034	.	retired
PSG0030057	.	retired
PSG0030061	.	retired
PSG0030072	.	retired
PSG0030080	.	retired
PSG0030088	.	retired
PSG0030098	.	retired
PSG0030123	.	retired
PSG0030124	.	retired
PSG0030128	.	retired
PSG0030163	.	retired
PSG0030167	.	retired
PSG0030178	.	retired
PSG0030192	.	retired
PSG0030231	.	retired
PSG0030237	.	retired
PSG0030238	.	retired
PSG0030265	.	retired
PSG0030274	.	retired
PSG0030287	.	retired
PSG0030294	.	retired
PSG0030310	.	retired
PSG0030341	.	retired
PSG0030374	.	retired
PSG0030385	.	retired
PSG0030392	.	retired
PSG0030402	.	retired
PSG0030411	.	retired
PSG0030446	.	retired
PSG0030468	.	retired
PSG0030487	.	retired
PSG0030509	.	retired
PSG0030527	.	retired
PSG0030537	.	retired
PSG0030557	.	retired
PSG0030561	.	retired
PSG0030573	.	retired
PSG0030576	.	retired
PSG0030577	.	retired
PSG0030619	.	retired
PSG0030643	.	retired
PSG0030647	.	retired
PSG0030650	.	retired
PSG0030651	.	retired
PSG0030654	.	retired
PSG0030660	.	retired
PSG0030665	.	retired
PSG0030667	.	retired
PSG0030684	.	retired
PSG0030685	.	retired
PSG0030689	.	retired
PSG0030698	.	retired
PSG0030708	.	retired
PSG0030716	.	retired
PSG0030727	.	retired
PSG0030736	.	retired
PSG0030746	.	retired
PSG0030751	.	retired
PSG0030762	.	retired
PSG0030764	.	retired
PSG0030769	.	retired
PSG0030772	.	retired
PSG0030773	.	retired
PSG0030782	.	retired
PSG0030784	.	retired
PSG0030816	.	retired
PSG0030825	.	retired
PSG0030851	.	retired
PSG0030859	.	retired
PSG0030884	.	retired
PSG0030900	.	retired
PSG0030923	.	retired
PSG0030927	.	retired
PSG0030943	.	retired
PSG0030946	.	retired
PSG0030952	.	retired
PSG0030957	.	retired
PSG0030969	.	retired
PSG0030972	.	retired
PSG0030990	.	retired
PSG0030995	.	retired
PSG0031002	.	retired
PSG0031005	.	retired
PSG0031026	.	retired
PSG0031033	.	retired
PSG0031035	.	retired
PSG0031036	.	retired
PSG0031039	.	retired
PSG0031049	.	retired
PSG0031064	.	retired
PSG0031071	.	retired
PSG0031077	.	retired
PSG0031080	.	retired
PSG0031084	.	retired
PSG0031087	.	retired
PSG0031092	.	retired
PSG0031097	.	retired
PSG0031108	.	retired
PSG0031123	.	retired
PSG0031124	.	retired
PSG0031133	.	retired
PSG0031166	.	retired
PSG0031176	.	retired
PSG0031181	.	retired
PSG0031186	.	retired
PSG0031187	.	retired
PSG0031199	.	retired
PSG0031225	.	retired
PSG0031241	.	retired
PSG0031274	.	retired
PSG0031277	.	retired
PSG0031300	.	retired
PSG0031309	.	retired
PSG0031316	.	retired
PSG0031323	.	retired
PSG0031348	.	retired
PSG0031356	.	retired
PSG0031387	.	retired
PSG0031399	.	retired
PSG0031403	.	retired
PSG0031412	.	retired
PSG0031426	.	retired
PSG0031462	.	retired
PSG0031481	.	retired
PSG0031516	.	retired
PSG0031520	.	retired
PSG0031524	.	retired
PSG0031528	.	retired
PSG0031529	.	retired
PSG0031533	.	retired
PSG0031539	.	retired
PSG0031546	.	retired
PSG0031550	.	retired
PSG0031551	.	retired
PSG0031561	.	retired
PSG0031603	.	retired
PSG0031606	.	retired
PSG0031618	.	retired
PSG0031621	.	retired
PSG0031644	.	retired
PSG0031652	.	retired
PSG0031656	.	retired
PSG0031658	.	retired
PSG0031669	.	retired
PSG0031671	.	retired
PSG0031688	.	retired
PSG0031691	.	retired
PSG0031714	.	retired
PSG0031717	.	retired
PSG0031732	.	retired
PSG0031734	.	retired
PSG0031749	.	retired
PSG0031751	.	retired
PSG0031752	.	retired
PSG0031766	.	retired
PSG0031779	.	retired
PSG0031781	.	retired
PSG0031796	.	retired
PSG0031804	.	retired
PSG0031806	.	retired
PSG0031809	.	retired
PSG0031815	.	retired
PSG0031819	.	retired
PSG0031822	.	retired
PSG0031834	.	retired
PSG0031860	.	retired
PSG0031887	.	retired
PSG0031893	.	retired
PSG0031894	.	retired
PSG0031896	.	retired
PSG0031897	.	retired
PSG0031902	.	retired
PSG0031913	.	retired
PSG0031915	.	retired
PSG0031929	.	retired
PSG0031932	.	retired
PSG0031937	.	retired
PSG0031941	.	retired
PSG0031945	.	retired
PSG0031951	.	retired
PSG0031952	.	retired
PSG0031980	.	retired
PSG0032011	.	retired
PSG0032033	.	retired
PSG0032034	.	retired
PSG0032046	.	retired
PSG0032047	.	retired
PSG0032056	.	retired
PSG0032072	.	retired
PSG0032076	.	retired
PSG0032077	.	retired
PSG0032089	.	retired
PSG0032091	.	retired
PSG0032092	.	retired
PSG0032110	.	retired
PSG0032115	.	retired
PSG0032119	.	retired
PSG0032127	.	retired
PSG0032128	.	retired
PSG0032134	.	retired
PSG0032135	.	retired
PSG0032159	.	retired
PSG0032161	.	retired
PSG0032174	.	retired
PSG0032205	.	retired
PSG0032209	.	retired
PSG0032216	.	retired
PSG0032227	.	retired
PSG0032232	.	retired
PSG0032233	.	retired
PSG0032241	.	retired
PSG0032252	.	retired
PSG0032255	.	retired
PSG0032257	.	retired
PSG0032259	.	retired
PSG0032263	.	retired
PSG0032266	.	retired
PSG0032289	.	retired
PSG0032309	.	retired
PSG0032311	.	retired
PSG0032324	.	retired
PSG0032337	.	retired
PSG0032343	.	retired
PSG0032345	.	retired
PSG0032350	.	retired
PSG0032353	.	retired
PSG0032357	.	retired
PSG0032361	.	retired
PSG0032362	.	retired
PSG0032375	.	retired
PSG0032380	.	retired
PSG0032381	.	retired
PSG0032394	.	retired
PSG0032400	.	retired
PSG0032407	.	retired
PSG0032415	.	retired
PSG0032425	.	retired
PSG0032428	.	retired
PSG0032459	.	retired
PSG0032461	.	retired
PSG0032463	.	retired
PSG0032466	.	retired
PSG0032482	.	retired
PSG0032504	.	retired
PSG0032506	.	retired
PSG0032518	.	retired
PSG0032535	.	retired
PSG0032540	.	retired
PSG0032548	.	retired
PSG0032565	.	retired
PSG0032568	.	retired
PSG0032572	.	retired
PSG0032576	.	retired
PSG0032579	.	retired
PSG0032596	.	retired
PSG0032598	.	retired
PSG0032599	.	retired
PSG0032639	.	retired
PSG0032648	.	retired
PSG0032657	.	retired
PSG0032661	.	retired
PSG0032666	.	retired
PSG0032673	.	retired
PSG0032695	.	retired
PSG0032707	.	retired
PSG0032712	.	retired
PSG0032724	.	retired
PSG0032729	.	retired
PSG0032740	.	retired
PSG0032761	.	retired
PSG0032783	.	retired
PSG0032787	.	retired
PSG0032798	.	retired
PSG0032815	.	retired
PSG0032827	.	retired
PSG0032834	.	retired
PSG0032856	.	retired
PSG0032860	.	retired
PSG0032878	.	retired
PSG0032879	.	retired
PSG0032883	.	retired
PSG0032885	.	retired
PSG0032889	.	retired
PSG0032891	.	retired
PSG0032900	.	retired
PSG0032917	.	retired
PSG0032918	.	retired
PSG0032919	.	retired
PSG0032924	.	retired
PSG0032932	.	retired
PSG0032936	.	retired
PSG0032941	.	retired
PSG0032962	.	retired
PSG0032975	.	retired
PSG0032979	.	retired
PSG0032993	.	retired
PSG0032998	.	retired
PSG0033002	.	retired
PSG0033046	.	retired
PSG0033048	.	retired
PSG0033049	.	retired
PSG0033058	.	retired
PSG0033077	.	retired
PSG0033078	.	retired
PSG0033087	.	retired
PSG0033090	.	retired
PSG0033096	.	retired
PSG0033099	.	retired
PSG0033103	.	retired
PSG0033106	.	retired
PSG0033141	.	retired
PSG0033145	.	retired
PSG0033152	.	retired
PSG0033154	.	retired
PSG0033155	.	retired
PSG0033186	.	retired
PSG0033232	.	retired
PSG0033244	.	retired
PSG0033245	.	retired
PSG0033249	.	retired
PSG0033255	.	retired
PSG0033264	.	retired
PSG0033266	.	retired
PSG0033274	.	retired
PSG0033293	.	retired
PSG0033299	.	retired
PSG0033308	.	retired
PSG0033312	.	retired
PSG0033320	.	retired
PSG0033324	.	retired
PSG0033326	.	retired
PSG0033350	.	retired
PSG0033354	.	retired
PSG0033371	.	retired
PSG0033376	.	retired
PSG0033380	.	retired
PSG0033384	.	retired
PSG0033385	.	retired
PSG0033401	.	retired
PSG0033442	.	retired
PSG0033456	.	retired
PSG0033474	.	retired
PSG0033490	.	retired
PSG0033514	.	retired
PSG0033519	.	retired
PSG0033520	.	retired
PSG0033526	.	retired
PSG0033534	.	retired
PSG0033551	.	retired
PSG0033553	.	retired
PSG0033554	.	retired
PSG0033571	.	retired
PSG0033575	.	retired
PSG0033576	.	retired
PSG0033591	.	retired
PSG0033598	.	retired
PSG0033603	.	retired
PSG0033605	.	retired
PSG0033620	.	retired
PSG0033624	.	retired
PSG0033636	.	retired
PSG0033642	.	retired
PSG0033646	.	retired
PSG0033648	.	retired
PSG0033650	.	retired
PSG0033677	.	retired
PSG0033678	.	retired
PSG0033679	.	retired
PSG0033681	.	retired
PSG0033682	.	retired
PSG0033693	.	retired
PSG0033704	.	retired
PSG0033712	.	retired
PSG0033745	.	retired
PSG0033752	.	retired
PSG0033761	.	retired
PSG0033791	.	retired
PSG0033807	.	retired
PSG0033809	.	retired
PSG0033811	.	retired
PSG0033829	.	retired
PSG0033839	.	retired
PSG0033844	.	retired
PSG0033848	.	retired
PSG0033854	.	retired
PSG0033893	.	retired
PSG0033904	.	retired
PSG0033914	.	retired
PSG0033929	.	retired
PSG0033943	.	retired
PSG0033949	.	retired
PSG0033957	.	retired
PSG0033969	.	retired
PSG0033981	.	retired
PSG0033985	.	retired
PSG0033986	.	retired
PSG0034006	.	retired
PSG0034017	.	retired
PSG0034035	.	retired
PSG0034037	.	retired
PSG0034060	.	retired
PSG0034071	.	retired
PSG0034072	.	retired
PSG0034073	.	retired
PSG0034088	.	retired
PSG0034096	.	retired
PSG0034103	.	retired
PSG0034107	.	retired
PSG0034109	.	retired
PSG0034111	.	retired
PSG0034112	.	retired
PSG0034118	.	retired
PSG0034123	.	retired
PSG0034134	.	retired
PSG0034142	.	retired
PSG0034149	.	retired
PSG0034151	.	retired
PSG0034155	.	retired
PSG0034161	.	retired
PSG0034168	.	retired
PSG0034170	.	retired
PSG0034184	.	retired
PSG0034188	.	retired
PSG0034198	.	retired
PSG0034206	.	retired
PSG0034217	.	retired
PSG0034219	.	retired
PSG0034220	.	retired
PSG0034222	.	retired
PSG0034224	.	retired
PSG0034227	.	retired
PSG0034234	.	retired
PSG0034252	.	retired
PSG0034255	.	retired
PSG0034258	.	retired
PSG0034264	.	retired
PSG0034284	.	retired
PSG0034319	.	retired
PSG0034324	.	retired
PSG0034331	.	retired
PSG0034337	.	retired
PSG0034352	.	retired
PSG0034361	.	retired
PSG0034373	.	retired
PSG0034386	.	retired
PSG0034387	.	retired
PSG0034388	.	retired
PSG0034406	.	retired
PSG0034414	.	retired
PSG0034415	.	retired
PSG0034442	.	retired
PSG0034448	.	retired
PSG0034451	.	retired
PSG0034457	.	retired
PSG0034464	.	retired
PSG0034471	.	retired
PSG0034487	.	retired
PSG0034501	.	retired
PSG0034511	.	retired
PSG0034535	.	retired
PSG0034547	.	retired
PSG0034551	.	retired
PSG0034565	.	retired
PSG0034600	.	retired
PSG0034605	.	retired
PSG0034608	.	retired
PSG0034612	.	retired
PSG0034633	.	retired
PSG0034645	.	retired
PSG0034648	.	retired
PSG0034649	.	retired
PSG0034656	.	retired
PSG0034674	.	retired
PSG0034678	.	retired
PSG0034685	.	retired
PSG0034687	.	retired
PSG0034692	.	retired
PSG0034698	.	retired
PSG0034701	.	retired
PSG0034703	.	retired
PSG0034705	.	retired
PSG0034710	.	retired
PSG0034717	.	retired
PSG0034720	.	retired
PSG0034725	.	retired
PSG0034728	.	retired
PSG0034736	.	retired
PSG0034739	.	retired
PSG0034745	.	retired
PSG0034748	.	retired
PSG0034750	.	retired
PSG0034751	.	retired
PSG0034760	.	retired
PSG0034773	.	retired
PSG0034785	.	retired
PSG0034789	.	retired
PSG0034798	.	retired
PSG0034805	.	retired
PSG0034813	.	retired
PSG0034826	.	retired
PSG0034827	.	retired
PSG0034834	.	retired
PSG0034839	.	retired
PSG0034843	.	retired
PSG0034848	.	retired
PSG0034858	.	retired
PSG0034869	.	retired
PSG0034872	.	retired
PSG0034881	.	retired
PSG0034883	.	retired
PSG0034884	.	retired
PSG0034885	.	retired
PSG0034893	.	retired
PSG0034894	.	retired
PSG0034900	.	retired
PSG0034902	.	retired
PSG0034903	.	retired
PSG0034904	.	retired
PSG0034908	.	retired
PSG0034941	.	retired
PSG0034967	.	retired
PSG0034969	.	retired
PSG0034981	.	retired
PSG0034993	.	retired
PSG0035011	.	retired
PSG0035018	.	retired
PSG0035045	.	retired
PSG0035046	.	retired
PSG0035070	.	retired
PSG0035088	.	retired
PSG0035094	.	retired
PSG0035096	.	retired
PSG0035099	.	retired
PSG0035100	.	retired
PSG0035112	.	retired
PSG0035113	.	retired
PSG0035121	.	retired
PSG0035123	.	retired
PSG0035125	.	retired
PSG0035126	.	retired
PSG0035128	.	retired
PSG0035135	.	retired
PSG0035146	.	retired
PSG0035164	.	retired
PSG0035184	.	retired
PSG0035187	.	retired
PSG0035215	.	retired
PSG0035220	.	retired
PSG0035232	.	retired
PSG0035237	.	retired
PSG0035244	.	retired
PSG0035245	.	retired
PSG0035253	.	retired
PSG0035264	.	retired
PSG0035267	.	retired
PSG0035278	.	retired
PSG0035290	.	retired
PSG0035294	.	retired
PSG0035307	.	retired
PSG0035308	.	retired
PSG0035326	.	retired
PSG0035332	.	retired
PSG0035337	.	retired
PSG0035338	.	retired
PSG0035342	.	retired
PSG0035356	.	retired
PSG0035358	.	retired
PSG0035362	.	retired
PSG0035369	.	retired
PSG0035378	.	retired
PSG0035410	.	retired
PSG0035428	.	retired
PSG0035440	.	retired
PSG0035452	.	retired
PSG0035453	.	retired
PSG0035454	.	retired
PSG0035474	.	retired
PSG0035492	.	retired
PSG0035505	.	retired
PSG0035556	.	retired
PSG0035560	.	retired
PSG0035567	.	retired
PSG0035574	.	retired
PSG0035579	.	retired
PSG0035580	.	retired
PSG0035581	.	retired
PSG0035593	.	retired
PSG0035614	.	retired
PSG0035624	.	retired
PSG0035650	.	retired
PSG0035655	.	retired
PSG0035660	.	retired
PSG0035662	.	retired
PSG0035668	.	retired
PSG0035669	.	retired
PSG0035673	.	retired
PSG0035676	.	retired
PSG0035680	.	retired
PSG0035702	.	retired
PSG0035708	.	retired
PSG0035717	.	retired
PSG0035725	.	retired
PSG0035749	.	retired
PSG0035754	.	retired
PSG0035756	.	retired
PSG0035762	.	retired
PSG0035763	.	retired
PSG0035772	.	retired
PSG0035776	.	retired
PSG0035782	.	retired
PSG0035800	.	retired
PSG0035803	.	retired
PSG0035813	.	retired
PSG0035837	.	retired
PSG0035839	.	retired
PSG0035842	.	retired
PSG0035846	.	retired
PSG0035868	.	retired
PSG0035869	.	retired
PSG0035906	.	retired
PSG0035908	.	retired
PSG0035909	.	retired
PSG0035910	.	retired
PSG0035913	.	retired
PSG0035914	.	retired
PSG0035916	.	retired
PSG0035920	.	retired
PSG0035927	.	retired
PSG0035948	.	retired
PSG0035954	.	retired
PSG0035982	.	retired
PSG0035983	.	retired
PSG0035984	.	retired
PSG0035998	.	retired
PSG0036003	.	retired
PSG0036009	.	retired
PSG0036029	.	retired
PSG0036033	.	retired
PSG0036040	.	retired
PSG0036046	.	retired
PSG0036063	.	retired
PSG0036098	.	retired
PSG0036114	.	retired
PSG0036119	.	retired
PSG0036120	.	retired
PSG0036125	.	retired
PSG0036130	.	retired
PSG0036155	.	retired
PSG0036160	.	retired
PSG0036166	.	retired
PSG0036174	.	retired
PSG0036200	.	retired
PSG0036206	.	retired
PSG0036210	.	retired
PSG0036213	.	retired
PSG0036214	.	retired
PSG0036231	.	retired
PSG0036236	.	retired
PSG0036248	.	retired
PSG0036250	.	retired
PSG0036269	.	retired
PSG0036276	.	retired
PSG0036280	.	retired
PSG0036301	.	retired
PSG0036307	.	retired
PSG0036315	.	retired
PSG0036344	.	retired
PSG0036358	.	retired
PSG0036378	.	retired
PSG0036379	.	retired
PSG0036421	.	retired
PSG0036423	.	retired
PSG0036424	.	retired
PSG0036443	.	retired
PSG0036488	.	retired
PSG0036507	.	retired
PSG0036525	.	retired
PSG0036529	.	retired
PSG0036538	.	retired
PSG0036542	.	retired
PSG0036552	.	retired
PSG0036554	.	retired
PSG0036559	.	retired
PSG0036560	.	retired
PSG0036573	.	retired
PSG0036590	.	retired
PSG0036593	.	retired
PSG0036600	.	retired
PSG0036621	.	retired
PSG0036624	.	retired
PSG0036640	.	retired
PSG0036642	.	retired
PSG0036666	.	retired
PSG0036667	.	retired
PSG0036676	.	retired
PSG0036678	.	retired
PSG0036685	.	retired
PSG0036688	.	retired
PSG0036694	.	retired
PSG0036696	.	retired
PSG0036699	.	retired
PSG0036705	.	retired
PSG0036718	.	retired
PSG0036726	.	retired
PSG0036769	.	retired
PSG0036773	.	retired
PSG0036789	.	retired
PSG0036805	.	retired
PSG0036806	.	retired
PSG0036809	.	retired
PSG0036818	.	retired
PSG0036840	.	retired
PSG0036844	.	retired
PSG0036870	.	retired
PSG0036875	.	retired
PSG0036879	.	retired
PSG0036881	.	retired
PSG0036887	.	retired
PSG0036900	.	retired
PSG0036913	.	retired
PSG0036919	.	retired
PSG0036924	.	retired
PSG0036942	.	retired
PSG0036948	.	retired
PSG0036962	.	retired
PSG0036984	.	retired
PSG0036991	.	retired
PSG0037020	.	retired
PSG0037027	.	retired
PSG0037044	.	retired
PSG0037050	.	retired
PSG0037054	.	retired
PSG0037064	.	retired
PSG0037074	.	retired
PSG0037083	.	retired
PSG0037099	.	retired
PSG0037104	.	retired
PSG0037105	.	retired
PSG0037118	.	retired
PSG0037136	.	retired
PSG0037137	.	retired
PSG0037146	.	retired
PSG0037152	.	retired
PSG0037153	.	retired
PSG0037161	.	retired
PSG0037162	.	retired
PSG0037169	.	retired
PSG0037179	.	retired
PSG0037196	.	retired
PSG0037200	.	retired
PSG0037201	.	retired
PSG0037207	.	retired
PSG0037212	.	retired
PSG0037229	.	retired
PSG0037230	.	retired
PSG0037233	.	retired
PSG0037234	.	retired
PSG0037240	.	retired
PSG0037244	.	retired
PSG0037258	.	retired
PSG0037292	.	retired
PSG0037315	.	retired
PSG0037320	.	retired
PSG0037323	.	retired
PSG0037328	.	retired
PSG0037337	.	retired
PSG0037343	.	retired
PSG0037361	.	retired
PSG0037364	.	retired
PSG0037371	.	retired
PSG0037372	.	retired
PSG0037385	.	retired
PSG0037411	.	retired
PSG0037413	.	retired
PSG0037417	.	retired
PSG0037423	.	retired
PSG0037437	.	retired
PSG0037463	.	retired
PSG0037468	.	retired
PSG0037473	.	retired
PSG0037477	.	retired
PSG0037507	.	retired
PSG0037528	.	retired
PSG0037531	.	retired
PSG0037533	.	retired
PSG0037580	.	retired
PSG0037584	.	retired
PSG0037591	.	retired
PSG0037597	.	retired
PSG0037611	.	retired
PSG0037616	.	retired
PSG0037625	.	retired
PSG0037633	.	retired
PSG0037639	.	retired
PSG0037641	.	retired
PSG0037654	.	retired
PSG0037674	.	retired
PSG0037680	.	retired
PSG0037721	.	retired
PSG0037737	.	retired
PSG0037744	.	retired
PSG0037784	.	retired
PSG0037806	.	retired
PSG0037815	.	retired
PSG0037838	.	retired
PSG0037847	.	retired
PSG0037848	.	retired
PSG0037892	.	retired
PSG0037922	.	retired
PSG0037933	.	retired
PSG0037936	.	retired
PSG0037940	.	retired
PSG0037945	.	retired
PSG0037959	.	retired
PSG0037963	.	retired
PSG0037973	.	retired
PSG0038027	.	retired
PSG0038051	.	retired
PSG0038075	.	retired
PSG0038077	.	retired
PSG0038103	.	retired
PSG0038106	.	retired
PSG0038113	.	retired
PSG0038115	.	retired
PSG0038118	.	retired
PSG0038155	.	retired
PSG0038176	.	retired
PSG0038185	.	retired
PSG0038194	.	retired
PSG0038202	.	retired
PSG0038214	.	retired
PSG0038256	.	retired
PSG0038262	.	retired
PSG0038264	.	retired
PSG0038283	.	retired
PSG0038310	.	retired
PSG0038335	.	retired
PSG0038362	.	retired
PSG0038381	.	retired
PSG0038391	.	retired
PSG0038393	.	retired
PSG0038396	.	retired
PSG0038402	.	retired
PSG0038409	.	retired
PSG0038451	.	retired
PSG0038475	.	retired
PSG0038485	.	retired
PSG0038490	.	retired
PSG0038500	.	retired
PSG0038507	.	retired
PSG0038516	.	retired
PSG0038519	.	retired
PSG0038549	.	retired
PSG0038555	.	retired
PSG0038557	.	retired
PSG0038600	.	retired
PSG0038605	.	retired
PSG0038614	.	retired
PSG0038615	.	retired
PSG0038619	.	retired
PSG0038621	.	retired
PSG0038622	.	retired
PSG0038631	.	retired
PSG0038636	.	retired
PSG0038644	.	retired
PSG0038659	.	retired
PSG0038674	.	retired
PSG0038683	.	retired
PSG0038693	.	retired
PSG0038697	.	retired
PSG0038703	.	retired
PSG0038707	.	retired
PSG0038711	.	retired
PSG0038716	.	retired
PSG0038720	.	retired
PSG0038723	.	retired
PSG0038725	.	retired
PSG0038749	.	retired
PSG0038766	.	retired
PSG0038767	.	retired
PSG0038769	.	retired
PSG0038770	.	retired
PSG0038775	.	retired
PSG0038779	.	retired
PSG0038780	.	retired
PSG0038782	.	retired
PSG0038816	.	retired
PSG0038820	.	retired
PSG0038827	.	retired
PSG0038828	.	retired
PSG0038829	.	retired
PSG0038833	.	retired
PSG0038836	.	retired
PSG0038838	.	retired
PSG0038848	.	retired
PSG0038855	.	retired
PSG0038861	.	retired
PSG0038870	.	retired
PSG0038875	.	retired
PSG0038887	.	retired
PSG0038901	.	retired
PSG0038918	.	retired
PSG0038923	.	retired
PSG0038925	.	retired
PSG0038926	.	retired
PSG0038937	.	retired
PSG0038945	.	retired
PSG0038946	.	retired
PSG0038965	.	retired
PSG0038972	.	retired
PSG0038974	.	retired
PSG0038980	.	retired
PSG0038986	.	retired
PSG0039022	.	retired
PSG0039031	.	retired
PSG0039050	.	retired
PSG0039051	.	retired
PSG0039059	.	retired
PSG0039089	.	retired
PSG0039097	.	retired
PSG0039131	.	retired
PSG0039147	.	retired
PSG0039159	.	retired
PSG0039169	.	retired
PSG0039176	.	retired
PSG0039185	.	retired
PSG0039187	.	retired
PSG0039205	.	retired
PSG0039217	.	retired
PSG0039258	.	retired
PSG0039261	.	retired
PSG0039292	.	retired
PSG0039308	.	retired
PSG0039322	.	retired
PSG0039339	.	retired
PSG0039350	.	retired
PSG0039362	.	retired
PSG0039391	.	retired
PSG0039398	.	retired
PSG0039408	.	retired
PSG0039411	.	retired
PSG0039414	.	retired
PSG0039417	.	retired
PSG0039427	.	retired
PSG0039436	.	retired
PSG0039459	.	retired
PSG0039462	.	retired
PSG0039463	.	retired
PSG0039464	.	retired
PSG0039469	.	retired
PSG0039476	.	retired
PSG0039479	.	retired
PSG0039484	.	retired
PSG0039494	.	retired
PSG0039502	.	retired
PSG0039507	.	retired
PSG0039510	.	retired
PSG0039515	.	retired
PSG0039516	.	retired
PSG0039539	.	retired
PSG0039542	.	retired
PSG0039547	.	retired
PSG0039548	.	retired
PSG0039564	.	retired
PSG0039578	.	retired
PSG0039625	.	retired
PSG0039632	.	retired
PSG0039640	.	retired
PSG0039686	.	retired
PSG0039693	.	retired
PSG0039696	.	retired
PSG0039707	.	retired
PSG0039724	.	retired
PSG0039730	.	retired
PSG0039733	.	retired
PSG0039739	.	retired
PSG0039744	.	retired
PSG0039764	.	retired
PSG0039799	.	retired
PSG0039808	.	retired
PSG0039833	.	retired
PSG0039838	.	retired
PSG0039842	.	retired
PSG0039862	.	retired
PSG0039871	.	retired
PSG0039887	.	retired
PSG0039899	.	retired
PSG0039910	.	retired
PSG0039925	.	retired
PSG0039927	.	retired
PSG0039929	.	retired
PSG0039933	.	retired
PSG0039934	.	retired
PSG0039939	.	retired
PSG0039953	.	retired
PSG0039955	.	retired
PSG0039957	.	retired
PSG0039962	.	retired
PSG0039965	.	retired
PSG0039968	.	retired
PSG0039979	.	retired
PSG0039982	.	retired
PSG0039990	.	retired
PSG0039993	.	retired
PSG0040022	.	retired
PSG0040048	.	retired
PSG0040060	.	retired
PSG0040071	.	retired
PSG0040081	.	retired
PSG0040089	.	retired
PSG0040102	.	retired
PSG0040126	.	retired
PSG0040127	.	retired
PSG0040131	.	retired
PSG0040133	.	retired
PSG0040134	.	retired
PSG0040146	.	retired
PSG0040149	.	retired
PSG0040157	.	retired
PSG0040158	.	retired
PSG0040164	.	retired
PSG0040189	.	retired
PSG0040193	.	retired
PSG0040209	.	retired
PSG0040210	.	retired
PSG0040211	.	retired
PSG0040221	.	retired
PSG0040246	.	retired
PSG0040266	.	retired
PSG0040276	.	retired
PSG0040278	.	retired
PSG0040301	.	retired
PSG0040302	.	retired
PSG0040314	.	retired
PSG0040343	.	retired
PSG0040369	.	retired
PSG0040370	.	retired
PSG0040376	.	retired
PSG0040393	.	retired
PSG0040403	.	retired
PSG0040404	.	retired
PSG0040414	.	retired
PSG0040427	.	retired
PSG0040435	.	retired
PSG0040438	.	retired
PSG0040440	.	retired
PSG0040471	.	retired
PSG0040502	.	retired
PSG0040505	.	retired
PSG0040508	.	retired
PSG0040514	.	retired
PSG0040520	.	retired
PSG0040536	.	retired
PSG0040539	.	retired
PSG0040543	.	retired
PSG0040547	.	retired
PSG0040556	.	retired
PSG0040566	.	retired
PSG0040577	.	retired
PSG0040584	.	retired
PSG0040586	.	retired
PSG0040590	.	retired
PSG0040594	.	retired
PSG0040596	.	retired
PSG0040599	.	retired
PSG0040600	.	retired
PSG0040608	.	retired
PSG0040617	.	retired
PSG0040623	.	retired
PSG0040630	.	retired
PSG0040646	.	retired
PSG0040650	.	retired
PSG0040659	.	retired
PSG0040681	.	retired
PSG0040683	.	retired
PSG0040688	.	retired
PSG0040689	.	retired
PSG0040690	.	retired
PSG0040717	.	retired
PSG0040723	.	retired
PSG0040726	.	retired
PSG0040741	.	retired
PSG0040757	.	retired
PSG0040813	.	retired
PSG0040819	.	retired
PSG0040852	.	retired
PSG0040858	.	retired
PSG0040867	.	retired
PSG0040881	.	retired
PSG0040882	.	retired
PSG0040896	.	retired
PSG0040906	.	retired
PSG0040913	.	retired
PSG0040917	.	retired
PSG0040918	.	retired
PSG0040926	.	retired
PSG0040938	.	retired
PSG0040955	.	retired
PSG0040956	.	retired
PSG0040957	.	retired
PSG0040971	.	retired
PSG0040975	.	retired
PSG0040978	.	retired
PSG0040986	.	retired
PSG0040990	.	retired
PSG0040991	.	retired
PSG0040992	.	retired
PSG0040993	.	retired
PSG0041001	.	retired
PSG0041008	.	retired
PSG0041014	.	retired
PSG0041017	.	retired
PSG0041023	.	retired
PSG0041029	.	retired
PSG0041030	.	retired
PSG0041042	.	retired
PSG0041045	.	retired
PSG0041057	.	retired
PSG0041107	.	retired
PSG0041108	.	retired
PSG0041109	.	retired
PSG0041112	.	retired
PSG0041149	.	retired
PSG0041155	.	retired
PSG0041163	.	retired
PSG0041171	.	retired
PSG0041181	.	retired
PSG0041183	.	retired
PSG0041205	.	retired
PSG0041213	.	retired
PSG0041238	.	retired
PSG0041248	.	retired
PSG0041254	.	retired
PSG0041263	.	retired
PSG0041264	.	retired
PSG0041267	.	retired
PSG0041286	.	retired
PSG0041309	.	retired
PSG0041321	.	retired
PSG0041334	.	retired
PSG0041350	.	retired
PSG0041360	.	retired
PSG0041366	.	retired
PSG0041372	.	retired
PSG0041380	.	retired
PSG0041383	.	retired
PSG0041385	.	retired
PSG0041388	.	retired
PSG0041395	.	retired
PSG0041412	.	retired
PSG0041439	.	retired
PSG0041440	.	retired
PSG0041442	.	retired
PSG0041444	.	retired
PSG0041454	.	retired
PSG0041455	.	retired
PSG0041467	.	retired
PSG0041468	.	retired
PSG0041473	.	retired
PSG0041474	.	retired
PSG0041476	.	retired
PSG0041487	.	retired
PSG0041492	.	retired
PSG0041513	.	retired
PSG0041514	.	retired
PSG0041515	.	retired
PSG0041517	.	retired
PSG0041518	.	retired
PSG0041520	.	retired
PSG0041521	.	retired
PSG0041531	.	retired
PSG0041571	.	retired
PSG0041572	.	retired
PSG0041576	.	retired
PSG0041603	.	retired
PSG0041605	.	retired
PSG0041607	.	retired
PSG0041619	.	retired
PSG0041623	.	retired
PSG0041639	.	retired
PSG0041647	.	retired
PSG0041652	.	retired
PSG0041663	.	retired
PSG0041683	.	retired
PSG0041688	.	retired
PSG0041694	.	retired
PSG0041698	.	retired
PSG0041701	.	retired
PSG0041703	.	retired
PSG0041705	.	retired
PSG0041708	.	retired
PSG0041721	.	retired
PSG0041726	.	retired
PSG0041740	.	retired
PSG0041741	.	retired
PSG0041763	.	retired
PSG0041775	.	retired
PSG0041781	.	retired
PSG0041801	.	retired
PSG0041805	.	retired
PSG0041825	.	retired
PSG0041829	.	retired
PSG0041834	.	retired
PSG0041844	.	retired
PSG0041854	.	retired
PSG0041857	.	retired
PSG0041867	.	retired
PSG0041873	.	retired
PSG0041876	.	retired
PSG0041879	.	retired
PSG0041898	.	retired
PSG0041912	.	retired
PSG0041919	.	retired
PSG0041924	.	retired
PSG0041971	.	retired
PSG0041973	.	retired
PSG0042009	.	retired
PSG0042026	.	retired
PSG0042032	.	retired
PSG0042035	.	retired
PSG0042036	.	retired
PSG0042046	.	retired
PSG0042056	.	retired
PSG0042058	.	retired
PSG0042063	.	retired
PSG0042067	.	retired
PSG0042072	.	retired
PSG0042075	.	retired
PSG0042077	.	retired
PSG0042102	.	retired
PSG0042107	.	retired
PSG0042125	.	retired
PSG0042126	.	retired
PSG0042127	.	retired
PSG0042150	.	retired
PSG0042169	.	retired
PSG0042170	.	retired
PSG0042179	.	retired
PSG0042180	.	retired
PSG0042199	.	retired
PSG0042206	.	retired
PSG0042207	.	retired
PSG0042209	.	retired
PSG0042222	.	retired
PSG0042241	.	retired
PSG0042256	.	retired
PSG0042259	.	retired
PSG0042261	.	retired
PSG0042273	.	retired
PSG0042277	.	retired
PSG0042293	.	retired
PSG0042331	.	retired
PSG0042332	.	retired
PSG0042334	.	retired
PSG0042364	.	retired
PSG0042365	.	retired
PSG0042401	.	retired
PSG0042407	.	retired
PSG0042412	.	retired
PSG0042413	.	retired
PSG0042429	.	retired
PSG0042446	.	retired
PSG0042474	.	retired
PSG0042477	.	retired
PSG0042481	.	retired
PSG0042484	.	retired
PSG0042490	.	retired
PSG0042500	.	retired
PSG0042501	.	retired
PSG0042503	.	retired
PSG0042516	.	retired
PSG0042524	.	retired
PSG0042531	.	retired
PSG0042534	.	retired
PSG0042547	.	retired
PSG0042548	.	retired
PSG0042550	.	retired
PSG0042562	.	retired
PSG0042584	.	retired
PSG0042585	.	retired
PSG0042586	.	retired
PSG0042602	.	retired
PSG0042617	.	retired
PSG0042628	.	retired
PSG0042630	.	retired
PSG0042634	.	retired
PSG0042640	.	retired
PSG0042650	.	retired
PSG0042669	.	retired
PSG0042685	.	retired
PSG0042686	.	retired
PSG0042696	.	retired
PSG0042698	.	retired
PSG0042704	.	retired
PSG0042732	.	retired
PSG0042733	.	retired
PSG0042743	.	retired
PSG0042745	.	retired
PSG0042752	.	retired
PSG0042757	.	retired
PSG0042802	.	retired
PSG0042804	.	retired
PSG0042808	.	retired
PSG0042812	.	retired
PSG0042815	.	retired
PSG0042817	.	retired
PSG0042820	.	retired
PSG0042821	.	retired
PSG0042824	.	retired
PSG0042825	.	retired
PSG0042827	.	retired
PSG0042849	.	retired
PSG0042859	.	retired
PSG0042862	.	retired
PSG0042864	.	retired
PSG0042866	.	retired
PSG0042921	.	retired
PSG0042924	.	retired
PSG0042925	.	retired
PSG0042935	.	retired
PSG0042940	.	retired
PSG0042950	.	retired
PSG0042977	.	retired
PSG0042979	.	retired
PSG0042998	.	retired
PSG0043002	.	retired
PSG0043003	.	retired
PSG0043042	.	retired
PSG0043056	.	retired
PSG0043057	.	retired
PSG0043072	.	retired
PSG0043109	.	retired
PSG0043118	.	retired
PSG0043123	.	retired
PSG0043134	.	retired
PSG0043143	.	retired
PSG0043160	.	retired
PSG0043163	.	retired
PSG0043176	.	retired
PSG0043193	.	retired
PSG0043212	.	retired
PSG0043214	.	retired
PSG0043222	.	retired
PSG0043229	.	retired
PSG0043250	.	retired
PSG0043256	.	retired
PSG0043289	.	retired
PSG0043293	.	retired
PSG0043307	.	retired
PSG0043339	.	retired
PSG0043365	.	retired
PSG0043372	.	retired
PSG0043393	.	retired
PSG0043399	.	retired
PSG0043412	.	retired
PSG0043438	.	retired
PSG0043440	.	retired
PSG0043460	.	retired
PSG0043462	.	retired
PSG0043472	.	retired
PSG0043473	.	retired
PSG0043490	.	retired
PSG0043493	.	retired
PSG0043496	.	retired
PSG0043497	.	retired
PSG0043500	.	retired
PSG0043538	.	retired
PSG0043549	.	retired
PSG0043563	.	retired
PSG0043571	.	retired
PSG0043572	.	retired
PSG0043590	.	retired
PSG0043594	.	retired
PSG0043611	.	retired
PSG0043630	.	retired
PSG0043647	.	retired
PSG0043652	.	retired
PSG0043658	.	retired
PSG0043674	.	retired
PSG0043677	.	retired
PSG0043678	.	retired
PSG0043693	.	retired
PSG0043698	.	retired
PSG0043700	.	retired
PSG0043719	.	retired
PSG0043763	.	retired
PSG0043771	.	retired
PSG0043783	.	retired
PSG0043786	.	retired
PSG0043793	.	retired
PSG0043806	.	retired
PSG0043813	.	retired
PSG0043820	.	retired
PSG0043822	.	retired
PSG0043824	.	retired
PSG0043826	.	retired
PSG0043876	.	retired
PSG0043878	.	retired
PSG0043880	.	retired
PSG0043889	.	retired
PSG0043894	.	retired
PSG0043906	.	retired
PSG0043923	.	retired
PSG0043933	.	retired
PSG0043945	.	retired
PSG0043948	.	retired
PSG0043951	.	retired
PSG0043956	.	retired
PSG0043967	.	retired
PSG0043968	.	retired
PSG0043969	.	retired
PSG0044001	.	retired
PSG0044004	.	retired
PSG0044008	.	retired
PSG0044016	.	retired
PSG0044026	.	retired
PSG0044037	.	retired
PSG0044045	.	retired
PSG0044051	.	retired
PSG0044059	.	retired
PSG0044087	.	retired
PSG0044110	.	retired
PSG0044111	.	retired
PSG0044119	.	retired
PSG0044166	.	retired
PSG0044182	.	retired
PSG0044193	.	retired
PSG0044198	.	retired
PSG0044205	.	retired
PSG0044207	.	retired
PSG0044210	.	retired
PSG0044211	.	retired
PSG0044220	.	retired
PSG0044225	.	retired
PSG0044251	.	retired
PSG0044253	.	retired
PSG0044267	.	retired
PSG0044273	.	retired
PSG0044275	.	retired
PSG0044291	.	retired
PSG0044295	.	retired
PSG0044299	.	retired
PSG0044310	.	retired
PSG0044321	.	retired
PSG0044328	.	retired
PSG0044331	.	retired
PSG0044348	.	retired
PSG0044375	.	retired
PSG0044392	.	retired
PSG0044393	.	retired
PSG0044394	.	retired
PSG0044401	.	retired
PSG0044410	.	retired
PSG0044412	.	retired
PSG0044416	.	retired
PSG0044418	.	retired
PSG0044421	.	retired
PSG0044437	.	retired
PSG0044445	.	retired
PSG0044450	.	retired
PSG0044470	.	retired
PSG0044475	.	retired
PSG0044498	.	retired
PSG0044503	.	retired
PSG0044515	.	retired
PSG0044521	.	retired
PSG0044529	.	retired
PSG0044532	.	retired
PSG0044544	.	retired
PSG0044570	.	retired
PSG0044573	.	retired
PSG0044576	.	retired
PSG0044587	.	retired
PSG0044590	.	retired
PSG0044595	.	retired
PSG0044607	.	retired
PSG0044612	.	retired
PSG0044622	.	retired
PSG0044623	.	retired
PSG0044694	.	retired
PSG0044707	.	retired
PSG0044717	.	retired
PSG0044726	.	retired
PSG0044733	.	retired
PSG0044735	.	retired
PSG0044736	.	retired
PSG0044741	.	retired
PSG0044744	.	retired
PSG0044747	.	retired
PSG0044769	.	retired
PSG0044780	.	retired
PSG0044781	.	retired
PSG0044784	.	retired
PSG0044788	.	retired
PSG0044791	.	retired
PSG0044796	.	retired
PSG0044803	.	retired
PSG0044809	.	retired
PSG0044817	.	retired
PSG0044825	.	retired
PSG0044827	.	retired
PSG0044829	.	retired
PSG0044830	.	retired
PSG0044849	.	retired
PSG0044870	.	retired
PSG0044876	.	retired
PSG0044881	.	retired
PSG0044883	.	retired
PSG0044890	.	retired
PSG0044892	.	retired
PSG0044914	.	retired
PSG0044915	.	retired
PSG0044945	.	retired
PSG0044954	.	retired
PSG0044959	.	retired
PSG0044960	.	retired
PSG0044970	.	retired
PSG0045006	.	retired
PSG0045024	.	retired
PSG0045033	.	retired
PSG0045034	.	retired
PSG0045035	.	retired
PSG0045047	.	retired
PSG0045069	.	retired
PSG0045088	.	retired
PSG0045092	.	retired
PSG0045111	.	retired
PSG0045138	.	retired
PSG0045155	.	retired
PSG0045161	.	retired
PSG0045162	.	retired
PSG0045163	.	retired
PSG0045165	.	retired
PSG0045174	.	retired
PSG0045176	.	retired
PSG0045177	.	retired
PSG0045178	.	retired
PSG0045179	.	retired
PSG0045180	.	retired
PSG0045183	.	retired
PSG0045189	.	retired
PSG0045193	.	retired
PSG0045213	.	retired
PSG0045218	.	retired
PSG0045220	.	retired
PSG0045232	.	retired
PSG0045241	.	retired
PSG0045252	.	retired
PSG0045255	.	retired
PSG0045284	.	retired
PSG0045292	.	retired
PSG0045310	.	retired
PSG0045319	.	retired
PSG0045323	.	retired
PSG0045350	.	retired
PSG0045362	.	retired
PSG0045371	.	retired
PSG0045374	.	retired
PSG0045375	.	retired
PSG0045382	.	retired
PSG0045391	.	retired
PSG0045417	.	retired
PSG0045427	.	retired
PSG0045446	.	retired
PSG0045451	.	retired
PSG0045454	.	retired
PSG0045466	.	retired
PSG0045470	.	retired
PSG0045478	.	retired
PSG0045493	.	retired
PSG0045508	.	retired
PSG0045516	.	retired
PSG0045526	.	retired
PSG0045529	.	retired
PSG0045533	.	retired
PSG0045538	.	retired
PSG0045541	.	retired
PSG0045542	.	retired
PSG0045546	.	retired
PSG0045590	.	retired
PSG0045616	.	retired
PSG0045622	.	retired
PSG0045642	.	retired
PSG0045647	.	retired
PSG0045666	.	retired
PSG0045667	.	retired
PSG0045668	.	retired
PSG0045687	.	retired
PSG0045718	.	retired
PSG0045720	.	retired
PSG0045765	.	retired
PSG0045783	.	retired
PSG0045784	.	retired
PSG0045786	.	retired
PSG0045790	.	retired
PSG0045791	.	retired
PSG0045794	.	retired
PSG0045801	.	retired
PSG0045803	.	retired
PSG0045822	.	retired
PSG0045836	.	retired
PSG0045848	.	retired
PSG0045863	.	retired
PSG0045865	.	retired
PSG0045867	.	retired
PSG0045870	.	retired
PSG0045871	.	retired
PSG0045876	.	retired
PSG0045877	.	retired
PSG0045879	.	retired
PSG0045883	.	retired
PSG0045895	.	retired
PSG0045897	.	retired
PSG0045900	.	retired
PSG0045915	.	retired
PSG0045916	.	retired
PSG0045948	.	retired
PSG0045998	.	retired
PSG0046032	.	retired
PSG0046041	.	retired
PSG0046043	.	retired
PSG0046070	.	retired
PSG0046075	.	retired
PSG0046076	.	retired
PSG0046077	.	retired
PSG0046079	.	retired
PSG0046081	.	retired
PSG0046082	.	retired
PSG0046084	.	retired
PSG0046108	.	retired
PSG0046123	.	retired
PSG0046127	.	retired
PSG0046141	.	retired
PSG0046143	.	retired
PSG0046144	.	retired
PSG0046191	.	retired
PSG0046192	.	retired
PSG0046196	.	retired
PSG0046231	.	retired
PSG0046234	.	retired
PSG0046243	.	retired
PSG0046280	.	retired
PSG0046298	.	retired
PSG0046305	.	retired
PSG0046307	.	retired
PSG0046325	.	retired
PSG0046348	.	retired
PSG0046349	.	retired
PSG0046352	.	retired
PSG0046353	.	retired
PSG0046355	.	retired
PSG0046357	.	retired
PSG0046360	.	retired
PSG0046364	.	retired
PSG0046374	.	retired
PSG0046386	.	retired
PSG0046402	.	retired
PSG0046422	.	retired
PSG0046439	.	retired
PSG0046454	.	retired
PSG0046462	.	retired
PSG0046474	.	retired
PSG0046487	.	retired
PSG0046489	.	retired
PSG0046492	.	retired
PSG0046494	.	retired
PSG0046503	.	retired
PSG0046510	.	retired
PSG0046514	.	retired
PSG0046520	.	retired
PSG0046533	.	retired
PSG0046551	.	retired
PSG0046559	.	retired
PSG0046575	.	retired
PSG0046597	.	retired
PSG0046603	.	retired
PSG0046605	.	retired
PSG0046608	.	retired
PSG0046614	.	retired
PSG0046623	.	retired
PSG0046624	.	retired
PSG0046640	.	retired
PSG0046642	.	retired
PSG0046647	.	retired
PSG0046661	.	retired
PSG0046682	.	retired
PSG0046706	.	retired
PSG0046733	.	retired
PSG0046736	.	retired
PSG0046740	.	retired
PSG0046742	.	retired
PSG0046747	.	retired
PSG0046757	.	retired
PSG0046766	.	retired
PSG0046837	.	retired
PSG0046854	.	retired
PSG0046856	.	retired
PSG0046861	.	retired
PSG0046865	.	retired
PSG0046877	.	retired
PSG0046894	.	retired
PSG0046908	.	retired
PSG0046921	.	retired
PSG0046948	.	retired
PSG0046958	.	retired
PSG0046968	.	retired
PSG0046988	.	retired
PSG0047008	.	retired
PSG0047012	.	retired
PSG0047030	.	retired
PSG0047036	.	retired
PSG0047060	.	retired
PSG0047072	.	retired
PSG0047073	.	retired
PSG0047083	.	retired
PSG0047106	.	retired
PSG0047107	.	retired
PSG0047108	.	retired
PSG0047119	.	retired
PSG0047126	.	retired
PSG0047132	.	retired
PSG0047134	.	retired
PSG0047138	.	retired
PSG0047140	.	retired
PSG0047143	.	retired
PSG0047150	.	retired
PSG0047173	.	retired
PSG0047192	.	retired
PSG0047194	.	retired
PSG0047216	.	retired
PSG0047234	.	retired
PSG0047243	.	retired
PSG0047274	.	retired
PSG0047289	.	retired
PSG0047297	.	retired
PSG0047324	.	retired
PSG0047329	.	retired
PSG0047338	.	retired
PSG0047341	.	retired
PSG0047355	.	retired
PSG0047376	.	retired
PSG0047392	.	retired
PSG0047396	.	retired
PSG0047406	.	retired
PSG0047412	.	retired
PSG0047428	.	retired
PSG0047431	.	retired
PSG0047441	.	retired
PSG0047442	.	retired
PSG0047448	.	retired
PSG0047461	.	retired
PSG0047472	.	retired
PSG0047483	.	retired
PSG0047488	.	retired
PSG0047489	.	retired
PSG0047490	.	retired
PSG0047496	.	retired
PSG0047498	.	retired
PSG0047511	.	retired
PSG0047523	.	retired
PSG0047557	.	retired
PSG0047564	.	retired
PSG0047577	.	retired
PSG0047591	.	retired
PSG0047596	.	retired
PSG0047627	.	retired
PSG0047629	.	retired
PSG0047632	.	retired
PSG0047634	.	retired
PSG0047659	.	retired
PSG0047673	.	retired
PSG0047686	.	retired
PSG0047691	.	retired
PSG0047710	.	retired
PSG0047715	.	retired
PSG0047732	.	retired
PSG0047738	.	retired
PSG0047744	.	retired
PSG0047753	.	retired
PSG0047758	.	retired
PSG0047794	.	retired
PSG0047798	.	retired
PSG0047807	.	retired
PSG0047816	.	retired
PSG0047818	.	retired
PSG0047840	.	retired
PSG0047845	.	retired
PSG0047846	.	retired
PSG0047856	.	retired
PSG0047862	.	retired
PSG0047867	.	retired
PSG0047885	.	retired
PSG0047891	.	retired
PSG0047905	.	retired
PSG0047907	.	retired
PSG0047915	.	retired
PSG0047929	.	retired
PSG0047933	.	retired
PSG0047955	.	retired
PSG0047957	.	retired
PSG0047962	.	retired
PSG0047966	.	retired
PSG0047978	.	retired
PSG0047995	.	retired
PSG0047996	.	retired
PSG0047999	.	retired
PSG0048011	.	retired
PSG0048019	.	retired
PSG0048020	.	retired
PSG0048024	.	retired
PSG0048027	.	retired
PSG0048035	.	retired
PSG0048037	.	retired
PSG0048043	.	retired
PSG0048047	.	retired
PSG0048059	.	retired
PSG0048066	.	retired
PSG0048070	.	retired
PSG0048073	.	retired
PSG0048079	.	retired
PSG0048081	.	retired
PSG0048086	.	retired
PSG0048094	.	retired
PSG0048095	.	retired
PSG0048098	.	retired
PSG0048099	.	retired
PSG0048100	.	retired
PSG0048104	.	retired
PSG0048137	.	retired
PSG0048138	.	retired
PSG0048145	.	retired
PSG0048150	.	retired
PSG0048164	.	retired
PSG0048173	.	retired
PSG0048180	.	retired
PSG0048212	.	retired
PSG0048219	.	retired
PSG0048220	.	retired
PSG0048265	.	retired
PSG0048282	.	retired
PSG0048287	.	retired
PSG0048298	.	retired
PSG0048302	.	retired
PSG0048333	.	retired
PSG0048337	.	retired
PSG0048338	.	retired
PSG0048340	.	retired
PSG0048351	.	retired
PSG0048364	.	retired
PSG0048366	.	retired
PSG0048367	.	retired
PSG0048380	.	retired
PSG0048382	.	retired
PSG0048401	.	retired
PSG0048431	.	retired
PSG0048444	.	retired
PSG0048452	.	retired
PSG0048458	.	retired
PSG0048462	.	retired
PSG0048474	.	retired
PSG0048491	.	retired
PSG0048492	.	retired
PSG0048505	.	retired
PSG0048525	.	retired
PSG0048527	.	retired
PSG0048539	.	retired
PSG0048541	.	retired
PSG0048546	.	retired
PSG0048550	.	retired
PSG0048551	.	retired
PSG0048559	.	retired
PSG0048570	.	retired
PSG0048571	.	retired
PSG0048601	.	retired
PSG0048602	.	retired
PSG0048620	.	retired
PSG0048621	.	retired
PSG0048627	.	retired
PSG0048639	.	retired
PSG0048642	.	retired
PSG0048643	.	retired
PSG0048646	.	retired
PSG0048660	.	retired
PSG0048665	.	retired
PSG0048668	.	retired
PSG0048704	.	retired
PSG0048720	.	retired
PSG0048726	.	retired
PSG0048731	.	retired
PSG0048740	.	retired
PSG0048750	.	retired
PSG0048771	.	retired
PSG0048776	.	retired
PSG0048785	.	retired
PSG0048787	.	retired
PSG0048789	.	retired
PSG0048796	.	retired
PSG0048802	.	retired
PSG0048817	.	retired
PSG0048827	.	retired
PSG0048843	.	retired
PSG0048848	.	retired
PSG0048852	.	retired
PSG0048855	.	retired
PSG0048866	.	retired
PSG0048874	.	retired
PSG0048889	.	retired
PSG0048901	.	retired
PSG0048906	.	retired
PSG0048916	.	retired
PSG0048920	.	retired
PSG0048937	.	retired
PSG0048942	.	retired
PSG0048950	.	retired
PSG0048952	.	retired
PSG0048955	.	retired
PSG0048963	.	retired
PSG0048968	.	retired
PSG0048974	.	retired
PSG0048985	.	retired
PSG0048990	.	retired
PSG0048996	.	retired
PSG0048999	.	retired
PSG0049004	.	retired
PSG0049005	.	retired
PSG0049014	.	retired
PSG0049018	.	retired
PSG0049037	.	retired
PSG0049040	.	retired
PSG0049059	.	retired
PSG0049060	.	retired
PSG0049063	.	retired
PSG0049075	.	retired
PSG0049079	.	retired
PSG0049089	.	retired
PSG0049099	.	retired
PSG0049115	.	retired
PSG0049120	.	retired
PSG0049124	.	retired
PSG0049133	.	retired
PSG0049137	.	retired
PSG0049138	.	retired
PSG0049171	.	retired
PSG0049182	.	retired
PSG0049185	.	retired
PSG0049240	.	retired
PSG0049241	.	retired
PSG0049246	.	retired
PSG0049256	.	retired
PSG0049257	.	retired
PSG0049262	.	retired
PSG0049281	.	retired
PSG0049308	.	retired
PSG0049314	.	retired
PSG0049328	.	retired
PSG0049330	.	retired
PSG0049346	.	retired
PSG0049352	.	retired
PSG0049360	.	retired
PSG0049381	.	retired
PSG0049386	.	retired
PSG0049389	.	retired
PSG0049392	.	retired
PSG0049464	.	retired
PSG0049467	.	retired
PSG0049471	.	retired
PSG0049484	.	retired
PSG0049491	.	retired
PSG0049495	.	retired
PSG0049538	.	retired
PSG0049549	.	retired
PSG0049551	.	retired
PSG0049573	.	retired
PSG0049595	.	retired
PSG0049597	.	retired
PSG0049598	.	retired
PSG0049613	.	retired
PSG0049619	.	retired
PSG0049622	.	retired
PSG0049626	.	retired
PSG0049641	.	retired
PSG0049660	.	retired
PSG0049661	.	retired
PSG0049666	.	retired
PSG0049682	.	retired
PSG0049686	.	retired
PSG0049692	.	retired
PSG0049719	.	retired
PSG0049724	.	retired
PSG0049735	.	retired
PSG0049760	.	retired
PSG0049764	.	retired
PSG0049766	.	retired
PSG0049769	.	retired
PSG0049775	.	retired
PSG0049787	.	retired
PSG0049789	.	retired
PSG0049808	.	retired
PSG0049816	.	retired
PSG0049841	.	retired
PSG0049883	.	retired
PSG0049902	.	retired
PSG0049909	.	retired
PSG0049910	.	retired
PSG0049917	.	retired
PSG0049922	.	retired
PSG0049928	.	retired
PSG0049935	.	retired
PSG0049948	.	retired
PSG0049963	.	retired
PSG0049964	.	retired
PSG0049971	.	retired
PSG0049978	.	retired
PSG0049990	.	retired
PSG0050005	.	retired
PSG0050020	.	retired
PSG0050043	.	retired
PSG0050053	.	retired
PSG0050058	.	retired
PSG0050064	.	retired
PSG0050072	.	retired
PSG0050074	.	retired
PSG0050075	.	retired
PSG0050076	.	retired
PSG0050081	.	retired
PSG0050082	.	retired
PSG0050083	.	retired
PSG0050086	.	retired
PSG0050092	.	retired
PSG0050097	.	retired
PSG0050099	.	retired
PSG0050101	.	retired
PSG0050123	.	retired
PSG0050133	.	retired
PSG0050168	.	retired
PSG0050190	.	retired
PSG0050193	.	retired
PSG0050200	.	retired
PSG0050242	.	retired
PSG0050252	.	retired
PSG0050276	.	retired
PSG0050311	.	retired
PSG0050313	.	retired
PSG0050319	.	retired
PSG0050320	.	retired
PSG0050321	.	retired
PSG0050324	.	retired
PSG0050327	.	retired
PSG0050344	.	retired
PSG0050365	.	retired
PSG0050366	.	retired
PSG0050375	.	retired
PSG0050376	.	retired
PSG0050380	.	retired
PSG0050387	.	retired
PSG0050417	.	retired
PSG0050426	.	retired
PSG0050440	.	retired
PSG0050485	.	retired
PSG0050495	.	retired
PSG0050506	.	retired
PSG0050546	.	retired
PSG0050562	.	retired
PSG0050563	.	retired
PSG0050568	.	retired
PSG0050571	.	retired
PSG0050579	.	retired
PSG0050601	.	retired
PSG0050613	.	retired
PSG0050619	.	retired
PSG0050629	.	retired
PSG0050658	.	retired
PSG0050663	.	retired
PSG0050676	.	retired
PSG0050691	.	retired
PSG0050708	.	retired
PSG0050720	.	retired
PSG0050724	.	retired
PSG0050732	.	retired
PSG0050733	.	retired
PSG0050736	.	retired
PSG0050759	.	retired
PSG0050772	.	retired
PSG0050775	.	retired
PSG0050801	.	retired
PSG0050810	.	retired
PSG0050811	.	retired
PSG0050823	.	retired
PSG0050832	.	retired
PSG0050864	.	retired
PSG0050867	.	retired
PSG0050871	.	retired
PSG0050884	.	retired
PSG0050901	.	retired
PSG0050913	.	retired
PSG0050924	.	retired
PSG0050966	.	retired
PSG0050982	.	retired
PSG0050984	.	retired
PSG0050987	.	retired
PSG0050990	.	retired
PSG0050997	.	retired
PSG0051012	.	retired
PSG0051022	.	retired
PSG0051028	.	retired
PSG0051032	.	retired
PSG0051033	.	retired
PSG0051035	.	retired
PSG0051039	.	retired
PSG0051041	.	retired
PSG0051054	.	retired
PSG0051060	.	retired
PSG0051067	.	retired
PSG0051082	.	retired
PSG0051087	.	retired
PSG0051090	.	retired
PSG0051107	.	retired
PSG0051125	.	retired
PSG0051133	.	retired
PSG0051142	.	retired
PSG0051143	.	retired
PSG0051159	.	retired
PSG0051178	.	retired
PSG0051179	.	retired
PSG0051193	.	retired
PSG0051202	.	retired
PSG0051209	.	retired
PSG0051258	.	retired
PSG0051292	.	retired
PSG0051297	.	retired
PSG0051303	.	retired
PSG0051328	.	retired
PSG0051330	.	retired
PSG0051331	.	retired
PSG0051337	.	retired
PSG0051342	.	retired
PSG0051355	.	retired
PSG0051365	.	retired
PSG0051375	.	retired
PSG0051381	.	retired
PSG0051385	.	retired
PSG0051387	.	retired
PSG0051391	.	retired
PSG0051392	.	retired
PSG0051447	.	retired
PSG0051459	.	retired
PSG0051466	.	retired
PSG0051471	.	retired
PSG0051487	.	retired
PSG0051491	.	retired
PSG0051493	.	retired
PSG0051506	.	retired
PSG0051521	.	retired
PSG0051530	.	retired
PSG0051537	.	retired
PSG0051538	.	retired
PSG0051539	.	retired
PSG0051545	.	retired
PSG0051546	.	retired
PSG0051565	.	retired
PSG0051580	.	retired
PSG0051583	.	retired
PSG0051599	.	retired
PSG0051605	.	retired
PSG0051607	.	retired
PSG0051613	.	retired
PSG0051630	.	retired
PSG0051637	.	retired
PSG0051640	.	retired
PSG0051643	.	retired
PSG0051647	.	retired
PSG0051650	.	retired
PSG0051654	.	retired
PSG0051667	.	retired
PSG0051674	.	retired
PSG0051685	.	retired
PSG0051693	.	retired
PSG0051724	.	retired
PSG0051730	.	retired
PSG0051748	.	retired
PSG0051753	.	retired
PSG0051767	.	retired
PSG0051779	.	retired
PSG0051784	.	retired
PSG0051788	.	retired
PSG0051794	.	retired
PSG0051804	.	retired
PSG0051840	.	retired
PSG0051847	.	retired
PSG0051861	.	retired
PSG0051864	.	retired
PSG0051867	.	retired
PSG0051873	.	retired
PSG0051889	.	retired
PSG0051897	.	retired
PSG0051905	.	retired
PSG0051960	.	retired
PSG0051963	.	retired
PSG0051976	.	retired
PSG0052007	.	retired
PSG0052021	.	retired
PSG0052024	.	retired
PSG0052026	.	retired
PSG0052033	.	retired
PSG0052035	.	retired
PSG0052094	.	retired
PSG0052096	.	retired
PSG0052109	.	retired
PSG0052134	.	retired
PSG0052146	.	retired
PSG0052149	.	retired
PSG0052159	.	retired
PSG0052182	.	retired
PSG0052200	.	retired
PSG0052201	.	retired
PSG0052214	.	retired
PSG0052226	.	retired
PSG0052229	.	retired
PSG0052244	.	retired
PSG0052248	.	retired
PSG0052251	.	retired
PSG0052252	.	retired
PSG0052253	.	retired
PSG0052262	.	retired
PSG0052265	.	retired
PSG0052269	.	retired
PSG0052282	.	retired
PSG0052289	.	retired
PSG0052294	.	retired
PSG0052309	.	retired
PSG0052313	.	retired
PSG0052317	.	retired
PSG0052324	.	retired
PSG0052325	.	retired
PSG0052331	.	retired
PSG0052340	.	retired
PSG0052341	.	retired
PSG0052343	.	retired
PSG0052344	.	retired
PSG0052346	.	retired
PSG0052350	.	retired
PSG0052351	.	retired
PSG0052352	.	retired
PSG0052362	.	retired
PSG0052373	.	retired
PSG0052377	.	retired
PSG0052380	.	retired
PSG0052393	.	retired
PSG0052398	.	retired
PSG0052410	.	retired
PSG0052413	.	retired
PSG0052417	.	retired
PSG0052418	.	retired
PSG0052429	.	retired
PSG0052442	.	retired
PSG0052454	.	retired
PSG0052461	.	retired
PSG0052462	.	retired
PSG0052467	.	retired
PSG0052475	.	retired
PSG0052478	.	retired
PSG0052484	.	retired
PSG0052495	.	retired
PSG0052496	.	retired
PSG0052534	.	retired
PSG0052535	.	retired
PSG0052538	.	retired
PSG0052551	.	retired
PSG0052554	.	retired
PSG0052563	.	retired
PSG0052574	.	retired
PSG0052583	.	retired
PSG0052588	.	retired
PSG0052595	.	retired
PSG0052599	.	retired
PSG0052604	.	retired
PSG0052616	.	retired
PSG0052621	.	retired
PSG0052625	.	retired
PSG0052632	.	retired
PSG0052634	.	retired
PSG0052636	.	retired
PSG0052650	.	retired
PSG0052658	.	retired
PSG0052665	.	retired
PSG0052698	.	retired
PSG0052700	.	retired
PSG0052703	.	retired
PSG0052705	.	retired
PSG0052712	.	retired
PSG0052727	.	retired
PSG0052745	.	retired
PSG0052746	.	retired
PSG0052750	.	retired
PSG0052760	.	retired
PSG0052767	.	retired
PSG0052768	.	retired
PSG0052770	.	retired
PSG0052786	.	retired
PSG0052796	.	retired
PSG0052805	.	retired
PSG0052806	.	retired
PSG0052810	.	retired
PSG0052821	.	retired
PSG0052827	.	retired
PSG0052831	.	retired
PSG0052835	.	retired
PSG0052837	.	retired
PSG0052840	.	retired
PSG0052841	.	retired
PSG0052859	.	retired
PSG0052870	.	retired
PSG0052874	.	retired
PSG0052882	.	retired
PSG0052888	.	retired
PSG0052895	.	retired
PSG0052915	.	retired
PSG0052919	.	retired
PSG0052921	.	retired
PSG0052922	.	retired
PSG0052924	.	retired
PSG0052930	.	retired
PSG0052941	.	retired
PSG0052943	.	retired
PSG0052956	.	retired
PSG0052959	.	retired
PSG0052968	.	retired
PSG0052969	.	retired
PSG0052970	.	retired
PSG0052972	.	retired
PSG0052983	.	retired
PSG0052984	.	retired
PSG0053005	.	retired
PSG0053011	.	retired
PSG0053020	.	retired
PSG0053023	.	retired
PSG0053029	.	retired
PSG0053035	.	retired
PSG0053040	.	retired
PSG0053052	.	retired
PSG0053075	.	retired
PSG0053077	.	retired
PSG0053079	.	retired
PSG0053084	.	retired
PSG0053086	.	retired
PSG0053101	.	retired
PSG0053110	.	retired
PSG0053136	.	retired
PSG0053148	.	retired
PSG0053171	.	retired
PSG0053185	.	retired
PSG0053187	.	retired
PSG0053188	.	retired
PSG0053189	.	retired
PSG0053195	.	retired
PSG0053207	.	retired
PSG0053235	.	retired
PSG0053241	.	retired
PSG0053254	.	retired
PSG0053256	.	retired
PSG0053266	.	retired
PSG0053272	.	retired
PSG0053278	.	retired
PSG0053288	.	retired
PSG0053291	.	retired
PSG0053294	.	retired
PSG0053298	.	retired
PSG0053340	.	retired
PSG0053344	.	retired
PSG0053345	.	retired
PSG0053350	.	retired
PSG0053361	.	retired
PSG0053371	.	retired
PSG0053379	.	retired
PSG0053386	.	retired
PSG0053394	.	retired
PSG0053403	.	retired
PSG0053413	.	retired
PSG0053415	.	retired
PSG0053416	.	retired
PSG0053439	.	retired
PSG0053444	.	retired
PSG0053459	.	retired
PSG0053478	.	retired
PSG0053486	.	retired
PSG0053492	.	retired
PSG0053497	.	retired
PSG0053527	.	retired
PSG0053528	.	retired
PSG0053531	.	retired
PSG0053540	.	retired
PSG0053542	.	retired
PSG0053561	.	retired
PSG0053562	.	retired
PSG0053565	.	retired
PSG0053572	.	retired
PSG0053573	.	retired
PSG0053591	.	retired
PSG0053596	.	retired
PSG0053598	.	retired
PSG0053604	.	retired
PSG0053619	.	retired
PSG0053620	.	retired
PSG0053623	.	retired
PSG0053626	.	retired
PSG0053632	.	retired
PSG0053634	.	retired
PSG0053637	.	retired
PSG0053643	.	retired
PSG0053666	.	retired
PSG0053675	.	retired
PSG0053679	.	retired
PSG0053683	.	retired
PSG0053685	.	retired
PSG0053701	.	retired
PSG0053707	.	retired
PSG0053711	.	retired
PSG0053713	.	retired
PSG0053724	.	retired
PSG0053740	.	retired
PSG0053743	.	retired
PSG0053761	.	retired
PSG0053788	.	retired
PSG0053789	.	retired
PSG0053813	.	retired
PSG0053822	.	retired
PSG0053845	.	retired
PSG0053861	.	retired
PSG0053873	.	retired
PSG0053894	.	retired
PSG0053898	.	retired
PSG0053904	.	retired
PSG0053906	.	retired
PSG0053910	.	retired
PSG0053912	.	retired
PSG0053915	.	retired
PSG0053917	.	retired
PSG0053938	.	retired
PSG0053943	.	retired
PSG0053986	.	retired
PSG0053990	.	retired
PSG0053995	.	retired
PSG0054008	.	retired
PSG0054015	.	retired
PSG0054031	.	retired
PSG0054032	.	retired
PSG0054033	.	retired
PSG0054039	.	retired
PSG0054048	.	retired
PSG0054052	.	retired
PSG0054126	.	retired
PSG0054131	.	retired
PSG0054135	.	retired
PSG0054139	.	retired
PSG0054140	.	retired
PSG0054202	.	retired
PSG0054248	.	retired
PSG0054254	.	retired
PSG0054259	.	retired
PSG0054260	.	retired
PSG0054267	.	retired
PSG0054274	.	retired
PSG0054277	.	retired
PSG0054283	.	retired
PSG0054298	.	retired
PSG0054309	.	retired
PSG0054313	.	retired
PSG0054344	.	retired
PSG0054360	.	retired
PSG0054378	.	retired
PSG0054383	.	retired
PSG0054384	.	retired
PSG0054386	.	retired
PSG0054405	.	retired
PSG0054407	.	retired
PSG0054415	.	retired
PSG0054419	.	retired
PSG0054423	.	retired
PSG0054454	.	retired
PSG0054456	.	retired
PSG0054460	.	retired
PSG0054470	.	retired
PSG0054483	.	retired
PSG0054496	.	retired
PSG0054512	.	retired
PSG0054513	.	retired
PSG0054521	.	retired
PSG0054530	.	retired
PSG0054532	.	retired
PSG0054551	.	retired
PSG0054556	.	retired
PSG0054573	.	retired
PSG0054582	.	retired
PSG0054585	.	retired
PSG0054607	.	retired
PSG0054630	.	retired
PSG0054631	.	retired
PSG0054644	.	retired
PSG0054654	.	retired
PSG0054669	.	retired
PSG0054674	.	retired
PSG0054677	.	retired
PSG0054687	.	retired
PSG0054689	.	retired
PSG0054693	.	retired
PSG0054700	.	retired
PSG0054702	.	retired
PSG0054726	.	retired
PSG0054728	.	retired
PSG0054731	.	retired
PSG0054751	.	retired
PSG0054758	.	retired
PSG0054772	.	retired
PSG0054777	.	retired
PSG0054778	.	retired
PSG0054782	.	retired
PSG0054783	.	retired
PSG0054792	.	retired
PSG0054804	.	retired
PSG0054806	.	retired
PSG0054809	.	retired
PSG0054839	.	retired
PSG0054870	.	retired
PSG0054879	.	retired
PSG0054884	.	retired
PSG0054901	.	retired
PSG0054902	.	retired
PSG0054961	.	retired
PSG0054963	.	retired
PSG0054969	.	retired
PSG0054976	.	retired
PSG0054980	.	retired
PSG0055003	.	retired
PSG0055004	.	retired
PSG0055005	.	retired
PSG0055006	.	retired
PSG0055007	.	retired
PSG0055013	.	retired
PSG0055023	.	retired
PSG0055031	.	retired
PSG0055035	.	retired
PSG0055047	.	retired
PSG0055051	.	retired
PSG0055061	.	retired
PSG0055081	.	retired
PSG0055083	.	retired
PSG0055107	.	retired
PSG0055110	.	retired
PSG0055136	.	retired
PSG0055141	.	retired
PSG0055157	.	retired
PSG0055176	.	retired
PSG0055182	.	retired
PSG0055202	.	retired
PSG0055203	.	retired
PSG0055207	.	retired
PSG0055219	.	retired
PSG0055228	.	retired
PSG0055229	.	retired
PSG0055288	.	retired
PSG0055311	.	retired
PSG0055322	.	retired
PSG0055330	.	retired
PSG0055331	.	retired
PSG0055336	.	retired
PSG0055339	.	retired
PSG0055341	.	retired
PSG0055356	.	retired
PSG0055376	.	retired
PSG0055395	.	retired
PSG0055414	.	retired
PSG0055419	.	retired
PSG0055446	.	retired
PSG0055449	.	retired
PSG0055455	.	retired
PSG0055461	.	retired
PSG0055464	.	retired
PSG0055465	.	retired
PSG0055472	.	retired
PSG0055486	.	retired
PSG0055503	.	retired
PSG0055524	.	retired
PSG0055534	.	retired
PSG0055553	.	retired
PSG0055558	.	retired
PSG0055560	.	retired
PSG0055563	.	retired
PSG0055570	.	retired
PSG0055586	.	retired
PSG0055597	.	retired
PSG0055598	.	retired
PSG0055607	.	retired
PSG0055637	.	retired
PSG0055649	.	retired
PSG0055663	.	retired
PSG0055665	.	retired
PSG0055675	.	retired
PSG0055681	.	retired
PSG0055742	.	retired
PSG0055762	.	retired
PSG0055765	.	retired
PSG0055827	.	retired
PSG0055835	.	retired
PSG0055852	.	retired
PSG0055855	.	retired
PSG0055856	.	retired
PSG0055870	.	retired
PSG0055871	.	retired
PSG0055873	.	retired
PSG0055893	.	retired
PSG0055905	.	retired
PSG0055906	.	retired
PSG0055911	.	retired
PSG0055917	.	retired
PSG0055948	.	retired
PSG0055955	.	retired
PSG0055956	.	retired
PSG0055964	.	retired
PSG0055966	.	retired
PSG0055978	.	retired
PSG0055985	.	retired
PSG0056040	.	retired
PSG0056051	.	retired
PSG0056060	.	retired
PSG0056090	.	retired
PSG0056123	.	retired
PSG0056142	.	retired
PSG0056158	.	retired
PSG0056159	.	retired
PSG0056174	.	retired
PSG0056180	.	retired
PSG0056189	.	retired
PSG0056196	.	retired
PSG0056198	.	retired
PSG0056204	.	retired
PSG0056215	.	retired
PSG0056230	.	retired
PSG0056231	.	retired
PSG0056232	.	retired
PSG0056233	.	retired
PSG0056234	.	retired
PSG0056238	.	retired
PSG0056239	.	retired
PSG0056241	.	retired
PSG0056251	.	retired
PSG0056253	.	retired
PSG0056265	.	retired
PSG0056277	.	retired
PSG0056280	.	retired
PSG0056319	.	retired
PSG0056320	.	retired
PSG0056321	.	retired
PSG0056325	.	retired
PSG0056330	.	retired
PSG0056338	.	retired
PSG0056339	.	retired
PSG0056353	.	retired
PSG0056359	.	retired
PSG0056362	.	retired
PSG0056364	.	retired
PSG0056366	.	retired
PSG0056367	.	retired
PSG0056378	.	retired
PSG0056393	.	retired
PSG0056401	.	retired
PSG0056412	.	retired
PSG0056425	.	retired
PSG0056431	.	retired
PSG0056435	.	retired
PSG0056445	.	retired
PSG0056449	.	retired
PSG0056465	.	retired
PSG0056498	.	retired
PSG0056501	.	retired
PSG0056518	.	retired
PSG0056532	.	retired
PSG0056538	.	retired
PSG0056561	.	retired
PSG0056574	.	retired
PSG0056576	.	retired
PSG0056590	.	retired
PSG0056601	.	retired
PSG0056602	.	retired
PSG0056604	.	retired
PSG0056610	.	retired
PSG0056620	.	retired
PSG0056642	.	retired
PSG0056651	.	retired
PSG0056659	.	retired
PSG0056684	.	retired
PSG0056688	.	retired
PSG0056691	.	retired
PSG0056692	.	retired
PSG0056711	.	retired
PSG0056715	.	retired
PSG0056724	.	retired
PSG0056729	.	retired
PSG0056731	.	retired
PSG0056742	.	retired
PSG0056743	.	retired
PSG0056754	.	retired
PSG0056779	.	retired
PSG0056790	.	retired
PSG0056796	.	retired
PSG0056803	.	retired
PSG0056816	.	retired
PSG0056824	.	retired
PSG0056834	.	retired
PSG0056835	.	retired
PSG0056840	.	retired
PSG0056845	.	retired
PSG0056879	.	retired
PSG0056921	.	retired
PSG0056922	.	retired
PSG0056970	.	retired
PSG0056972	.	retired
PSG0056988	.	retired
PSG0056997	.	retired
PSG0057007	.	retired
PSG0057010	.	retired
PSG0057011	.	retired
PSG0057012	.	retired
PSG0057013	.	retired
PSG0057023	.	retired
PSG0057052	.	retired
PSG0057053	.	retired
PSG0057059	.	retired
PSG0057074	.	retired
PSG0057097	.	retired
PSG0057101	.	retired
PSG0057107	.	retired
PSG0057116	.	retired
PSG0057128	.	retired
PSG0057176	.	retired
PSG0057184	.	retired
PSG0057197	.	retired
PSG0057200	.	retired
PSG0057219	.	retired
PSG0057225	.	retired
PSG0057233	.	retired
PSG0057260	.	retired
PSG0057264	.	retired
PSG0057274	.	retired
PSG0057276	.	retired
PSG0057284	.	retired
PSG0057286	.	retired
PSG0057313	.	retired
PSG0057323	.	retired
PSG0057327	.	retired
PSG0057381	.	retired
PSG0057427	.	retired
PSG0057430	.	retired
PSG0057431	.	retired
PSG0057435	.	retired
PSG0057442	.	retired
PSG0057445	.	retired
PSG0057461	.	retired
PSG0057466	.	retired
PSG0057476	.	retired
PSG0057479	.	retired
PSG0057480	.	retired
PSG0057508	.	retired
PSG0057523	.	retired
PSG0057536	.	retired
PSG0057553	.	retired
PSG0057562	.	retired
PSG0057588	.	retired
PSG0057591	.	retired
PSG0057610	.	retired
PSG0057628	.	retired
PSG0057639	.	retired
PSG0057640	.	retired
PSG0057641	.	retired
PSG0057653	.	retired
PSG0057665	.	retired
PSG0057667	.	retired
PSG0057678	.	retired
PSG0057687	.	retired
PSG0057709	.	retired
PSG0057710	.	retired
PSG0057712	.	retired
PSG0057724	.	retired
PSG0057753	.	retired
PSG0057792	.	retired
PSG0057799	.	retired
PSG0057801	.	retired
PSG0057819	.	retired
PSG0057823	.	retired
PSG0057869	.	retired
PSG0057874	.	retired
PSG0057886	.	retired
PSG0057913	.	retired
PSG0057927	.	retired
PSG0057933	.	retired
PSG0057947	.	retired
PSG0057950	.	retired
PSG0057965	.	retired
PSG0057972	.	retired
PSG0057977	.	retired
PSG0057987	.	retired
PSG0058003	.	retired
PSG0058007	.	retired
PSG0058048	.	retired
PSG0058059	.	retired
PSG0058061	.	retired
PSG0058066	.	retired
PSG0058069	.	retired
PSG0058072	.	retired
PSG0058075	.	retired
PSG0058080	.	retired
PSG0058081	.	retired
PSG0058083	.	retired
PSG0058096	.	retired
PSG0058116	.	retired
PSG0058128	.	retired
PSG0058151	.	retired
PSG0058168	.	retired
PSG0058174	.	retired
PSG0058175	.	retired
PSG0058185	.	retired
PSG0058197	.	retired
PSG0058209	.	retired
PSG0058216	.	retired
PSG0058234	.	retired
PSG0058237	.	retired
PSG0058238	.	retired
PSG0058243	.	retired
PSG0058248	.	retired
PSG0058274	.	retired
PSG0058278	.	retired
PSG0058279	.	retired
PSG0058295	.	retired
PSG0058296	.	retired
PSG0058301	.	retired
PSG0058318	.	retired
PSG0058328	.	retired
PSG0058329	.	retired
PSG0058330	.	retired
PSG0058331	.	retired
PSG0058335	.	retired
PSG0058336	.	retired
PSG0058355	.	retired
PSG0058359	.	retired
PSG0058367	.	retired
PSG0058369	.	retired
PSG0058371	.	retired
PSG0058377	.	retired
PSG0058390	.	retired
PSG0058392	.	retired
PSG0058401	.	retired
PSG0058413	.	retired
PSG0058427	.	retired
PSG0058429	.	retired
PSG0058438	.	retired
PSG0058448	.	retired
PSG0058495	.	retired
PSG0058508	.	retired
PSG0058511	.	retired
PSG0058514	.	retired
PSG0058527	.	retired
PSG0058529	.	retired
PSG0058533	.	retired
PSG0058549	.	retired
PSG0058558	.	retired
PSG0058559	.	retired
PSG0058562	.	retired
PSG0058570	.	retired
PSG0058582	.	retired
PSG0058604	.	retired
PSG0058614	.	retired
PSG0058616	.	retired
PSG0058619	.	retired
PSG0058632	.	retired
PSG0058638	.	retired
PSG0058646	.	retired
PSG0058647	.	retired
PSG0058653	.	retired
PSG0058660	.	retired
PSG0058707	.	retired
PSG0058710	.	retired
PSG0058718	.	retired
PSG0058719	.	retired
PSG0058728	.	retired
PSG0058733	.	retired
PSG0058742	.	retired
PSG0058778	.	retired
PSG0058816	.	retired
PSG0058822	.	retired
PSG0058824	.	retired
PSG0058877	.	retired
PSG0058879	.	retired
PSG0058881	.	retired
PSG0058886	.	retired
PSG0058887	.	retired
PSG0058893	.	retired
PSG0058931	.	retired
PSG0058935	.	retired
PSG0058958	.	retired
PSG0058980	.	retired
PSG0058981	.	retired
PSG0058994	.	retired
PSG0058997	.	retired
PSG0059002	.	retired
PSG0059010	.	retired
PSG0059052	.	retired
PSG0059060	.	retired
PSG0059078	.	retired
PSG0059079	.	retired
PSG0059086	.	retired
PSG0059094	.	retired
PSG0059098	.	retired
PSG0059129	.	retired
PSG0059136	.	retired
PSG0059137	.	retired
PSG0059139	.	retired
PSG0059143	.	retired
PSG0059144	.	retired
PSG0059151	.	retired
PSG0059157	.	retired
PSG0059166	.	retired
PSG0059182	.	retired
PSG0059193	.	retired
PSG0059202	.	retired
PSG0059206	.	retired
PSG0059209	.	retired
PSG0059221	.	retired
PSG0059235	.	retired
PSG0059249	.	retired
PSG0059253	.	retired
PSG0059268	.	retired
PSG0059270	.	retired
PSG0059272	.	retired
PSG0059275	.	retired
PSG0059287	.	retired
PSG0059294	.	retired
PSG0059301	.	retired
PSG0059305	.	retired
PSG0059306	.	retired
PSG0059309	.	retired
PSG0059319	.	retired
PSG0059336	.	retired
PSG0059343	.	retired
PSG0059359	.	retired
PSG0059360	.	retired
PSG0059366	.	retired
PSG0059370	.	retired
PSG0059391	.	retired
PSG0059399	.	retired
PSG0059414	.	retired
PSG0059425	.	retired
PSG0059445	.	retired
PSG0059453	.	retired
PSG0059460	.	retired
PSG0059481	.	retired
PSG0059483	.	retired
PSG0059488	.	retired
PSG0059508	.	retired
PSG0059513	.	retired
PSG0059515	.	retired
PSG0059516	.	retired
PSG0059521	.	retired
PSG0059526	.	retired
PSG0059529	.	retired
PSG0059541	.	retired
PSG0059549	.	retired
PSG0059550	.	retired
PSG0059552	.	retired
PSG0059580	.	retired
PSG0059583	.	retired
PSG0059585	.	retired
PSG0059591	.	retired
PSG0059597	.	retired
PSG0059601	.	retired
PSG0059602	.	retired
PSG0059616	.	retired
PSG0059618	.	retired
PSG0059631	.	retired
PSG0059634	.	retired
PSG0059640	.	retired
PSG0059695	.	retired
PSG0059701	.	retired
PSG0059703	.	retired
PSG0059706	.	retired
PSG0059707	.	retired
PSG0059715	.	retired
PSG0059718	.	retired
PSG0059728	.	retired
PSG0059734	.	retired
PSG0059753	.	retired
PSG0059761	.	retired
PSG0059763	.	retired
PSG0059764	.	retired
PSG0059830	.	retired
PSG0059846	.	retired
PSG0059847	.	retired
PSG0059852	.	retired
PSG0059865	.	retired
PSG0059871	.	retired
PSG0059880	.	retired
PSG0059881	.	retired
PSG0059885	.	retired
PSG0059887	.	retired
PSG0059894	.	retired
PSG0059905	.	retired
PSG0059917	.	retired
PSG0059929	.	retired
PSG0059935	.	retired
PSG0059936	.	retired
PSG0059945	.	retired
PSG0059959	.	retired
PSG0059962	.	retired
PSG0059968	.	retired
PSG0059978	.	retired
PSG0059985	.	retired
PSG0059993	.	retired
PSG0060002	.	retired
PSG0060007	.	retired
PSG0060009	.	retired
PSG0060012	.	retired
PSG0060015	.	retired
PSG0060021	.	retired
PSG0060024	.	retired
PSG0060033	.	retired
PSG0060034	.	retired
PSG0060052	.	retired
PSG0060076	.	retired
PSG0060094	.	retired
PSG0060102	.	retired
PSG0060104	.	retired
PSG0060127	.	retired
PSG0060142	.	retired
PSG0060148	.	retired
PSG0060152	.	retired
PSG0060161	.	retired
PSG0060164	.	retired
PSG0060188	.	retired
PSG0060197	.	retired
PSG0060214	.	retired
PSG0060218	.	retired
PSG0060228	.	retired
PSG0060236	.	retired
PSG0060238	.	retired
PSG0060243	.	retired
PSG0060252	.	retired
PSG0060263	.	retired
PSG0060268	.	retired
PSG0060276	.	retired
PSG0060278	.	retired
PSG0060280	.	retired
PSG0060283	.	retired
PSG0060286	.	retired
PSG0060288	.	retired
PSG0060296	.	retired
PSG0060320	.	retired
PSG0060321	.	retired
PSG0060326	.	retired
PSG0060348	.	retired
PSG0060361	.	retired
PSG0060365	.	retired
PSG0060369	.	retired
PSG0060380	.	retired
PSG0060407	.	retired
PSG0060410	.	retired
PSG0060432	.	retired
PSG0060454	.	retired
PSG0060463	.	retired
PSG0060470	.	retired
PSG0060481	.	retired
PSG0060502	.	retired
PSG0060512	.	retired
PSG0060523	.	retired
PSG0060526	.	retired
PSG0060528	.	retired
PSG0060540	.	retired
PSG0060585	.	retired
PSG0060608	.	retired
PSG0060635	.	retired
PSG0060642	.	retired
PSG0060658	.	retired
PSG0060660	.	retired
PSG0060692	.	retired
PSG0060716	.	retired
PSG0060719	.	retired
PSG0060722	.	retired
PSG0060742	.	retired
PSG0060746	.	retired
PSG0060752	.	retired
PSG0060774	.	retired
PSG0060775	.	retired
PSG0060779	.	retired
PSG0060783	.	retired
PSG0060784	.	retired
PSG0060786	.	retired
PSG0060787	.	retired
PSG0060812	.	retired
PSG0060816	.	retired
PSG0060818	.	retired
PSG0060832	.	retired
PSG0060843	.	retired
PSG0060847	.	retired
PSG0060858	.	retired
PSG0060869	.	retired
PSG0060874	.	retired
PSG0060880	.	retired
PSG0060885	.	retired
PSG0060887	.	retired
PSG0060901	.	retired
PSG0060925	.	retired
PSG0060932	.	retired
PSG0060933	.	retired
PSG0060934	.	retired
PSG0060938	.	retired
PSG0060939	.	retired
PSG0060942	.	retired
PSG0060946	.	retired
PSG0060953	.	retired
PSG0060955	.	retired
PSG0060956	.	retired
PSG0060969	.	retired
PSG0060981	.	retired
PSG0060987	.	retired
PSG0060988	.	retired
PSG0061003	.	retired
PSG0061023	.	retired
PSG0061024	.	retired
PSG0061026	.	retired
PSG0061036	.	retired
PSG0061067	.	retired
PSG0061071	.	retired
PSG0061076	.	retired
PSG0061082	.	retired
PSG0061090	.	retired
PSG0061093	.	retired
PSG0061104	.	retired
PSG0061113	.	retired
PSG0061142	.	retired
PSG0061148	.	retired
PSG0061152	.	retired
PSG0061153	.	retired
PSG0061184	.	retired
PSG0061186	.	retired
PSG0061194	.	retired
PSG0061199	.	retired
PSG0061205	.	retired
PSG0061242	.	retired
PSG0061249	.	retired
PSG0061252	.	retired
PSG0061264	.	retired
PSG0061273	.	retired
PSG0061291	.	retired
PSG0061296	.	retired
PSG0061297	.	retired
PSG0061308	.	retired
PSG0061312	.	retired
PSG0061321	.	retired
PSG0061354	.	retired
PSG0061373	.	retired
PSG0061391	.	retired
PSG0061397	.	retired
PSG0061410	.	retired
PSG0061411	.	retired
PSG0061434	.	retired
PSG0061444	.	retired
PSG0061447	.	retired
PSG0061457	.	retired
PSG0061458	.	retired
PSG0061460	.	retired
PSG0061493	.	retired
PSG0061496	.	retired
PSG0061519	.	retired
PSG0061521	.	retired
PSG0061526	.	retired
PSG0061527	.	retired
PSG0061536	.	retired
PSG0061538	.	retired
PSG0061552	.	retired
PSG0061559	.	retired
PSG0061589	.	retired
PSG0061593	.	retired
PSG0061601	.	retired
PSG0061613	.	retired
PSG0061622	.	retired
PSG0061624	.	retired
PSG0061626	.	retired
PSG0061627	.	retired
PSG0061637	.	retired
PSG0061648	.	retired
PSG0061650	.	retired
PSG0061661	.	retired
PSG0061662	.	retired
PSG0061664	.	retired
PSG0061669	.	retired
PSG0061676	.	retired
PSG0061677	.	retired
PSG0061713	.	retired
PSG0061716	.	retired
PSG0061724	.	retired
PSG0061736	.	retired
PSG0061744	.	retired
PSG0061751	.	retired
PSG0061781	.	retired
PSG0061786	.	retired
PSG0061788	.	retired
PSG0061797	.	retired
PSG0061813	.	retired
PSG0061814	.	retired
PSG0061827	.	retired
PSG0061832	.	retired
PSG0061850	.	retired
PSG0061852	.	retired
PSG0061855	.	retired
PSG0061858	.	retired
PSG0061873	.	retired
PSG0061877	.	retired
PSG0061881	.	retired
PSG0061886	.	retired
PSG0061918	.	retired
PSG0061919	.	retired
PSG0061929	.	retired
PSG0061936	.	retired
PSG0061949	.	retired
PSG0061972	.	retired
PSG0061996	.	retired
PSG0061999	.	retired
PSG0062001	.	retired
PSG0062004	.	retired
PSG0062009	.	retired
PSG0062011	.	retired
PSG0062018	.	retired
PSG0062026	.	retired
PSG0062027	.	retired
PSG0062032	.	retired
PSG0062035	.	retired
PSG0062038	.	retired
PSG0062052	.	retired
PSG0062062	.	retired
PSG0062067	.	retired
PSG0062068	.	retired
PSG0062079	.	retired
PSG0062084	.	retired
PSG0062086	.	retired
PSG0062089	.	retired
PSG0062090	.	retired
PSG0062104	.	retired
PSG0062106	.	retired
PSG0062108	.	retired
PSG0062125	.	retired
PSG0062133	.	retired
PSG0062137	.	retired
PSG0062151	.	retired
PSG0062160	.	retired
PSG0062163	.	retired
PSG0062172	.	retired
PSG0062190	.	retired
PSG0062199	.	retired
PSG0062203	.	retired
PSG0062208	.	retired
PSG0062211	.	retired
PSG0062215	.	retired
PSG0062226	.	retired
PSG0062229	.	retired
PSG0062230	.	retired
PSG0062240	.	retired
PSG0062247	.	retired
PSG0062269	.	retired
PSG0062273	.	retired
PSG0062287	.	retired
PSG0062291	.	retired
PSG0062322	.	retired
PSG0062352	.	retired
PSG0062355	.	retired
PSG0062357	.	retired
PSG0062359	.	retired
PSG0062366	.	retired
PSG0062380	.	retired
PSG0062391	.	retired
PSG0062404	.	retired
PSG0062412	.	retired
PSG0062420	.	retired
PSG0062432	.	retired
PSG0062434	.	retired
PSG0062441	.	retired
PSG0062477	.	retired
PSG0062487	.	retired
PSG0062492	.	retired
PSG0062502	.	retired
PSG0062505	.	retired
PSG0062508	.	retired
PSG0062512	.	retired
PSG0062522	.	retired
PSG0062523	.	retired
PSG0062538	.	retired
PSG0062556	.	retired
PSG0062564	.	retired
PSG0062578	.	retired
PSG0062587	.	retired
PSG0062601	.	retired
PSG0062603	.	retired
PSG0062604	.	retired
PSG0062610	.	retired
PSG0062635	.	retired
PSG0062638	.	retired
PSG0062665	.	retired
PSG0062678	.	retired
PSG0062683	.	retired
PSG0062714	.	retired
PSG0062716	.	retired
PSG0062723	.	retired
PSG0062740	.	retired
PSG0062746	.	retired
PSG0062752	.	retired
PSG0062770	.	retired
PSG0062771	.	retired
PSG0062783	.	retired
PSG0062792	.	retired
PSG0062799	.	retired
PSG0062801	.	retired
PSG0062847	.	retired
PSG0062856	.	retired
PSG0062887	.	retired
PSG0062902	.	retired
PSG0062910	.	retired
PSG0062934	.	retired
PSG0062999	.	retired
PSG0063014	.	retired
PSG0063016	.	retired
PSG0063023	.	retired
PSG0063029	.	retired
PSG0063038	.	retired
PSG0063041	.	retired
PSG0063048	.	retired
PSG0063068	.	retired
PSG0063069	.	retired
PSG0063080	.	retired
PSG0063083	.	retired
PSG0063095	.	retired
PSG0063102	.	retired
PSG0063124	.	retired
PSG0063127	.	retired
PSG0063131	.	retired
PSG0063134	.	retired
PSG0063162	.	retired
PSG0063172	.	retired
PSG0063196	.	retired
PSG0063210	.	retired
PSG0063238	.	retired
PSG0063239	.	retired
PSG0063245	.	retired
PSG0063246	.	retired
PSG0063247	.	retired
PSG0063256	.	retired
PSG0063274	.	retired
PSG0063295	.	retired
PSG0063327	.	retired
PSG0063333	.	retired
PSG0063359	.	retired
PSG0063367	.	retired
PSG0063379	.	retired
PSG0063401	.	retired
PSG0063431	.	retired
PSG0063437	.	retired
PSG0063448	.	retired
PSG0063453	.	retired
PSG0063458	.	retired
PSG0063469	.	retired
PSG0063477	.	retired
PSG0063491	.	retired
PSG0063498	.	retired
PSG0063515	.	retired
PSG0063548	.	retired
PSG0063590	.	retired
PSG0063592	.	retired
PSG0063593	.	retired
PSG0063594	.	retired
PSG0063602	.	retired
PSG0063604	.	retired
PSG0063605	.	retired
PSG0063621	.	retired
PSG0063623	.	retired
PSG0063625	.	retired
PSG0063633	.	retired
PSG0063636	.	retired
PSG0063637	.	retired
PSG0063638	.	retired
PSG0063645	.	retired
PSG0063648	.	retired
PSG0063651	.	retired
PSG0063664	.	retired
PSG0063667	.	retired
PSG0063681	.	retired
PSG0063696	.	retired
PSG0063732	.	retired
PSG0063738	.	retired
PSG0063741	.	retired
PSG0063743	.	retired
PSG0063752	.	retired
PSG0063757	.	retired
PSG0063784	.	retired
PSG0063792	.	retired
PSG0063793	.	retired
PSG0063799	.	retired
PSG0063813	.	retired
PSG0063814	.	retired
PSG0063832	.	retired
PSG0063843	.	retired
PSG0063862	.	retired
PSG0063870	.	retired
PSG0063876	.	retired
PSG0063879	.	retired
PSG0063881	.	retired
PSG0063912	.	retired
PSG0063923	.	retired
PSG0063930	.	retired
PSG0063937	.	retired
PSG0063950	.	retired
PSG0063971	.	retired
PSG0063975	.	retired
PSG0063991	.	retired
PSG0064003	.	retired
PSG0064020	.	retired
PSG0064023	.	retired
PSG0064027	.	retired
PSG0064038	.	retired
PSG0064039	.	retired
PSG0064065	.	retired
PSG0064072	.	retired
PSG0064076	.	retired
PSG0064081	.	retired
PSG0064084	.	retired
PSG0064098	.	retired
PSG0064124	.	retired
PSG0064153	.	retired
PSG0064161	.	retired
PSG0064191	.	retired
PSG0064196	.	retired
PSG0064203	.	retired
PSG0064209	.	retired
PSG0064226	.	retired
PSG0064234	.	retired
PSG0064245	.	retired
PSG0064249	.	retired
PSG0064277	.	retired
PSG0064283	.	retired
PSG0064294	.	retired
PSG0064296	.	retired
PSG0064329	.	retired
PSG0064330	.	retired
PSG0064372	.	retired
PSG0064373	.	retired
PSG0064377	.	retired
PSG0064433	.	retired
PSG0064461	.	retired
PSG0064474	.	retired
PSG0064528	.	retired
PSG0064529	.	retired
PSG0064530	.	retired
PSG0064536	.	retired
PSG0064550	.	retired
PSG0064554	.	retired
PSG0064555	.	retired
PSG0064565	.	retired
PSG0064570	.	retired
PSG0064602	.	retired
PSG0064618	.	retired
PSG0064646	.	retired
PSG0064656	.	retired
PSG0064684	.	retired
PSG0064690	.	retired
PSG0064694	.	retired
PSG0064705	.	retired
PSG0064710	.	retired
PSG0064744	.	retired
PSG0064753	.	retired
PSG0064758	.	retired
PSG0064771	.	retired
PSG0064773	.	retired
PSG0064775	.	retired
PSG0064794	.	retired
PSG0064809	.	retired
PSG0064817	.	retired
PSG0064831	.	retired
PSG0064838	.	retired
PSG0064864	.	retired
PSG0064868	.	retired
PSG0064870	.	retired
PSG0064871	.	retired
PSG0064884	.	retired
PSG0064886	.	retired
PSG0064889	.	retired
PSG0064890	.	retired
PSG0064900	.	retired
PSG0064909	.	retired
PSG0064912	.	retired
PSG0064921	.	retired
PSG0064926	.	retired
PSG0064940	.	retired
PSG0064975	.	retired
PSG0065006	.	retired
PSG0065035	.	retired
PSG0065040	.	retired
PSG0065077	.	retired
PSG0065080	.	retired
PSG0065083	.	retired
PSG0065085	.	retired
PSG0065110	.	retired
PSG0065119	.	retired
PSG0065124	.	retired
PSG0065127	.	retired
PSG0065130	.	retired
PSG0065136	.	retired
PSG0065176	.	retired
PSG0065180	.	retired
PSG0065185	.	retired
PSG0065186	.	retired
PSG0065206	.	retired
PSG0065209	.	retired
PSG0065229	.	retired
PSG0065244	.	retired
PSG0065246	.	retired
PSG0065253	.	retired
PSG0065260	.	retired
PSG0065262	.	retired
PSG0065264	.	retired
PSG0065271	.	retired
PSG0065284	.	retired
PSG0065297	.	retired
PSG0065299	.	retired
PSG0065313	.	retired
PSG0065321	.	retired
PSG0065326	.	retired
PSG0065335	.	retired
PSG0065353	.	retired
PSG0065364	.	retired
PSG0065386	.	retired
PSG0065391	.	retired
PSG0065397	.	retired
PSG0065398	.	retired
PSG0065405	.	retired
PSG0065410	.	retired
PSG0065411	.	retired
PSG0065420	.	retired
PSG0065426	.	retired
PSG0065429	.	retired
PSG0065441	.	retired
PSG0065443	.	retired
PSG0065455	.	retired
PSG0065456	.	retired
PSG0065459	.	retired
PSG0065467	.	retired
PSG0065476	.	retired
PSG0065484	.	retired
PSG0065490	.	retired
PSG0065495	.	retired
PSG0065513	.	retired
PSG0065526	.	retired
PSG0065527	.	retired
PSG0065528	.	retired
PSG0065550	.	retired
PSG0065575	.	retired
PSG0065578	.	retired
PSG0065591	.	retired
PSG0065608	.	retired
PSG0065610	.	retired
PSG0065617	.	retired
PSG0065627	.	retired
PSG0065635	.	retired
PSG0065655	.	retired
PSG0065665	.	retired
PSG0065669	.	retired
PSG0065683	.	retired
PSG0065695	.	retired
PSG0065707	.	retired
PSG0065732	.	retired
PSG0065746	.	retired
PSG0065747	.	retired
PSG0065749	.	retired
PSG0065766	.	retired
PSG0065769	.	retired
PSG0065780	.	retired
PSG0065790	.	retired
PSG0065792	.	retired
PSG0065793	.	retired
PSG0065806	.	retired
PSG0065826	.	retired
PSG0065828	.	retired
PSG0065839	.	retired
PSG0065843	.	retired
PSG0065851	.	retired
PSG0065868	.	retired
PSG0065878	.	retired
PSG0065894	.	retired
PSG0065895	.	retired
PSG0065909	.	retired
PSG0065910	.	retired
PSG0065918	.	retired
PSG0065923	.	retired
PSG0065960	.	retired
PSG0065966	.	retired
PSG0065989	.	retired
PSG0065994	.	retired
PSG0065998	.	retired
PSG0066008	.	retired
PSG0066036	.	retired
PSG0066050	.	retired
PSG0066065	.	retired
PSG0066089	.	retired
PSG0066094	.	retired
PSG0066106	.	retired
PSG0066113	.	retired
PSG0066115	.	retired
PSG0066122	.	retired
PSG0066135	.	retired
PSG0066138	.	retired
PSG0066139	.	retired
PSG0066145	.	retired
PSG0066147	.	retired
PSG0066160	.	retired
PSG0066167	.	retired
PSG0066173	.	retired
PSG0066175	.	retired
PSG0066176	.	retired
PSG0066188	.	retired
PSG0066194	.	retired
PSG0066205	.	retired
PSG0066210	.	retired
PSG0066218	.	retired
PSG0066224	.	retired
PSG0066226	.	retired
PSG0066248	.	retired
PSG0066259	.	retired
PSG0066277	.	retired
PSG0066298	.	retired
PSG0066309	.	retired
PSG0066313	.	retired
PSG0066324	.	retired
PSG0066326	.	retired
PSG0066327	.	retired
PSG0066336	.	retired
PSG0066340	.	retired
PSG0066371	.	retired
PSG0066372	.	retired
PSG0066403	.	retired
PSG0066416	.	retired
PSG0066435	.	retired
PSG0066437	.	retired
PSG0066463	.	retired
PSG0066469	.	retired
PSG0066472	.	retired
PSG0066475	.	retired
PSG0066481	.	retired
PSG0066490	.	retired
PSG0066516	.	retired
PSG0066521	.	retired
PSG0066526	.	retired
PSG0066527	.	retired
PSG0066533	.	retired
PSG0066536	.	retired
PSG0066564	.	retired
PSG0066566	.	retired
PSG0066568	.	retired
PSG0066579	.	retired
PSG0066595	.	retired
PSG0066602	.	retired
PSG0066606	.	retired
PSG0066607	.	retired
PSG0066627	.	retired
PSG0066648	.	retired
PSG0066659	.	retired
PSG0066667	.	retired
PSG0066672	.	retired
PSG0066675	.	retired
PSG0066683	.	retired
PSG0066697	.	retired
PSG0066703	.	retired
PSG0066717	.	retired
PSG0066738	.	retired
PSG0066742	.	retired
PSG0066747	.	retired
PSG0066750	.	retired
PSG0066754	.	retired
PSG0066758	.	retired
PSG0066766	.	retired
PSG0066780	.	retired
PSG0066800	.	retired
PSG0066806	.	retired
PSG0066812	.	retired
PSG0066821	.	retired
PSG0066825	.	retired
PSG0066831	.	retired
PSG0066852	.	retired
PSG0066870	.	retired
PSG0066929	.	retired
PSG0066935	.	retired
PSG0066937	.	retired
PSG0066959	.	retired
PSG0066964	.	retired
PSG0066971	.	retired
PSG0066979	.	retired
PSG0066982	.	retired
PSG0066986	.	retired
PSG0066995	.	retired
PSG0066996	.	retired
PSG0067000	.	retired
PSG0067006	.	retired
PSG0067008	.	retired
PSG0067012	.	retired
PSG0067034	.	retired
PSG0067041	.	retired
PSG0067042	.	retired
PSG0067043	.	retired
PSG0067059	.	retired
PSG0067107	.	retired
PSG0067108	.	retired
PSG0067114	.	retired
PSG0067131	.	retired
PSG0067136	.	retired
PSG0067143	.	retired
PSG0067150	.	retired
PSG0067156	.	retired
PSG0067160	.	retired
PSG0067163	.	retired
PSG0067169	.	retired
PSG0067173	.	retired
PSG0067177	.	retired
PSG0067179	.	retired
PSG0067180	.	retired
PSG0067191	.	retired
PSG0067193	.	retired
PSG0067237	.	retired
PSG0067311	.	retired
PSG0067338	.	retired
PSG0067339	.	retired
PSG0067343	.	retired
PSG0067362	.	retired
PSG0067393	.	retired
PSG0067394	.	retired
PSG0067410	.	retired
PSG0067422	.	retired
PSG0067440	.	retired
PSG0067444	.	retired
PSG0067476	.	retired
PSG0067484	.	retired
PSG0067488	.	retired
PSG0067496	.	retired
PSG0067509	.	retired
PSG0067511	.	retired
PSG0067523	.	retired
PSG0067524	.	retired
PSG0067545	.	retired
PSG0067560	.	retired
PSG0067568	.	retired
PSG0067582	.	retired
PSG0067596	.	retired
PSG0067599	.	retired
PSG0067608	.	retired
PSG0067610	.	retired
PSG0067667	.	retired
PSG0067669	.	retired
PSG0067671	.	retired
PSG0067683	.	retired
PSG0067717	.	retired
PSG0067725	.	retired
PSG0067744	.	retired
PSG0067746	.	retired
PSG0067748	.	retired
PSG0067749	.	retired
PSG0067762	.	retired
PSG0067774	.	retired
PSG0067779	.	retired
PSG0067782	.	retired
PSG0067784	.	retired
PSG0067786	.	retired
PSG0067793	.	retired
PSG0067810	.	retired
PSG0067815	.	retired
PSG0067822	.	retired
PSG0067830	.	retired
PSG0067835	.	retired
PSG0067840	.	retired
PSG0067847	.	retired
PSG0067873	.	retired
PSG0067878	.	retired
PSG0067898	.	retired
PSG0067909	.	retired
PSG0067925	.	retired
PSG0067936	.	retired
PSG0067941	.	retired
PSG0067959	.	retired
PSG0067961	.	retired
PSG0067963	.	retired
PSG0067965	.	retired
PSG0067982	.	retired
PSG0067995	.	retired
PSG0068021	.	retired
PSG0068036	.	retired
PSG0068053	.	retired
PSG0068062	.	retired
PSG0068063	.	retired
PSG0068067	.	retired
PSG0068080	.	retired
PSG0068088	.	retired
PSG0068091	.	retired
PSG0068093	.	retired
PSG0068098	.	retired
PSG0068109	.	retired
PSG0068120	.	retired
PSG0068126	.	retired
PSG0068131	.	retired
PSG0068138	.	retired
PSG0068149	.	retired
PSG0068157	.	retired
PSG0068175	.	retired
PSG0068186	.	retired
PSG0068188	.	retired
PSG0068198	.	retired
PSG0068204	.	retired
PSG0068206	.	retired
PSG0068212	.	retired
PSG0068233	.	retired
PSG0068239	.	retired
PSG0068248	.	retired
PSG0068249	.	retired
PSG0068258	.	retired
PSG0068259	.	retired
PSG0068260	.	retired
PSG0068261	.	retired
PSG0068263	.	retired
PSG0068265	.	retired
PSG0068268	.	retired
PSG0068275	.	retired
PSG0068292	.	retired
PSG0068301	.	retired
PSG0068333	.	retired
PSG0068368	.	retired
PSG0068409	.	retired
PSG0068412	.	retired
PSG0068444	.	retired
PSG0068452	.	retired
PSG0068467	.	retired
PSG0068484	.	retired
PSG0068489	.	retired
PSG0068509	.	retired
PSG0068529	.	retired
PSG0068547	.	retired
PSG0068566	.	retired
PSG0068569	.	retired
PSG0068575	.	retired
PSG0068611	.	retired
PSG0068638	.	retired
PSG0068650	.	retired
PSG0068652	.	retired
PSG0068654	.	retired
PSG0068658	.	retired
PSG0068664	.	retired
PSG0068673	.	retired
PSG0068679	.	retired
PSG0068680	.	retired
PSG0068682	.	retired
PSG0068708	.	retired
PSG0068722	.	retired
PSG0068726	.	retired
PSG0068728	.	retired
PSG0068732	.	retired
PSG0068751	.	retired
PSG0068759	.	retired
PSG0068766	.	retired
PSG0068788	.	retired
PSG0068792	.	retired
PSG0068801	.	retired
PSG0068819	.	retired
PSG0068821	.	retired
PSG0068823	.	retired
PSG0068824	.	retired
PSG0068836	.	retired
PSG0068893	.	retired
PSG0068915	.	retired
PSG0068928	.	retired
PSG0068931	.	retired
PSG0068937	.	retired
PSG0068946	.	retired
PSG0068991	.	retired
PSG0068994	.	retired
PSG0069003	.	retired
PSG0069011	.	retired
PSG0069017	.	retired
PSG0069018	.	retired
PSG0069042	.	retired
PSG0069043	.	retired
PSG0069071	.	retired
PSG0069083	.	retired
PSG0069086	.	retired
PSG0069108	.	retired
PSG0069113	.	retired
PSG0069123	.	retired
PSG0069131	.	retired
PSG0069152	.	retired
PSG0069178	.	retired
PSG0069182	.	retired
PSG0069183	.	retired
PSG0069187	.	retired
PSG0069194	.	retired
PSG0069205	.	retired
PSG0069245	.	retired
PSG0069255	.	retired
PSG0069267	.	retired
PSG0069301	.	retired
PSG0069341	.	retired
PSG0069365	.	retired
PSG0069368	.	retired
PSG0069375	.	retired
PSG0069387	.	retired
PSG0069392	.	retired
PSG0069411	.	retired
PSG0069414	.	retired
PSG0069428	.	retired
PSG0069432	.	retired
PSG0069439	.	retired
PSG0069450	.	retired
PSG0069451	.	retired
PSG0069457	.	retired
PSG0069459	.	retired
PSG0069463	.	retired
PSG0069470	.	retired
PSG0069473	.	retired
PSG0069488	.	retired
PSG0069492	.	retired
PSG0069499	.	retired
PSG0069505	.	retired
PSG0069520	.	retired
PSG0069523	.	retired
PSG0069563	.	retired
PSG0069572	.	retired
PSG0069576	.	retired
PSG0069584	.	retired
PSG0069615	.	retired
PSG0069630	.	retired
PSG0069635	.	retired
PSG0069670	.	retired
PSG0069694	.	retired
PSG0069720	.	retired
PSG0069728	.	retired
PSG0069744	.	retired
PSG0069745	.	retired
PSG0069766	.	retired
PSG0069861	.	retired
PSG0069867	.	retired
PSG0069876	.	retired
PSG0069895	.	retired
PSG0069899	.	retired
PSG0069924	.	retired
PSG0069933	.	retired
PSG0069957	.	retired
PSG0069963	.	retired
PSG0069967	.	retired
PSG0069976	.	retired
PSG0069982	.	retired
PSG0069994	.	retired
PSG0070008	.	retired
PSG0070009	.	retired
PSG0070037	.	retired
PSG0070047	.	retired
PSG0070050	.	retired
PSG0070061	.	retired
PSG0070067	.	retired
PSG0070078	.	retired
PSG0070088	.	retired
PSG0070089	.	retired
PSG0070092	.	retired
PSG0070094	.	retired
PSG0070103	.	retired
PSG0070111	.	retired
PSG0070116	.	retired
PSG0070123	.	retired
PSG0070128	.	retired
PSG0070135	.	retired
PSG0070137	.	retired
PSG0070159	.	retired
PSG0070161	.	retired
PSG0070167	.	retired
PSG0070170	.	retired
PSG0070175	.	retired
PSG0070176	.	retired
PSG0070181	.	retired
PSG0070183	.	retired
PSG0070199	.	retired
PSG0070201	.	retired
PSG0070207	.	retired
PSG0070216	.	retired
PSG0070230	.	retired
PSG0070236	.	retired
PSG0070249	.	retired
PSG0070256	.	retired
PSG0070263	.	retired
PSG0070272	.	retired
PSG0070290	.	retired
PSG0070294	.	retired
PSG0070301	.	retired
PSG0070303	.	retired
PSG0070325	.	retired
PSG0070339	.	retired
PSG0070360	.	retired
PSG0070393	.	retired
PSG0070394	.	retired
PSG0070397	.	retired
PSG0070400	.	retired
PSG0070407	.	retired
PSG0070421	.	retired
PSG0070423	.	retired
PSG0070432	.	retired
PSG0070446	.	retired
PSG0070453	.	retired
PSG0070456	.	retired
PSG0070461	.	retired
PSG0070523	.	retired
PSG0070527	.	retired
PSG0070532	.	retired
PSG0070536	.	retired
PSG0070545	.	retired
PSG0070555	.	retired
PSG0070560	.	retired
PSG0070565	.	retired
PSG0070581	.	retired
PSG0070589	.	retired
PSG0070591	.	retired
PSG0070595	.	retired
PSG0070633	.	retired
PSG0070639	.	retired
PSG0070649	.	retired
PSG0070659	.	retired
PSG0070699	.	retired
PSG0070703	.	retired
PSG0070717	.	retired
PSG0070718	.	retired
PSG0070758	.	retired
PSG0070763	.	retired
PSG0070767	.	retired
PSG0070777	.	retired
PSG0070785	.	retired
PSG0070789	.	retired
PSG0070795	.	retired
PSG0070808	.	retired
PSG0070816	.	retired
PSG0070818	.	retired
PSG0070838	.	retired
PSG0070839	.	retired
PSG0070863	.	retired
PSG0070872	.	retired
PSG0070874	.	retired
PSG0070881	.	retired
PSG0070893	.	retired
PSG0070895	.	retired
PSG0070942	.	retired
PSG0070947	.	retired
PSG0070960	.	retired
PSG0070970	.	retired
PSG0070983	.	retired
PSG0070999	.	retired
PSG0071003	.	retired
PSG0071007	.	retired
PSG0071020	.	retired
PSG0071027	.	retired
PSG0071034	.	retired
PSG0071069	.	retired
PSG0071091	.	retired
PSG0071104	.	retired
PSG0071106	.	retired
PSG0071111	.	retired
PSG0071115	.	retired
PSG0071116	.	retired
PSG0071120	.	retired
PSG0071128	.	retired
PSG0071137	.	retired
PSG0071138	.	retired
PSG0071143	.	retired
PSG0071145	.	retired
PSG0071154	.	retired
PSG0071171	.	retired
PSG0071181	.	retired
PSG0071184	.	retired
PSG0071203	.	retired
PSG0071208	.	retired
PSG0071215	.	retired
PSG0071227	.	retired
PSG0071231	.	retired
PSG0071246	.	retired
PSG0071266	.	retired
PSG0071269	.	retired
PSG0071291	.	retired
PSG0071295	.	retired
PSG0071299	.	retired
PSG0071305	.	retired
PSG0071307	.	retired
PSG0071320	.	retired
PSG0071335	.	retired
PSG0071338	.	retired
PSG0071339	.	retired
PSG0071343	.	retired
PSG0071353	.	retired
PSG0071374	.	retired
PSG0071394	.	retired
PSG0071406	.	retired
PSG0071413	.	retired
PSG0071416	.	retired
PSG0071421	.	retired
PSG0071423	.	retired
PSG0071442	.	retired
PSG0071450	.	retired
PSG0071458	.	retired
PSG0071461	.	retired
PSG0071463	.	retired
PSG0071465	.	retired
PSG0071477	.	retired
PSG0071478	.	retired
PSG0071483	.	retired
PSG0071485	.	retired
PSG0071488	.	retired
PSG0071489	.	retired
PSG0071512	.	retired
PSG0071519	.	retired
PSG0071522	.	retired
PSG0071541	.	retired
PSG0071556	.	retired
PSG0071574	.	retired
PSG0071590	.	retired
PSG0071610	.	retired
PSG0071627	.	retired
PSG0071638	.	retired
PSG0071663	.	retired
PSG0071684	.	retired
PSG0071690	.	retired
PSG0071695	.	retired
PSG0071700	.	retired
PSG0071701	.	retired
PSG0071707	.	retired
PSG0071711	.	retired
PSG0071742	.	retired
PSG0071747	.	retired
PSG0071767	.	retired
PSG0071820	.	retired
PSG0071823	.	retired
PSG0071836	.	retired
PSG0071838	.	retired
PSG0071844	.	retired
PSG0071846	.	retired
PSG0071860	.	retired
PSG0071865	.	retired
PSG0071866	.	retired
PSG0071875	.	retired
PSG0071886	.	retired
PSG0071887	.	retired
PSG0071888	.	retired
PSG0071894	.	retired
PSG0071905	.	retired
PSG0071912	.	retired
PSG0071918	.	retired
PSG0071923	.	retired
PSG0071926	.	retired
PSG0071951	.	retired
PSG0071967	.	retired
PSG0071972	.	retired
PSG0071987	.	retired
PSG0072000	.	retired
PSG0072009	.	retired
PSG0072021	.	retired
PSG0072026	.	retired
PSG0072033	.	retired
PSG0072034	.	retired
PSG0072048	.	retired
PSG0072053	.	retired
PSG0072061	.	retired
PSG0072070	.	retired
PSG0072075	.	retired
PSG0072087	.	retired
PSG0072089	.	retired
PSG0072090	.	retired
PSG0072099	.	retired
PSG0072105	.	retired
PSG0072113	.	retired
PSG0072114	.	retired
PSG0072124	.	retired
PSG0072135	.	retired
PSG0072174	.	retired
PSG0072186	.	retired
PSG0072199	.	retired
PSG0072201	.	retired
PSG0072218	.	retired
PSG0072220	.	retired
PSG0072253	.	retired
PSG0072265	.	retired
PSG0072302	.	retired
PSG0072303	.	retired
PSG0072360	.	retired
PSG0072362	.	retired
PSG0072371	.	retired
PSG0072375	.	retired
PSG0072377	.	retired
PSG0072383	.	retired
PSG0072384	.	retired
PSG0072390	.	retired
PSG0072396	.	retired
PSG0072400	.	retired
PSG0072403	.	retired
PSG0072449	.	retired
PSG0072467	.	retired
PSG0072475	.	retired
PSG0072483	.	retired
PSG0072497	.	retired
PSG0072521	.	retired
PSG0072533	.	retired
PSG0072545	.	retired
PSG0072555	.	retired
PSG0072557	.	retired
PSG0072573	.	retired
PSG0072595	.	retired
PSG0072596	.	retired
PSG0072602	.	retired
PSG0072612	.	retired
PSG0072622	.	retired
PSG0072624	.	retired
PSG0072635	.	retired
PSG0072637	.	retired
PSG0072638	.	retired
PSG0072639	.	retired
PSG0072644	.	retired
PSG0072648	.	retired
PSG0072655	.	retired
PSG0072666	.	retired
PSG0072678	.	retired
PSG0072686	.	retired
PSG0072687	.	retired
PSG0072696	.	retired
PSG0072700	.	retired
PSG0072704	.	retired
PSG0072705	.	retired
PSG0072707	.	retired
PSG0072709	.	retired
PSG0072718	.	retired
PSG0072720	.	retired
PSG0072721	.	retired
PSG0072726	.	retired
PSG0072727	.	retired
PSG0072739	.	retired
PSG0072744	.	retired
PSG0072768	.	retired
PSG0072772	.	retired
PSG0072776	.	retired
PSG0072787	.	retired
PSG0072788	.	retired
PSG0072800	.	retired
PSG0072829	.	retired
PSG0072850	.	retired
PSG0072854	.	retired
PSG0072859	.	retired
PSG0072860	.	retired
PSG0072862	.	retired
PSG0072884	.	retired
PSG0072887	.	retired
PSG0072893	.	retired
PSG0072909	.	retired
PSG0072917	.	retired
PSG0072921	.	retired
PSG0072934	.	retired
PSG0072954	.	retired
PSG0072955	.	retired
PSG0072956	.	retired
PSG0072968	.	retired
PSG0072970	.	retired
PSG0073003	.	retired
PSG0073024	.	retired
PSG0073025	.	retired
PSG0073033	.	retired
PSG0073042	.	retired
PSG0073049	.	retired
PSG0073050	.	retired
PSG0073062	.	retired
PSG0073066	.	retired
PSG0073070	.	retired
PSG0073093	.	retired
PSG0073103	.	retired
PSG0073107	.	retired
PSG0073110	.	retired
PSG0073120	.	retired
PSG0073122	.	retired
PSG0073123	.	retired
PSG0073125	.	retired
PSG0073141	.	retired
PSG0073165	.	retired
PSG0073166	.	retired
PSG0073191	.	retired
PSG0073208	.	retired
PSG0073242	.	retired
PSG0073292	.	retired
PSG0073299	.	retired
PSG0073307	.	retired
PSG0073314	.	retired
PSG0073340	.	retired
PSG0073341	.	retired
PSG0073342	.	retired
PSG0073344	.	retired
PSG0073348	.	retired
PSG0073349	.	retired
PSG0073356	.	retired
PSG0073362	.	retired
PSG0073375	.	retired
PSG0073376	.	retired
PSG0073379	.	retired
PSG0073399	.	retired
PSG0073403	.	retired
PSG0073411	.	retired
PSG0073412	.	retired
PSG0073413	.	retired
PSG0073414	.	retired
PSG0073418	.	retired
PSG0073419	.	retired
PSG0073422	.	retired
PSG0073435	.	retired
PSG0073436	.	retired
PSG0073445	.	retired
PSG0073447	.	retired
PSG0073462	.	retired
PSG0073473	.	retired
PSG0073476	.	retired
PSG0073478	.	retired
PSG0073480	.	retired
PSG0073486	.	retired
PSG0073492	.	retired
PSG0073510	.	retired
PSG0073512	.	retired
PSG0073513	.	retired
PSG0073514	.	retired
PSG0073516	.	retired
PSG0073517	.	retired
PSG0073526	.	retired
PSG0073542	.	retired
PSG0073550	.	retired
PSG0073551	.	retired
PSG0073553	.	retired
PSG0073557	.	retired
PSG0073576	.	retired
PSG0073581	.	retired
PSG0073598	.	retired
PSG0073601	.	retired
PSG0073611	.	retired
PSG0073612	.	retired
PSG0073613	.	retired
PSG0073625	.	retired
PSG0073627	.	retired
PSG0073635	.	retired
PSG0073636	.	retired
PSG0073648	.	retired
PSG0073652	.	retired
PSG0073656	.	retired
PSG0073694	.	retired
PSG0073704	.	retired
PSG0073716	.	retired
PSG0073729	.	retired
PSG0073739	.	retired
PSG0073741	.	retired
PSG0073744	.	retired
PSG0073745	.	retired
PSG0073748	.	retired
PSG0073754	.	retired
PSG0073758	.	retired
PSG0073761	.	retired
PSG0073778	.	retired
PSG0073779	.	retired
PSG0073830	.	retired
PSG0073840	.	retired
PSG0073844	.	retired
PSG0073862	.	retired
PSG0073867	.	retired
PSG0073888	.	retired
PSG0073910	.	retired
PSG0073933	.	retired
PSG0073939	.	retired
PSG0073944	.	retired
PSG0073951	.	retired
PSG0073953	.	retired
PSG0073971	.	retired
PSG0073997	.	retired
PSG0073998	.	retired
PSG0074005	.	retired
PSG0074008	.	retired
PSG0074015	.	retired
PSG0074025	.	retired
PSG0074041	.	retired
PSG0074049	.	retired
PSG0074050	.	retired
PSG0074062	.	retired
PSG0074063	.	retired
PSG0074075	.	retired
PSG0074079	.	retired
PSG0074081	.	retired
PSG0074087	.	retired
PSG0074106	.	retired
PSG0074108	.	retired
PSG0074113	.	retired
PSG0074114	.	retired
PSG0074116	.	retired
PSG0074119	.	retired
PSG0074121	.	retired
PSG0074157	.	retired
PSG0074165	.	retired
PSG0074168	.	retired
PSG0074190	.	retired
PSG0074200	.	retired
PSG0074224	.	retired
PSG0074227	.	retired
PSG0074256	.	retired
PSG0074259	.	retired
PSG0074293	.	retired
PSG0074327	.	retired
PSG0074334	.	retired
PSG0074361	.	retired
PSG0074372	.	retired
PSG0074377	.	retired
PSG0074386	.	retired
PSG0074387	.	retired
PSG0074401	.	retired
PSG0074414	.	retired
PSG0074424	.	retired
PSG0074440	.	retired
PSG0074453	.	retired
PSG0074473	.	retired
PSG0074477	.	retired
PSG0074489	.	retired
PSG0074491	.	retired
PSG0074502	.	retired
PSG0074511	.	retired
PSG0074542	.	retired
PSG0074559	.	retired
PSG0074561	.	retired
PSG0074567	.	retired
PSG0074577	.	retired
PSG0074589	.	retired
PSG0074603	.	retired
PSG0074637	.	retired
PSG0074654	.	retired
PSG0074665	.	retired
PSG0074667	.	retired
PSG0074668	.	retired
PSG0074673	.	retired
PSG0074676	.	retired
PSG0074681	.	retired
PSG0074694	.	retired
PSG0074695	.	retired
PSG0074696	.	retired
PSG0074699	.	retired
PSG0074739	.	retired
PSG0074748	.	retired
PSG0074749	.	retired
PSG0074752	.	retired
PSG0074755	.	retired
PSG0074758	.	retired
PSG0074776	.	retired
PSG0074788	.	retired
PSG0074795	.	retired
PSG0074798	.	retired
PSG0074808	.	retired
PSG0074814	.	retired
PSG0074819	.	retired
PSG0074832	.	retired
PSG0074848	.	retired
PSG0074851	.	retired
PSG0074852	.	retired
PSG0074868	.	retired
PSG0074890	.	retired
PSG0074914	.	retired
PSG0074926	.	retired
PSG0074931	.	retired
PSG0074939	.	retired
PSG0074944	.	retired
PSG0074951	.	retired
PSG0074953	.	retired
PSG0074972	.	retired
PSG0074981	.	retired
PSG0074990	.	retired
PSG0074993	.	retired
PSG0075000	.	retired
PSG0075006	.	retired
PSG0075011	.	retired
PSG0075024	.	retired
PSG0075025	.	retired
PSG0075026	.	retired
PSG0075032	.	retired
PSG0075042	.	retired
PSG0075045	.	retired
PSG0075047	.	retired
PSG0075055	.	retired
PSG0075066	.	retired
PSG0075071	.	retired
PSG0075087	.	retired
PSG0075092	.	retired
PSG0075093	.	retired
PSG0075095	.	retired
PSG0075100	.	retired
PSG0075102	.	retired
PSG0075103	.	retired
PSG0075107	.	retired
PSG0075110	.	retired
PSG0075114	.	retired
PSG0075120	.	retired
PSG0075126	.	retired
PSG0075131	.	retired
PSG0075151	.	retired
PSG0075152	.	retired
PSG0075157	.	retired
PSG0075161	.	retired
PSG0075168	.	retired
PSG0075169	.	retired
PSG0075179	.	retired
PSG0075194	.	retired
PSG0075197	.	retired
PSG0075213	.	retired
PSG0075214	.	retired
PSG0075232	.	retired
PSG0075264	.	retired
PSG0075282	.	retired
PSG0075286	.	retired
PSG0075288	.	retired
PSG0075292	.	retired
PSG0075303	.	retired
PSG0075306	.	retired
PSG0075314	.	retired
PSG0075321	.	retired
PSG0075331	.	retired
PSG0075336	.	retired
PSG0075337	.	retired
PSG0075343	.	retired
PSG0075350	.	retired
PSG0075360	.	retired
PSG0075361	.	retired
PSG0075365	.	retired
PSG0075374	.	retired
PSG0075391	.	retired
PSG0075404	.	retired
PSG0075405	.	retired
PSG0075416	.	retired
PSG0075420	.	retired
PSG0075424	.	retired
PSG0075430	.	retired
PSG0075431	.	retired
PSG0075441	.	retired
PSG0075457	.	retired
PSG0075458	.	retired
PSG0075464	.	retired
PSG0075525	.	retired
PSG0075526	.	retired
PSG0075528	.	retired
PSG0075531	.	retired
PSG0075539	.	retired
PSG0075541	.	retired
PSG0075542	.	retired
PSG0075562	.	retired
PSG0075567	.	retired
PSG0075568	.	retired
PSG0075571	.	retired
PSG0075573	.	retired
PSG0075575	.	retired
PSG0075603	.	retired
PSG0075613	.	retired
PSG0075623	.	retired
PSG0075628	.	retired
PSG0075629	.	retired
PSG0075630	.	retired
PSG0075631	.	retired
PSG0075636	.	retired
PSG0075637	.	retired
PSG0075655	.	retired
PSG0075669	.	retired
PSG0075672	.	retired
PSG0075683	.	retired
PSG0075690	.	retired
PSG0075699	.	retired
PSG0075702	.	retired
PSG0075707	.	retired
PSG0075714	.	retired
PSG0075724	.	retired
PSG0075726	.	retired
PSG0075730	.	retired
PSG0075731	.	retired
PSG0075747	.	retired
PSG0075753	.	retired
PSG0075760	.	retired
PSG0075773	.	retired
PSG0075783	.	retired
PSG0075786	.	retired
PSG0075792	.	retired
PSG0075803	.	retired
PSG0075810	.	retired
PSG0075816	.	retired
PSG0075833	.	retired
PSG0075836	.	retired
PSG0075847	.	retired
PSG0075851	.	retired
PSG0075852	.	retired
PSG0075855	.	retired
PSG0075858	.	retired
PSG0075882	.	retired
PSG0075894	.	retired
PSG0075905	.	retired
PSG0075918	.	retired
PSG0075933	.	retired
PSG0075947	.	retired
PSG0075950	.	retired
PSG0075951	.	retired
PSG0075954	.	retired
PSG0075966	.	retired
PSG0075968	.	retired
PSG0075969	.	retired
PSG0075977	.	retired
PSG0075988	.	retired
PSG0075989	.	retired
PSG0075993	.	retired
PSG0075998	.	retired
PSG0075999	.	retired
PSG0076011	.	retired
PSG0076024	.	retired
PSG0076030	.	retired
PSG0076041	.	retired
PSG0076058	.	retired
PSG0076062	.	retired
PSG0076070	.	retired
PSG0076074	.	retired
PSG0076075	.	retired
PSG0076077	.	retired
PSG0076085	.	retired
PSG0076087	.	retired
PSG0076097	.	retired
PSG0076103	.	retired
PSG0076117	.	retired
PSG0076123	.	retired
PSG0076126	.	retired
PSG0076186	.	retired
PSG0076192	.	retired
PSG0076205	.	retired
PSG0076238	.	retired
PSG0076241	.	retired
PSG0076275	.	retired
PSG0076281	.	retired
PSG0076318	.	retired
PSG0076319	.	retired
PSG0076345	.	retired
PSG0076348	.	retired
PSG0076360	.	retired
PSG0076385	.	retired
PSG0076389	.	retired
PSG0076433	.	retired
PSG0076437	.	retired
PSG0076464	.	retired
PSG0076465	.	retired
PSG0076469	.	retired
PSG0076486	.	retired
PSG0076503	.	retired
PSG0076506	.	retired
PSG0076522	.	retired
PSG0076540	.	retired
PSG0076545	.	retired
PSG0076551	.	retired
PSG0076559	.	retired
PSG0076576	.	retired
PSG0076610	.	retired
PSG0076611	.	retired
PSG0076622	.	retired
PSG0076647	.	retired
PSG0076649	.	retired
PSG0076658	.	retired
PSG0076673	.	retired
PSG0076694	.	retired
PSG0076701	.	retired
PSG0076711	.	retired
PSG0076725	.	retired
PSG0076749	.	retired
PSG0076750	.	retired
PSG0076751	.	retired
PSG0076811	.	retired
PSG0076812	.	retired
PSG0076841	.	retired
PSG0076845	.	retired
PSG0076849	.	retired
PSG0076852	.	retired
PSG0076865	.	retired
PSG0076873	.	retired
PSG0076876	.	retired
PSG0076898	.	retired
PSG0076912	.	retired
PSG0076914	.	retired
PSG0076925	.	retired
PSG0076927	.	retired
PSG0076935	.	retired
PSG0076965	.	retired
PSG0076989	.	retired
PSG0076994	.	retired
PSG0076995	.	retired
PSG0076996	.	retired
PSG0077005	.	retired
PSG0077009	.	retired
PSG0077016	.	retired
PSG0077026	.	retired
PSG0077030	.	retired
PSG0077034	.	retired
PSG0077035	.	retired
PSG0077051	.	retired
PSG0077085	.	retired
PSG0077093	.	retired
PSG0077097	.	retired
PSG0077102	.	retired
PSG0077103	.	retired
PSG0077107	.	retired
PSG0077124	.	retired
PSG0077132	.	retired
PSG0077140	.	retired
PSG0077165	.	retired
PSG0077171	.	retired
PSG0077206	.	retired
PSG0077211	.	retired
PSG0077215	.	retired
PSG0077228	.	retired
PSG0077229	.	retired
PSG0077264	.	retired
PSG0077267	.	retired
PSG0077275	.	retired
PSG0077283	.	retired
PSG0077308	.	retired
PSG0077310	.	retired
PSG0077311	.	retired
PSG0077321	.	retired
PSG0077323	.	retired
PSG0077325	.	retired
PSG0077329	.	retired
PSG0077332	.	retired
PSG0077347	.	retired
PSG0077359	.	retired
PSG0077368	.	retired
PSG0077372	.	retired
PSG0077384	.	retired
PSG0077386	.	retired
PSG0077392	.	retired
PSG0077396	.	retired
PSG0077400	.	retired
PSG0077420	.	retired
PSG0077430	.	retired
PSG0077431	.	retired
PSG0077433	.	retired
PSG0077438	.	retired
PSG0077454	.	retired
PSG0077464	.	retired
PSG0077471	.	retired
PSG0077478	.	retired
PSG0077485	.	retired
PSG0077493	.	retired
PSG0077494	.	retired
PSG0077495	.	retired
PSG0077502	.	retired
PSG0077503	.	retired
PSG0077526	.	retired
PSG0077527	.	retired
PSG0077528	.	retired
PSG0077532	.	retired
PSG0077533	.	retired
PSG0077548	.	retired
PSG0077551	.	retired
PSG0077577	.	retired
PSG0077597	.	retired
PSG0077609	.	retired
PSG0077623	.	retired
PSG0077625	.	retired
PSG0077632	.	retired
PSG0077639	.	retired
PSG0077649	.	retired
PSG0077652	.	retired
PSG0077654	.	retired
PSG0077655	.	retired
PSG0077668	.	retired
PSG0077677	.	retired
PSG0077711	.	retired
PSG0077730	.	retired
PSG0077737	.	retired
PSG0077741	.	retired
PSG0077745	.	retired
PSG0077759	.	retired
PSG0077760	.	retired
PSG0077777	.	retired
PSG0077791	.	retired
PSG0077808	.	retired
PSG0077836	.	retired
PSG0077854	.	retired
PSG0077855	.	retired
PSG0077892	.	retired
PSG0077910	.	retired
PSG0077916	.	retired
PSG0077928	.	retired
PSG0077934	.	retired
PSG0077947	.	retired
PSG0077960	.	retired
PSG0077962	.	retired
PSG0077978	.	retired
PSG0077985	.	retired
PSG0078005	.	retired
PSG0078008	.	retired
PSG0078021	.	retired
PSG0078037	.	retired
PSG0078045	.	retired
PSG0078047	.	retired
PSG0078066	.	retired
PSG0078087	.	retired
PSG0078093	.	retired
PSG0078101	.	retired
PSG0078109	.	retired
PSG0078114	.	retired
PSG0078118	.	retired
PSG0078132	.	retired
PSG0078142	.	retired
PSG0078146	.	retired
PSG0078147	.	retired
PSG0078149	.	retired
PSG0078152	.	retired
PSG0078168	.	retired
PSG0078216	.	retired
PSG0078223	.	retired
PSG0078245	.	retired
PSG0078246	.	retired
PSG0078251	.	retired
PSG0078254	.	retired
PSG0078278	.	retired
PSG0078283	.	retired
PSG0078291	.	retired
PSG0078303	.	retired
PSG0078330	.	retired
PSG0078332	.	retired
PSG0078334	.	retired
PSG0078347	.	retired
PSG0078356	.	retired
PSG0078368	.	retired
PSG0078427	.	retired
PSG0078448	.	retired
PSG0078451	.	retired
PSG0078466	.	retired
PSG0078474	.	retired
PSG0078476	.	retired
PSG0078478	.	retired
PSG0078489	.	retired
PSG0078496	.	retired
PSG0078498	.	retired
PSG0078500	.	retired
PSG0078504	.	retired
PSG0078507	.	retired
PSG0078514	.	retired
PSG0078517	.	retired
PSG0078524	.	retired
PSG0078546	.	retired
PSG0078549	.	retired
PSG0078558	.	retired
PSG0078559	.	retired
PSG0078561	.	retired
PSG0078565	.	retired
PSG0078577	.	retired
PSG0078582	.	retired
PSG0078596	.	retired
PSG0078600	.	retired
PSG0078602	.	retired
PSG0078610	.	retired
PSG0078615	.	retired
PSG0078630	.	retired
PSG0078636	.	retired
PSG0078639	.	retired
PSG0078644	.	retired
PSG0078653	.	retired
PSG0078654	.	retired
PSG0078671	.	retired
PSG0078675	.	retired
PSG0078679	.	retired
PSG0078683	.	retired
PSG0078689	.	retired
PSG0078699	.	retired
PSG0078700	.	retired
PSG0078703	.	retired
PSG0078741	.	retired
PSG0078747	.	retired
PSG0078749	.	retired
PSG0078762	.	retired
PSG0078767	.	retired
PSG0078768	.	retired
PSG0078770	.	retired
PSG0078775	.	retired
PSG0078789	.	retired
PSG0078811	.	retired
PSG0078822	.	retired
PSG0078826	.	retired
PSG0078834	.	retired
PSG0078839	.	retired
PSG0078842	.	retired
PSG0078844	.	retired
PSG0078859	.	retired
PSG0078860	.	retired
PSG0078865	.	retired
PSG0078905	.	retired
PSG0078911	.	retired
PSG0078912	.	retired
PSG0078915	.	retired
PSG0078923	.	retired
PSG0078992	.	retired
PSG0079008	.	retired
PSG0079020	.	retired
PSG0079032	.	retired
PSG0079042	.	retired
PSG0079044	.	retired
PSG0079064	.	retired
PSG0079073	.	retired
PSG0079078	.	retired
PSG0079079	.	retired
PSG0079121	.	retired
PSG0079123	.	retired
PSG0079128	.	retired
PSG0079130	.	retired
PSG0079132	.	retired
PSG0079136	.	retired
PSG0079137	.	retired
PSG0079139	.	retired
PSG0079172	.	retired
PSG0079235	.	retired
PSG0079239	.	retired
PSG0079244	.	retired
PSG0079245	.	retired
PSG0079251	.	retired
PSG0079257	.	retired
PSG0079261	.	retired
PSG0079265	.	retired
PSG0079274	.	retired
PSG0079283	.	retired
PSG0079318	.	retired
PSG0079323	.	retired
PSG0079335	.	retired
PSG0079339	.	retired
PSG0079342	.	retired
PSG0079347	.	retired
PSG0079352	.	retired
PSG0079367	.	retired
PSG0079368	.	retired
PSG0079372	.	retired
PSG0079398	.	retired
PSG0079404	.	retired
PSG0079411	.	retired
PSG0079415	.	retired
PSG0079418	.	retired
PSG0079419	.	retired
PSG0079421	.	retired
PSG0079425	.	retired
PSG0079427	.	retired
PSG0079439	.	retired
PSG0079442	.	retired
PSG0079464	.	retired
PSG0079498	.	retired
PSG0079508	.	retired
PSG0079521	.	retired
PSG0079535	.	retired
PSG0079536	.	retired
PSG0079542	.	retired
PSG0079546	.	retired
PSG0079550	.	retired
PSG0079559	.	retired
PSG0079561	.	retired
PSG0079576	.	retired
PSG0079588	.	retired
PSG0079609	.	retired
PSG0079611	.	retired
PSG0079619	.	retired
PSG0079635	.	retired
PSG0079679	.	retired
PSG0079681	.	retired
PSG0079682	.	retired
PSG0079692	.	retired
PSG0079705	.	retired
PSG0079707	.	retired
PSG0079709	.	retired
PSG0079712	.	retired
PSG0079714	.	retired
PSG0079735	.	retired
PSG0079736	.	retired
PSG0079737	.	retired
PSG0079740	.	retired
PSG0079742	.	retired
PSG0079760	.	retired
PSG0079773	.	retired
PSG0079774	.	retired
PSG0079776	.	retired
PSG0079810	.	retired
PSG0079835	.	retired
PSG0079839	.	retired
PSG0079850	.	retired
PSG0079858	.	retired
PSG0079870	.	retired
PSG0079886	.	retired
PSG0079887	.	retired
PSG0079889	.	retired
PSG0079909	.	retired
PSG0079915	.	retired
PSG0079919	.	retired
PSG0079954	.	retired
PSG0079961	.	retired
PSG0079962	.	retired
PSG0079967	.	retired
PSG0079969	.	retired
PSG0079973	.	retired
PSG0079982	.	retired
PSG0079994	.	retired
PSG0079995	.	retired
PSG0080020	.	retired
PSG0080027	.	retired
PSG0080029	.	retired
PSG0080036	.	retired
PSG0080063	.	retired
PSG0080069	.	retired
PSG0080071	.	retired
PSG0080088	.	retired
PSG0080089	.	retired
PSG0080092	.	retired
PSG0080108	.	retired
PSG0080123	.	retired
PSG0080137	.	retired
PSG0080140	.	retired
PSG0080148	.	retired
PSG0080151	.	retired
PSG0080159	.	retired
PSG0080162	.	retired
PSG0080173	.	retired
PSG0080177	.	retired
PSG0080208	.	retired
PSG0080211	.	retired
PSG0080218	.	retired
PSG0080251	.	retired
PSG0080287	.	retired
PSG0080295	.	retired
PSG0080307	.	retired
PSG0080313	.	retired
PSG0080327	.	retired
PSG0080335	.	retired
PSG0080356	.	retired
PSG0080358	.	retired
PSG0080362	.	retired
PSG0080368	.	retired
PSG0080381	.	retired
PSG0080390	.	retired
PSG0080392	.	retired
PSG0080410	.	retired
PSG0080412	.	retired
PSG0080418	.	retired
PSG0080452	.	retired
PSG0080457	.	retired
PSG0080458	.	retired
PSG0080459	.	retired
PSG0080461	.	retired
PSG0080476	.	retired
PSG0080512	.	retired
PSG0080519	.	retired
PSG0080552	.	retired
PSG0080577	.	retired
PSG0080583	.	retired
PSG0080589	.	retired
PSG0080596	.	retired
PSG0080630	.	retired
PSG0080635	.	retired
PSG0080650	.	retired
PSG0080655	.	retired
PSG0080657	.	retired
PSG0080680	.	retired
PSG0080689	.	retired
PSG0080704	.	retired
PSG0080706	.	retired
PSG0080712	.	retired
PSG0080716	.	retired
PSG0080718	.	retired
PSG0080720	.	retired
PSG0080722	.	retired
PSG0080736	.	retired
PSG0080738	.	retired
PSG0080810	.	retired
PSG0080827	.	retired
PSG0080836	.	retired
PSG0080859	.	retired
PSG0080862	.	retired
PSG0080883	.	retired
PSG0080886	.	retired
PSG0080887	.	retired
PSG0080892	.	retired
PSG0080895	.	retired
PSG0080897	.	retired
PSG0080901	.	retired
PSG0080906	.	retired
PSG0080907	.	retired
PSG0080910	.	retired
PSG0080912	.	retired
PSG0080914	.	retired
PSG0080937	.	retired
PSG0080948	.	retired
PSG0080950	.	retired
PSG0080951	.	retired
PSG0080980	.	retired
PSG0080995	.	retired
PSG0081000	.	retired
PSG0081020	.	retired
PSG0081041	.	retired
PSG0081090	.	retired
PSG0081091	.	retired
PSG0081124	.	retired
PSG0081133	.	retired
PSG0081147	.	retired
PSG0081159	.	retired
PSG0081203	.	retired
PSG0081204	.	retired
PSG0081212	.	retired
PSG0081218	.	retired
PSG0081220	.	retired
PSG0081225	.	retired
PSG0081236	.	retired
PSG0081242	.	retired
PSG0081253	.	retired
PSG0081255	.	retired
PSG0081279	.	retired
PSG0081289	.	retired
PSG0081301	.	retired
PSG0081309	.	retired
PSG0081374	.	retired
PSG0081382	.	retired
PSG0081387	.	retired
PSG0081400	.	retired
PSG0081403	.	retired
PSG0081404	.	retired
PSG0081405	.	retired
PSG0081407	.	retired
PSG0081408	.	retired
PSG0081442	.	retired
PSG0081456	.	retired
PSG0081460	.	retired
PSG0081462	.	retired
PSG0081504	.	retired
PSG0081528	.	retired
PSG0081534	.	retired
PSG0081536	.	retired
PSG0081537	.	retired
PSG0081541	.	retired
PSG0081546	.	retired
PSG0081551	.	retired
PSG0081552	.	retired
PSG0081572	.	retired
PSG0081574	.	retired
PSG0081591	.	retired
PSG0081592	.	retired
PSG0081603	.	retired
PSG0081604	.	retired
PSG0081605	.	retired
PSG0081611	.	retired
PSG0081628	.	retired
PSG0081634	.	retired
PSG0081654	.	retired
PSG0081657	.	retired
PSG0081662	.	retired
PSG0081673	.	retired
PSG0081675	.	retired
PSG0081689	.	retired
PSG0081693	.	retired
PSG0081713	.	retired
PSG0081715	.	retired
PSG0081718	.	retired
PSG0081722	.	retired
PSG0081733	.	retired
PSG0081745	.	retired
PSG0081746	.	retired
PSG0081768	.	retired
PSG0081783	.	retired
PSG0081797	.	retired
PSG0081808	.	retired
PSG0081815	.	retired
PSG0081816	.	retired
PSG0081817	.	retired
PSG0081831	.	retired
PSG0081849	.	retired
PSG0081853	.	retired
PSG0081873	.	retired
PSG0081878	.	retired
PSG0081884	.	retired
PSG0081889	.	retired
PSG0081891	.	retired
PSG0081896	.	retired
PSG0081918	.	retired
PSG0081924	.	retired
PSG0081927	.	retired
PSG0081929	.	retired
PSG0081934	.	retired
PSG0081945	.	retired
PSG0081949	.	retired
PSG0081954	.	retired
PSG0081955	.	retired
PSG0081961	.	retired
PSG0081976	.	retired
PSG0081984	.	retired
PSG0081990	.	retired
PSG0082013	.	retired
PSG0082021	.	retired
PSG0082033	.	retired
PSG0082043	.	retired
PSG0082048	.	retired
PSG0082049	.	retired
PSG0082059	.	retired
PSG0082065	.	retired
PSG0082066	.	retired
PSG0082069	.	retired
PSG0082073	.	retired
PSG0082085	.	retired
PSG0082090	.	retired
PSG0082099	.	retired
PSG0082111	.	retired
PSG0082127	.	retired
PSG0082133	.	retired
PSG0082140	.	retired
PSG0082142	.	retired
PSG0082152	.	retired
PSG0082158	.	retired
PSG0082159	.	retired
PSG0082164	.	retired
PSG0082168	.	retired
PSG0082179	.	retired
PSG0082199	.	retired
PSG0082200	.	retired
PSG0082202	.	retired
PSG0082210	.	retired
PSG0082226	.	retired
PSG0082230	.	retired
PSG0082237	.	retired
PSG0082255	.	retired
PSG0082257	.	retired
PSG0082265	.	retired
PSG0082267	.	retired
PSG0082272	.	retired
PSG0082274	.	retired
PSG0082281	.	retired
PSG0082292	.	retired
PSG0082300	.	retired
PSG0082304	.	retired
PSG0082310	.	retired
PSG0082350	.	retired
PSG0082357	.	retired
PSG0082358	.	retired
PSG0082359	.	retired
PSG0082365	.	retired
PSG0082366	.	retired
PSG0082371	.	retired
PSG0082375	.	retired
PSG0082380	.	retired
PSG0082401	.	retired
PSG0082406	.	retired
PSG0082423	.	retired
PSG0082426	.	retired
PSG0082438	.	retired
PSG0082448	.	retired
PSG0082451	.	retired
PSG0082456	.	retired
PSG0082477	.	retired
PSG0082503	.	retired
PSG0082510	.	retired
PSG0082511	.	retired
PSG0082524	.	retired
PSG0082525	.	retired
PSG0082536	.	retired
PSG0082540	.	retired
PSG0082546	.	retired
PSG0082556	.	retired
PSG0082592	.	retired
PSG0082603	.	retired
PSG0082605	.	retired
PSG0082633	.	retired
PSG0082638	.	retired
PSG0082640	.	retired
PSG0082655	.	retired
PSG0082657	.	retired
PSG0082678	.	retired
PSG0082681	.	retired
PSG0082698	.	retired
PSG0082720	.	retired
PSG0082732	.	retired
PSG0082746	.	retired
PSG0082762	.	retired
PSG0082776	.	retired
PSG0082793	.	retired
PSG0082819	.	retired
PSG0082829	.	retired
PSG0082868	.	retired
PSG0082886	.	retired
PSG0082931	.	retired
PSG0082953	.	retired
PSG0082990	.	retired
PSG0082991	.	retired
PSG0082992	.	retired
PSG0082996	.	retired
PSG0082997	.	retired
PSG0082999	.	retired
PSG0083000	.	retired
PSG0083012	.	retired
PSG0083013	.	retired
PSG0083014	.	retired
PSG0083015	.	retired
PSG0083020	.	retired
PSG0083038	.	retired
PSG0083041	.	retired
PSG0083052	.	retired
PSG0083058	.	retired
PSG0083061	.	retired
PSG0083066	.	retired
PSG0083091	.	retired
PSG0083098	.	retired
PSG0083116	.	retired
PSG0083143	.	retired
PSG0083148	.	retired
PSG0083158	.	retired
PSG0083160	.	retired
PSG0083175	.	retired
PSG0083193	.	retired
PSG0083219	.	retired
PSG0083228	.	retired
PSG0083230	.	retired
PSG0083232	.	retired
PSG0083236	.	retired
PSG0083241	.	retired
PSG0083251	.	retired
PSG0083254	.	retired
PSG0083276	.	retired
PSG0083277	.	retired
PSG0083293	.	retired
PSG0083294	.	retired
PSG0083295	.	retired
PSG0083309	.	retired
PSG0083322	.	retired
PSG0083323	.	retired
PSG0083328	.	retired
PSG0083331	.	retired
PSG0083339	.	retired
PSG0083351	.	retired
PSG0083368	.	retired
PSG0083378	.	retired
PSG0083402	.	retired
PSG0083422	.	retired
PSG0083425	.	retired
PSG0083426	.	retired
PSG0083427	.	retired
PSG0083437	.	retired
PSG0083449	.	retired
PSG0083459	.	retired
PSG0083470	.	retired
PSG0083492	.	retired
PSG0083493	.	retired
PSG0083494	.	retired
PSG0083517	.	retired
PSG0083521	.	retired
PSG0083532	.	retired
PSG0083535	.	retired
PSG0083538	.	retired
PSG0083553	.	retired
PSG0083559	.	retired
PSG0083567	.	retired
PSG0083570	.	retired
PSG0083574	.	retired
PSG0083584	.	retired
PSG0083594	.	retired
PSG0083603	.	retired
PSG0083622	.	retired
PSG0083639	.	retired
PSG0083641	.	retired
PSG0083642	.	retired
PSG0083644	.	retired
PSG0083646	.	retired
PSG0083648	.	retired
PSG0083670	.	retired
PSG0083672	.	retired
PSG0083720	.	retired
PSG0083728	.	retired
PSG0083742	.	retired
PSG0083744	.	retired
PSG0083790	.	retired
PSG0083839	.	retired
PSG0083849	.	retired
PSG0083858	.	retired
PSG0083862	.	retired
PSG0083863	.	retired
PSG0083866	.	retired
PSG0083872	.	retired
PSG0083873	.	retired
PSG0083883	.	retired
PSG0083887	.	retired
PSG0083903	.	retired
PSG0083919	.	retired
PSG0083920	.	retired
PSG0083947	.	retired
PSG0083958	.	retired
PSG0083978	.	retired
PSG0083982	.	retired
PSG0084001	.	retired
PSG0084017	.	retired
PSG0084035	.	retired
PSG0084050	.	retired
PSG0084068	.	retired
PSG0084076	.	retired
PSG0084085	.	retired
PSG0084089	.	retired
PSG0084100	.	retired
PSG0084104	.	retired
PSG0084105	.	retired
PSG0084112	.	retired
PSG0084113	.	retired
PSG0084117	.	retired
PSG0084118	.	retired
PSG0084129	.	retired
PSG0084133	.	retired
PSG0084142	.	retired
PSG0084144	.	retired
PSG0084153	.	retired
PSG0084156	.	retired
PSG0084157	.	retired
PSG0084162	.	retired
PSG0084168	.	retired
PSG0084205	.	retired
PSG0084206	.	retired
PSG0084237	.	retired
PSG0084243	.	retired
PSG0084261	.	retired
PSG0084264	.	retired
PSG0084267	.	retired
PSG0084278	.	retired
PSG0084283	.	retired
PSG0084297	.	retired
PSG0084315	.	retired
PSG0084331	.	retired
PSG0084334	.	retired
PSG0084350	.	retired
PSG0084355	.	retired
PSG0084359	.	retired
PSG0084376	.	retired
PSG0084385	.	retired
PSG0084389	.	retired
PSG0084392	.	retired
PSG0084398	.	retired
PSG0084400	.	retired
PSG0084407	.	retired
PSG0084419	.	retired
PSG0084420	.	retired
PSG0084421	.	retired
PSG0084422	.	retired
PSG0084425	.	retired
PSG0084434	.	retired
PSG0084444	.	retired
PSG0084474	.	retired
PSG0084476	.	retired
PSG0084478	.	retired
PSG0084480	.	retired
PSG0084505	.	retired
PSG0084529	.	retired
PSG0084533	.	retired
PSG0084535	.	retired
PSG0084550	.	retired
PSG0084553	.	retired
PSG0084559	.	retired
PSG0084564	.	retired
PSG0084571	.	retired
PSG0084614	.	retired
PSG0084621	.	retired
PSG0084649	.	retired
PSG0084654	.	retired
PSG0084661	.	retired
PSG0084679	.	retired
PSG0084684	.	retired
PSG0084688	.	retired
PSG0084724	.	retired
PSG0084765	.	retired
PSG0084772	.	retired
PSG0084773	.	retired
PSG0084776	.	retired
PSG0084795	.	retired
PSG0084854	.	retired
PSG0084868	.	retired
PSG0084874	.	retired
PSG0084877	.	retired
PSG0084899	.	retired
PSG0084915	.	retired
PSG0084917	.	retired
PSG0084919	.	retired
PSG0084920	.	retired
PSG0084921	.	retired
PSG0084923	.	retired
PSG0084952	.	retired
PSG0084956	.	retired
PSG0084985	.	retired
PSG0084990	.	retired
PSG0084993	.	retired
PSG0084998	.	retired
PSG0085026	.	retired
PSG0085027	.	retired
PSG0085054	.	retired
PSG0085056	.	retired
PSG0085057	.	retired
PSG0085083	.	retired
PSG0085105	.	retired
PSG0085112	.	retired
PSG0085126	.	retired
PSG0085132	.	retired
PSG0085153	.	retired
PSG0085162	.	retired
PSG0085168	.	retired
PSG0085171	.	retired
PSG0085205	.	retired
PSG0085231	.	retired
PSG0085234	.	retired
PSG0085235	.	retired
PSG0085247	.	retired
PSG0085248	.	retired
PSG0085251	.	retired
PSG0085282	.	retired
PSG0085295	.	retired
PSG0085299	.	retired
PSG0085301	.	retired
PSG0085309	.	retired
PSG0085327	.	retired
PSG0085329	.	retired
PSG0085337	.	retired
PSG0085344	.	retired
PSG0085350	.	retired
PSG0085367	.	retired
PSG0085371	.	retired
PSG0085378	.	retired
PSG0085398	.	retired
PSG0085406	.	retired
PSG0085407	.	retired
PSG0085423	.	retired
PSG0085438	.	retired
PSG0085453	.	retired
PSG0085454	.	retired
PSG0085497	.	retired
PSG0085500	.	retired
PSG0085505	.	retired
PSG0085521	.	retired
PSG0085536	.	retired
PSG0085551	.	retired
PSG0085553	.	retired
PSG0085589	.	retired
PSG0085594	.	retired
PSG0085605	.	retired
PSG0085606	.	retired
PSG0085609	.	retired
PSG0085617	.	retired
PSG0085623	.	retired
PSG0085630	.	retired
PSG0085652	.	retired
PSG0085655	.	retired
PSG0085666	.	retired
PSG0085680	.	retired
PSG0085704	.	retired
PSG0085709	.	retired
PSG0085710	.	retired
PSG0085717	.	retired
PSG0085728	.	retired
PSG0085749	.	retired
PSG0085756	.	retired
PSG0085770	.	retired
PSG0085773	.	retired
PSG0085778	.	retired
PSG0085801	.	retired
PSG0085827	.	retired
PSG0085837	.	retired
PSG0085849	.	retired
PSG0085850	.	retired
PSG0085857	.	retired
PSG0085860	.	retired
PSG0085868	.	retired
PSG0085893	.	retired
PSG0085899	.	retired
PSG0085904	.	retired
PSG0085905	.	retired
PSG0085909	.	retired
PSG0085918	.	retired
PSG0085919	.	retired
PSG0085921	.	retired
PSG0085923	.	retired
PSG0085947	.	retired
PSG0085965	.	retired
PSG0086004	.	retired
PSG0086006	.	retired
PSG0086019	.	retired
PSG0086025	.	retired
PSG0086026	.	retired
PSG0086033	.	retired
PSG0086042	.	retired
PSG0086044	.	retired
PSG0086068	.	retired
PSG0086082	.	retired
PSG0086099	.	retired
PSG0086102	.	retired
PSG0086115	.	retired
PSG0086117	.	retired
PSG0086120	.	retired
PSG0086123	.	retired
PSG0086126	.	retired
PSG0086127	.	retired
PSG0086129	.	retired
PSG0086130	.	retired
PSG0086137	.	retired
PSG0086142	.	retired
PSG0086165	.	retired
PSG0086173	.	retired
PSG0086194	.	retired
PSG0086201	.	retired
PSG0086214	.	retired
PSG0086229	.	retired
PSG0086230	.	retired
PSG0086231	.	retired
PSG0086277	.	retired
PSG0086292	.	retired
PSG0086294	.	retired
PSG0086297	.	retired
PSG0086315	.	retired
PSG0086325	.	retired
PSG0086365	.	retired
PSG0086370	.	retired
PSG0086375	.	retired
PSG0086399	.	retired
PSG0086402	.	retired
PSG0086422	.	retired
PSG0086432	.	retired
PSG0086435	.	retired
PSG0086440	.	retired
PSG0086442	.	retired
PSG0086448	.	retired
PSG0086453	.	retired
PSG0086463	.	retired
PSG0086477	.	retired
PSG0086500	.	retired
PSG0086503	.	retired
PSG0086532	.	retired
PSG0086559	.	retired
PSG0086562	.	retired
PSG0086566	.	retired
PSG0086585	.	retired
PSG0086591	.	retired
PSG0086593	.	retired
PSG0086594	.	retired
PSG0086605	.	retired
PSG0086611	.	retired
PSG0086628	.	retired
PSG0086643	.	retired
PSG0086651	.	retired
PSG0086653	.	retired
PSG0086666	.	retired
PSG0086704	.	retired
PSG0086716	.	retired
PSG0086724	.	retired
PSG0086732	.	retired
PSG0086737	.	retired
PSG0086741	.	retired
PSG0086788	.	retired
PSG0086798	.	retired
PSG0086802	.	retired
PSG0086813	.	retired
PSG0086826	.	retired
PSG0086832	.	retired
PSG0086838	.	retired
PSG0086841	.	retired
PSG0086868	.	retired
PSG0086876	.	retired
PSG0086877	.	retired
PSG0086887	.	retired
PSG0086893	.	retired
PSG0086895	.	retired
PSG0086900	.	retired
PSG0086911	.	retired
PSG0086934	.	retired
PSG0086939	.	retired
PSG0086948	.	retired
PSG0086954	.	retired
PSG0086973	.	retired
PSG0086978	.	retired
PSG0086990	.	retired
PSG0086998	.	retired
PSG0087001	.	retired
PSG0087034	.	retired
PSG0087049	.	retired
PSG0087058	.	retired
PSG0087065	.	retired
PSG0087066	.	retired
PSG0087069	.	retired
PSG0087086	.	retired
PSG0087087	.	retired
PSG0087110	.	retired
PSG0087114	.	retired
PSG0087121	.	retired
PSG0087122	.	retired
PSG0087130	.	retired
PSG0087134	.	retired
PSG0087139	.	retired
PSG0087146	.	retired
PSG0087153	.	retired
PSG0087161	.	retired
PSG0087164	.	retired
PSG0087167	.	retired
PSG0087168	.	retired
PSG0087239	.	retired
PSG0087241	.	retired
PSG0087260	.	retired
PSG0087263	.	retired
PSG0087287	.	retired
PSG0087288	.	retired
PSG0087295	.	retired
PSG0087303	.	retired
PSG0087317	.	retired
PSG0087320	.	retired
PSG0087324	.	retired
PSG0087333	.	retired
PSG0087334	.	retired
PSG0087341	.	retired
PSG0087344	.	retired
PSG0087352	.	retired
PSG0087360	.	retired
PSG0087362	.	retired
PSG0087366	.	retired
PSG0087381	.	retired
PSG0087469	.	retired
PSG0087472	.	retired
PSG0087481	.	retired
PSG0087483	.	retired
PSG0087484	.	retired
PSG0087490	.	retired
PSG0087511	.	retired
PSG0087514	.	retired
PSG0087518	.	retired
PSG0087522	.	retired
PSG0087523	.	retired
PSG0087524	.	retired
PSG0087527	.	retired
PSG0087585	.	retired
PSG0087597	.	retired
PSG0087616	.	retired
PSG0087617	.	retired
PSG0087621	.	retired
PSG0087642	.	retired
PSG0087651	.	retired
PSG0087655	.	retired
PSG0087659	.	retired
PSG0087663	.	retired
PSG0087673	.	retired
PSG0087676	.	retired
PSG0087678	.	retired
PSG0087686	.	retired
PSG0087687	.	retired
PSG0087689	.	retired
PSG0087701	.	retired
PSG0087703	.	retired
PSG0087718	.	retired
PSG0087719	.	retired
PSG0087723	.	retired
PSG0087732	.	retired
PSG0087747	.	retired
PSG0087755	.	retired
PSG0087767	.	retired
PSG0087789	.	retired
PSG0087791	.	retired
PSG0087797	.	retired
PSG0087804	.	retired
PSG0087812	.	retired
PSG0087817	.	retired
PSG0087830	.	retired
PSG0087846	.	retired
PSG0087858	.	retired
PSG0087864	.	retired
PSG0087870	.	retired
PSG0087874	.	retired
PSG0087897	.	retired
PSG0087898	.	retired
PSG0087901	.	retired
PSG0087910	.	retired
PSG0087911	.	retired
PSG0087931	.	retired
PSG0087932	.	retired
PSG0087936	.	retired
PSG0087948	.	retired
PSG0087952	.	retired
PSG0087959	.	retired
PSG0087962	.	retired
PSG0087965	.	retired
PSG0087966	.	retired
PSG0087973	.	retired
PSG0087982	.	retired
PSG0087984	.	retired
PSG0087990	.	retired
PSG0088006	.	retired
PSG0088009	.	retired
PSG0088012	.	retired
PSG0088015	.	retired
PSG0088017	.	retired
PSG0088020	.	retired
PSG0088031	.	retired
PSG0088035	.	retired
PSG0088036	.	retired
PSG0088038	.	retired
PSG0088040	.	retired
PSG0088044	.	retired
PSG0088049	.	retired
PSG0088050	.	retired
PSG0088054	.	retired
PSG0088059	.	retired
PSG0088061	.	retired
PSG0088067	.	retired
PSG0088079	.	retired
PSG0088083	.	retired
PSG0088084	.	retired
PSG0088099	.	retired
PSG0088122	.	retired
PSG0088123	.	retired
PSG0088126	.	retired
PSG0088130	.	retired
PSG0088146	.	retired
PSG0088153	.	retired
PSG0088158	.	retired
PSG0088164	.	retired
PSG0088187	.	retired
PSG0088212	.	retired
PSG0088215	.	retired
PSG0088216	.	retired
PSG0088232	.	retired
PSG0088234	.	retired
PSG0088249	.	retired
PSG0088253	.	retired
PSG0088264	.	retired
PSG0088278	.	retired
PSG0088279	.	retired
PSG0088299	.	retired
PSG0088302	.	retired
PSG0088304	.	retired
PSG0088306	.	retired
PSG0088345	.	retired
PSG0088383	.	retired
PSG0088391	.	retired
PSG0088394	.	retired
PSG0088395	.	retired
PSG0088401	.	retired
PSG0088404	.	retired
PSG0088405	.	retired
PSG0088407	.	retired
PSG0088408	.	retired
PSG0088410	.	retired
PSG0088412	.	retired
PSG0088414	.	retired
PSG0088423	.	retired
PSG0088435	.	retired
PSG0088482	.	retired
PSG0088497	.	retired
PSG0088500	.	retired
PSG0088501	.	retired
PSG0088504	.	retired
PSG0088507	.	retired
PSG0088510	.	retired
PSG0088536	.	retired
PSG0088537	.	retired
PSG0088539	.	retired
PSG0088541	.	retired
PSG0088554	.	retired
PSG0088556	.	retired
PSG0088560	.	retired
PSG0088562	.	retired
PSG0088570	.	retired
PSG0088582	.	retired
PSG0088586	.	retired
PSG0088596	.	retired
PSG0088598	.	retired
PSG0088603	.	retired
PSG0088610	.	retired
PSG0088616	.	retired
PSG0088624	.	retired
PSG0088640	.	retired
PSG0088675	.	retired
PSG0088694	.	retired
PSG0088701	.	retired
PSG0088706	.	retired
PSG0088725	.	retired
PSG0088728	.	retired
PSG0088734	.	retired
PSG0088736	.	retired
PSG0088781	.	retired
PSG0088787	.	retired
PSG0088797	.	retired
PSG0088804	.	retired
PSG0088811	.	retired
PSG0088815	.	retired
PSG0088816	.	retired
PSG0088838	.	retired
PSG0088843	.	retired
PSG0088844	.	retired
PSG0088858	.	retired
PSG0088870	.	retired
PSG0088876	.	retired
PSG0088881	.	retired
PSG0088892	.	retired
PSG0088908	.	retired
PSG0088915	.	retired
PSG0088917	.	retired
PSG0088921	.	retired
PSG0088932	.	retired
PSG0088939	.	retired
PSG0088940	.	retired
PSG0088947	.	retired
PSG0088948	.	retired
PSG0088960	.	retired
PSG0088982	.	retired
PSG0088986	.	retired
PSG0088996	.	retired
PSG0089004	.	retired
PSG0089018	.	retired
PSG0089021	.	retired
PSG0089022	.	retired
PSG0089029	.	retired
PSG0089030	.	retired
PSG0089035	.	retired
PSG0089040	.	retired
PSG0089042	.	retired
PSG0089043	.	retired
PSG0089049	.	retired
PSG0089060	.	retired
PSG0089066	.	retired
PSG0089068	.	retired
PSG0089070	.	retired
PSG0089073	.	retired
PSG0089076	.	retired
PSG0089077	.	retired
PSG0089084	.	retired
PSG0089085	.	retired
PSG0089090	.	retired
PSG0089092	.	retired
PSG0089093	.	retired
PSG0089101	.	retired
PSG0089111	.	retired
PSG0089130	.	retired
PSG0089152	.	retired
PSG0089153	.	retired
PSG0089156	.	retired
PSG0089159	.	retired
PSG0089172	.	retired
PSG0089193	.	retired
PSG0089195	.	retired
PSG0089206	.	retired
PSG0089228	.	retired
PSG0089236	.	retired
PSG0089244	.	retired
PSG0089251	.	retired
PSG0089262	.	retired
PSG0089265	.	retired
PSG0089273	.	retired
PSG0089296	.	retired
PSG0089307	.	retired
PSG0089322	.	retired
PSG0089324	.	retired
PSG0089333	.	retired
PSG0089356	.	retired
PSG0089359	.	retired
PSG0089365	.	retired
PSG0089371	.	retired
PSG0089376	.	retired
PSG0089419	.	retired
PSG0089423	.	retired
PSG0089435	.	retired
PSG0089442	.	retired
PSG0089456	.	retired
PSG0089467	.	retired
PSG0089483	.	retired
PSG0089506	.	retired
PSG0089509	.	retired
PSG0089517	.	retired
PSG0089532	.	retired
PSG0089535	.	retired
PSG0089545	.	retired
PSG0089552	.	retired
PSG0089553	.	retired
PSG0089575	.	retired
PSG0089587	.	retired
PSG0089593	.	retired
PSG0089602	.	retired
PSG0089624	.	retired
PSG0089640	.	retired
PSG0089644	.	retired
PSG0089656	.	retired
PSG0089657	.	retired
PSG0089665	.	retired
PSG0089666	.	retired
PSG0089672	.	retired
PSG0089687	.	retired
PSG0089690	.	retired
PSG0089701	.	retired
PSG0089715	.	retired
PSG0089718	.	retired
PSG0089728	.	retired
PSG0089733	.	retired
PSG0089750	.	retired
PSG0089752	.	retired
PSG0089756	.	retired
PSG0089776	.	retired
PSG0089813	.	retired
PSG0089824	.	retired
PSG0089835	.	retired
PSG0089840	.	retired
PSG0089847	.	retired
PSG0089867	.	retired
PSG0089890	.	retired
PSG0089892	.	retired
PSG0089903	.	retired
PSG0089905	.	retired
PSG0089907	.	retired
PSG0089911	.	retired
PSG0089912	.	retired
PSG0089914	.	retired
PSG0089928	.	retired
PSG0089947	.	retired
PSG0089965	.	retired
PSG0089969	.	retired
PSG0089986	.	retired
PSG0089992	.	retired
PSG0089998	.	retired
PSG0090001	.	retired
PSG0090003	.	retired
PSG0090004	.	retired
PSG0090006	.	retired
PSG0090013	.	retired
PSG0090039	.	retired
PSG0090049	.	retired
PSG0090060	.	retired
PSG0090067	.	retired
PSG0090068	.	retired
PSG0090085	.	retired
PSG0090095	.	retired
PSG0090130	.	retired
PSG0090141	.	retired
PSG0090166	.	retired
PSG0090168	.	retired
PSG0090173	.	retired
PSG0090183	.	retired
PSG0090185	.	retired
PSG0090194	.	retired
PSG0090198	.	retired
PSG0090201	.	retired
PSG0090225	.	retired
PSG0090255	.	retired
PSG0090269	.	retired
PSG0090270	.	retired
PSG0090273	.	retired
PSG0090282	.	retired
PSG0090289	.	retired
PSG0090293	.	retired
PSG0090328	.	retired
PSG0090347	.	retired
PSG0090348	.	retired
PSG0090350	.	retired
PSG0090385	.	retired
PSG0090386	.	retired
PSG0090397	.	retired
PSG0090402	.	retired
PSG0090405	.	retired
PSG0090407	.	retired
PSG0090413	.	retired
PSG0090414	.	retired
PSG0090415	.	retired
PSG0090421	.	retired
PSG0090429	.	retired
PSG0090446	.	retired
PSG0090448	.	retired
PSG0090467	.	retired
PSG0090468	.	retired
PSG0090475	.	retired
PSG0090477	.	retired
PSG0090480	.	retired
PSG0090481	.	retired
PSG0090484	.	retired
PSG0090490	.	retired
PSG0090496	.	retired
PSG0090510	.	retired
PSG0090519	.	retired
PSG0090540	.	retired
PSG0090541	.	retired
PSG0090556	.	retired
PSG0090558	.	retired
PSG0090559	.	retired
PSG0090564	.	retired
PSG0090568	.	retired
PSG0090569	.	retired
PSG0090587	.	retired
PSG0090596	.	retired
PSG0090606	.	retired
PSG0090608	.	retired
PSG0090617	.	retired
PSG0090619	.	retired
PSG0090626	.	retired
PSG0090630	.	retired
PSG0090645	.	retired
PSG0090654	.	retired
PSG0090659	.	retired
PSG0090661	.	retired
PSG0090664	.	retired
PSG0090665	.	retired
PSG0090668	.	retired
PSG0090670	.	retired
PSG0090684	.	retired
PSG0090687	.	retired
PSG0090709	.	retired
PSG0090725	.	retired
PSG0090727	.	retired
PSG0090729	.	retired
PSG0090732	.	retired
PSG0090750	.	retired
PSG0090755	.	retired
PSG0090763	.	retired
PSG0090766	.	retired
PSG0090777	.	retired
PSG0090794	.	retired
PSG0090796	.	retired
PSG0090828	.	retired
PSG0090841	.	retired
PSG0090857	.	retired
PSG0090858	.	retired
PSG0090864	.	retired
PSG0090865	.	retired
PSG0090879	.	retired
PSG0090887	.	retired
PSG0090907	.	retired
PSG0090920	.	retired
PSG0090934	.	retired
PSG0090936	.	retired
PSG0090939	.	retired
PSG0090944	.	retired
PSG0090945	.	retired
PSG0090947	.	retired
PSG0090968	.	retired
PSG0090972	.	retired
PSG0090991	.	retired
PSG0090993	.	retired
PSG0091002	.	retired
PSG0091017	.	retired
PSG0091038	.	retired
PSG0091041	.	retired
PSG0091057	.	retired
PSG0091061	.	retired
PSG0091078	.	retired
PSG0091081	.	retired
PSG0091089	.	retired
PSG0091090	.	retired
PSG0091102	.	retired
PSG0091125	.	retired
PSG0091133	.	retired
PSG0091140	.	retired
PSG0091146	.	retired
PSG0091150	.	retired
PSG0091155	.	retired
PSG0091158	.	retired
PSG0091174	.	retired
PSG0091175	.	retired
PSG0091177	.	retired
PSG0091186	.	retired
PSG0091189	.	retired
PSG0091190	.	retired
PSG0091191	.	retired
PSG0091193	.	retired
PSG0091203	.	retired
PSG0091223	.	retired
PSG0091224	.	retired
PSG0091226	.	retired
PSG0091246	.	retired
PSG0091250	.	retired
PSG0091252	.	retired
PSG0091261	.	retired
PSG0091265	.	retired
PSG0091295	.	retired
PSG0091299	.	retired
PSG0091314	.	retired
PSG0091360	.	retired
PSG0091370	.	retired
PSG0091377	.	retired
PSG0091383	.	retired
PSG0091385	.	retired
PSG0091390	.	retired
PSG0091391	.	retired
PSG0091405	.	retired
PSG0091417	.	retired
PSG0091423	.	retired
PSG0091425	.	retired
PSG0091427	.	retired
PSG0091454	.	retired
PSG0091458	.	retired
PSG0091534	.	retired
PSG0091541	.	retired
PSG0091557	.	retired
PSG0091560	.	retired
PSG0091566	.	retired
PSG0091572	.	retired
PSG0091594	.	retired
PSG0091595	.	retired
PSG0091614	.	retired
PSG0091619	.	retired
PSG0091633	.	retired
PSG0091637	.	retired
PSG0091654	.	retired
PSG0091681	.	retired
PSG0091690	.	retired
PSG0091693	.	retired
PSG0091726	.	retired
PSG0091732	.	retired
PSG0091733	.	retired
PSG0091734	.	retired
PSG0091749	.	retired
PSG0091758	.	retired
PSG0091759	.	retired
PSG0091769	.	retired
PSG0091771	.	retired
PSG0091774	.	retired
PSG0091775	.	retired
PSG0091778	.	retired
PSG0091788	.	retired
PSG0091795	.	retired
PSG0091796	.	retired
PSG0091797	.	retired
PSG0091798	.	retired
PSG0091801	.	retired
PSG0091802	.	retired
PSG0091804	.	retired
PSG0091821	.	retired
PSG0091827	.	retired
PSG0091833	.	retired
PSG0091840	.	retired
PSG0091859	.	retired
PSG0091863	.	retired
PSG0091867	.	retired
PSG0091870	.	retired
PSG0091875	.	retired
PSG0091882	.	retired
PSG0091887	.	retired
PSG0091888	.	retired
PSG0091893	.	retired
PSG0091908	.	retired
PSG0091920	.	retired
PSG0091921	.	retired
PSG0091933	.	retired
PSG0091943	.	retired
PSG0091988	.	retired
PSG0091992	.	retired
PSG0092002	.	retired
PSG0092006	.	retired
PSG0092019	.	retired
PSG0092034	.	retired
PSG0092038	.	retired
PSG0092046	.	retired
PSG0092066	.	retired
PSG0092080	.	retired
PSG0092081	.	retired
PSG0092090	.	retired
PSG0092102	.	retired
PSG0092116	.	retired
PSG0092122	.	retired
PSG0092125	.	retired
PSG0092143	.	retired
PSG0092148	.	retired
PSG0092165	.	retired
PSG0092170	.	retired
PSG0092173	.	retired
PSG0092190	.	retired
PSG0092205	.	retired
PSG0092231	.	retired
PSG0092246	.	retired
PSG0092250	.	retired
PSG0092260	.	retired
PSG0092269	.	retired
PSG0092302	.	retired
PSG0092310	.	retired
PSG0092313	.	retired
PSG0092331	.	retired
PSG0092333	.	retired
PSG0092339	.	retired
PSG0092340	.	retired
PSG0092343	.	retired
PSG0092409	.	retired
PSG0092420	.	retired
PSG0092427	.	retired
PSG0092434	.	retired
PSG0092442	.	retired
PSG0092446	.	retired
PSG0092449	.	retired
PSG0092463	.	retired
PSG0092467	.	retired
PSG0092479	.	retired
PSG0092494	.	retired
PSG0092527	.	retired
PSG0092542	.	retired
PSG0092547	.	retired
PSG0092555	.	retired
PSG0092562	.	retired
PSG0092565	.	retired
PSG0092569	.	retired
PSG0092572	.	retired
PSG0092582	.	retired
PSG0092591	.	retired
PSG0092592	.	retired
PSG0092595	.	retired
PSG0092607	.	retired
PSG0092610	.	retired
PSG0092617	.	retired
PSG0092631	.	retired
PSG0092635	.	retired
PSG0092639	.	retired
PSG0092640	.	retired
PSG0092655	.	retired
PSG0092668	.	retired
PSG0092691	.	retired
PSG0092694	.	retired
PSG0092701	.	retired
PSG0092710	.	retired
PSG0092719	.	retired
PSG0092729	.	retired
PSG0092736	.	retired
PSG0092740	.	retired
PSG0092742	.	retired
PSG0092752	.	retired
PSG0092755	.	retired
PSG0092759	.	retired
PSG0092765	.	retired
PSG0092770	.	retired
PSG0092776	.	retired
PSG0092795	.	retired
PSG0092873	.	retired
PSG0092884	.	retired
PSG0092888	.	retired
PSG0092909	.	retired
PSG0092913	.	retired
PSG0092917	.	retired
PSG0092918	.	retired
PSG0092920	.	retired
PSG0092933	.	retired
PSG0092935	.	retired
PSG0092936	.	retired
PSG0092944	.	retired
PSG0092958	.	retired
PSG0092963	.	retired
PSG0092966	.	retired
PSG0092967	.	retired
PSG0092969	.	retired
PSG0092973	.	retired
PSG0092983	.	retired
PSG0093020	.	retired
PSG0093024	.	retired
PSG0093053	.	retired
PSG0093060	.	retired
PSG0093064	.	retired
PSG0093070	.	retired
PSG0093096	.	retired
PSG0093136	.	retired
PSG0093145	.	retired
PSG0093168	.	retired
PSG0093169	.	retired
PSG0093179	.	retired
PSG0093181	.	retired
PSG0093199	.	retired
PSG0093202	.	retired
PSG0093208	.	retired
PSG0093211	.	retired
PSG0093219	.	retired
PSG0093220	.	retired
PSG0093221	.	retired
PSG0093237	.	retired
PSG0093247	.	retired
PSG0093252	.	retired
PSG0093253	.	retired
PSG0093265	.	retired
PSG0093269	.	retired
PSG0093270	.	retired
PSG0093277	.	retired
PSG0093279	.	retired
PSG0093298	.	retired
PSG0093299	.	retired
PSG0093302	.	retired
PSG0093309	.	retired
PSG0093321	.	retired
PSG0093329	.	retired
PSG0093344	.	retired
PSG0093387	.	retired
PSG0093393	.	retired
PSG0093396	.	retired
PSG0093398	.	retired
PSG0093402	.	retired
PSG0093409	.	retired
PSG0093422	.	retired
PSG0093424	.	retired
PSG0093438	.	retired
PSG0093444	.	retired
PSG0093445	.	retired
PSG0093451	.	retired
PSG0093452	.	retired
PSG0093480	.	retired
PSG0093486	.	retired
PSG0093488	.	retired
PSG0093490	.	retired
PSG0093493	.	retired
PSG0093507	.	retired
PSG0093537	.	retired
PSG0093546	.	retired
PSG0093560	.	retired
PSG0093590	.	retired
PSG0093598	.	retired
PSG0093603	.	retired
PSG0093607	.	retired
PSG0093610	.	retired
PSG0093611	.	retired
PSG0093624	.	retired
PSG0093627	.	retired
PSG0093630	.	retired
PSG0093661	.	retired
PSG0093675	.	retired
PSG0093676	.	retired
PSG0093677	.	retired
PSG0093683	.	retired
PSG0093685	.	retired
PSG0093695	.	retired
PSG0093696	.	retired
PSG0093699	.	retired
PSG0093702	.	retired
PSG0093729	.	retired
PSG0093739	.	retired
PSG0093744	.	retired
PSG0093749	.	retired
PSG0093763	.	retired
PSG0093767	.	retired
PSG0093778	.	retired
PSG0093779	.	retired
PSG0093792	.	retired
PSG0093794	.	retired
PSG0093795	.	retired
PSG0093823	.	retired
PSG0093851	.	retired
PSG0093867	.	retired
PSG0093874	.	retired
PSG0093875	.	retired
PSG0093879	.	retired
PSG0093903	.	retired
PSG0093918	.	retired
PSG0093923	.	retired
PSG0093924	.	retired
PSG0093929	.	retired
PSG0093938	.	retired
PSG0093947	.	retired
PSG0093962	.	retired
PSG0093969	.	retired
PSG0093970	.	retired
PSG0093971	.	retired
PSG0093973	.	retired
PSG0093974	.	retired
PSG0093982	.	retired
PSG0093984	.	retired
PSG0093985	.	retired
PSG0094000	.	retired
PSG0094002	.	retired
PSG0094011	.	retired
PSG0094019	.	retired
PSG0094027	.	retired
PSG0094038	.	retired
PSG0094043	.	retired
PSG0094045	.	retired
PSG0094047	.	retired
PSG0094057	.	retired
PSG0094059	.	retired
PSG0094060	.	retired
PSG0094061	.	retired
PSG0094062	.	retired
PSG0094095	.	retired
PSG0094109	.	retired
PSG0094114	.	retired
PSG0094119	.	retired
PSG0094134	.	retired
PSG0094159	.	retired
PSG0094171	.	retired
PSG0094175	.	retired
PSG0094183	.	retired
PSG0094188	.	retired
PSG0094204	.	retired
PSG0094207	.	retired
PSG0094215	.	retired
PSG0094232	.	retired
PSG0094239	.	retired
PSG0094241	.	retired
PSG0094263	.	retired
PSG0094270	.	retired
PSG0094278	.	retired
PSG0094287	.	retired
PSG0094298	.	retired
PSG0094301	.	retired
PSG0094312	.	retired
PSG0094340	.	retired
PSG0094349	.	retired
PSG0094386	.	retired
PSG0094389	.	retired
PSG0094390	.	retired
PSG0094391	.	retired
PSG0094392	.	retired
PSG0094398	.	retired
PSG0094408	.	retired
PSG0094435	.	retired
PSG0094468	.	retired
PSG0094471	.	retired
PSG0094482	.	retired
PSG0094493	.	retired
PSG0094495	.	retired
PSG0094498	.	retired
PSG0094503	.	retired
PSG0094507	.	retired
PSG0094510	.	retired
PSG0094518	.	retired
PSG0094538	.	retired
PSG0094543	.	retired
PSG0094557	.	retired
PSG0094564	.	retired
PSG0094593	.	retired
PSG0094596	.	retired
PSG0094626	.	retired
PSG0094636	.	retired
PSG0094641	.	retired
PSG0094662	.	retired
PSG0094664	.	retired
PSG0094677	.	retired
PSG0094683	.	retired
PSG0094688	.	retired
PSG0094693	.	retired
PSG0094697	.	retired
PSG0094706	.	retired
PSG0094717	.	retired
PSG0094720	.	retired
PSG0094725	.	retired
PSG0094733	.	retired
PSG0094734	.	retired
PSG0094778	.	retired
PSG0094781	.	retired
PSG0094782	.	retired
PSG0094822	.	retired
PSG0094825	.	retired
PSG0094843	.	retired
PSG0094847	.	retired
PSG0094851	.	retired
PSG0094855	.	retired
PSG0094861	.	retired
PSG0094869	.	retired
PSG0094872	.	retired
PSG0094880	.	retired
PSG0094885	.	retired
PSG0094899	.	retired
PSG0094900	.	retired
PSG0094902	.	retired
PSG0094911	.	retired
PSG0094914	.	retired
PSG0094920	.	retired
PSG0094921	.	retired
PSG0094924	.	retired
PSG0094940	.	retired
PSG0094942	.	retired
PSG0094946	.	retired
PSG0094952	.	retired
PSG0094959	.	retired
PSG0094977	.	retired
PSG0094983	.	retired
PSG0095006	.	retired
PSG0095010	.	retired
PSG0095012	.	retired
PSG0095013	.	retired
PSG0095015	.	retired
PSG0095017	.	retired
PSG0095018	.	retired
PSG0095022	.	retired
PSG0095033	.	retired
PSG0095076	.	retired
PSG0095089	.	retired
PSG0095107	.	retired
PSG0095108	.	retired
PSG0095121	.	retired
PSG0095127	.	retired
PSG0095132	.	retired
PSG0095135	.	retired
PSG0095137	.	retired
PSG0095161	.	retired
PSG0095172	.	retired
PSG0095173	.	retired
PSG0095191	.	retired
PSG0095206	.	retired
PSG0095209	.	retired
PSG0095223	.	retired
PSG0095227	.	retired
PSG0095232	.	retired
PSG0095236	.	retired
PSG0095242	.	retired
PSG0095245	.	retired
PSG0095254	.	retired
PSG0095259	.	retired
PSG0095273	.	retired
PSG0095279	.	retired
PSG0095284	.	retired
PSG0095286	.	retired
PSG0095293	.	retired
PSG0095302	.	retired
PSG0095311	.	retired
PSG0095316	.	retired
PSG0095320	.	retired
PSG0095349	.	retired
PSG0095352	.	retired
PSG0095361	.	retired
PSG0095363	.	retired
PSG0095368	.	retired
PSG0095383	.	retired
PSG0095384	.	retired
PSG0095391	.	retired
PSG0095397	.	retired
PSG0095405	.	retired
PSG0095413	.	retired
PSG0095422	.	retired
PSG0095432	.	retired
PSG0095439	.	retired
PSG0095443	.	retired
PSG0095461	.	retired
PSG0095464	.	retired
PSG0095472	.	retired
PSG0095481	.	retired
PSG0095492	.	retired
PSG0095519	.	retired
PSG0095520	.	retired
PSG0095523	.	retired
PSG0095552	.	retired
PSG0095590	.	retired
PSG0095600	.	retired
PSG0095611	.	retired
PSG0095617	.	retired
PSG0095621	.	retired
PSG0095623	.	retired
PSG0095628	.	retired
PSG0095645	.	retired
PSG0095668	.	retired
PSG0095697	.	retired
PSG0095721	.	retired
PSG0095731	.	retired
PSG0095745	.	retired
PSG0095780	.	retired
PSG0095790	.	retired
PSG0095791	.	retired
PSG0095796	.	retired
PSG0095801	.	retired
PSG0095823	.	retired
PSG0095827	.	retired
PSG0095832	.	retired
PSG0095833	.	retired
PSG0095854	.	retired
PSG0095862	.	retired
PSG0095903	.	retired
PSG0095910	.	retired
PSG0095912	.	retired
PSG0095928	.	retired
PSG0095932	.	retired
PSG0095940	.	retired
PSG0095941	.	retired
PSG0095943	.	retired
PSG0095956	.	retired
PSG0095958	.	retired
PSG0095971	.	retired
PSG0095983	.	retired
PSG0095987	.	retired
PSG0095998	.	retired
PSG0096002	.	retired
PSG0096003	.	retired
PSG0096008	.	retired
PSG0096019	.	retired
PSG0096026	.	retired
PSG0096032	.	retired
PSG0096040	.	retired
PSG0096045	.	retired
PSG0096056	.	retired
PSG0096094	.	retired
PSG0096097	.	retired
PSG0096102	.	retired
PSG0096105	.	retired
PSG0096112	.	retired
PSG0096116	.	retired
PSG0096117	.	retired
PSG0096120	.	retired
PSG0096121	.	retired
PSG0096139	.	retired
PSG0096148	.	retired
PSG0096152	.	retired
PSG0096156	.	retired
PSG0096157	.	retired
PSG0096160	.	retired
PSG0096176	.	retired
PSG0096190	.	retired
PSG0096193	.	retired
PSG0096199	.	retired
PSG0096206	.	retired
PSG0096211	.	retired
PSG0096212	.	retired
PSG0096252	.	retired
PSG0096254	.	retired
PSG0096261	.	retired
PSG0096271	.	retired
PSG0096278	.	retired
PSG0096280	.	retired
PSG0096281	.	retired
PSG0096300	.	retired
PSG0096304	.	retired
PSG0096305	.	retired
PSG0096306	.	retired
PSG0096307	.	retired
PSG0096309	.	retired
PSG0096314	.	retired
PSG0096315	.	retired
PSG0096322	.	retired
PSG0096325	.	retired
PSG0096328	.	retired
PSG0096335	.	retired
PSG0096339	.	retired
PSG0096340	.	retired
PSG0096342	.	retired
PSG0096363	.	retired
PSG0096366	.	retired
PSG0096372	.	retired
PSG0096375	.	retired
PSG0096379	.	retired
PSG0096394	.	retired
PSG0096427	.	retired
PSG0096432	.	retired
PSG0096459	.	retired
PSG0096461	.	retired
PSG0096462	.	retired
PSG0096466	.	retired
PSG0096479	.	retired
PSG0096480	.	retired
PSG0096482	.	retired
PSG0096485	.	retired
PSG0096495	.	retired
PSG0096503	.	retired
PSG0096526	.	retired
PSG0096529	.	retired
PSG0096563	.	retired
PSG0096564	.	retired
PSG0096572	.	retired
PSG0096573	.	retired
PSG0096587	.	retired
PSG0096593	.	retired
PSG0096596	.	retired
PSG0096623	.	retired
PSG0096626	.	retired
PSG0096635	.	retired
PSG0096641	.	retired
PSG0096643	.	retired
PSG0096645	.	retired
PSG0096657	.	retired
PSG0096672	.	retired
PSG0096673	.	retired
PSG0096676	.	retired
PSG0096679	.	retired
PSG0096680	.	retired
PSG0096693	.	retired
PSG0096694	.	retired
PSG0096724	.	retired
PSG0096729	.	retired
PSG0096746	.	retired
PSG0096756	.	retired
PSG0096771	.	retired
PSG0096781	.	retired
PSG0096784	.	retired
PSG0096789	.	retired
PSG0096801	.	retired
PSG0096809	.	retired
PSG0096815	.	retired
PSG0096818	.	retired
PSG0096839	.	retired
PSG0096846	.	retired
PSG0096847	.	retired
PSG0096848	.	retired
PSG0096878	.	retired
PSG0096882	.	retired
PSG0096884	.	retired
PSG0096889	.	retired
PSG0096902	.	retired
PSG0096904	.	retired
PSG0096907	.	retired
PSG0096914	.	retired
PSG0096916	.	retired
PSG0096918	.	retired
PSG0096925	.	retired
PSG0096950	.	retired
PSG0097001	.	retired
PSG0097015	.	retired
PSG0097021	.	retired
PSG0097023	.	retired
PSG0097030	.	retired
PSG0097037	.	retired
PSG0097047	.	retired
PSG0097066	.	retired
PSG0097110	.	retired
PSG0097125	.	retired
PSG0097145	.	retired
PSG0097171	.	retired
PSG0097209	.	retired
PSG0097241	.	retired
PSG0097244	.	retired
PSG0097246	.	retired
PSG0097253	.	retired
PSG0097274	.	retired
PSG0097296	.	retired
PSG0097346	.	retired
PSG0097355	.	retired
PSG0097396	.	retired
PSG0097397	.	retired
PSG0097420	.	retired
PSG0097422	.	retired
PSG0097423	.	retired
PSG0097424	.	retired
PSG0097426	.	retired
PSG0097438	.	retired
PSG0097473	.	retired
PSG0097477	.	retired
PSG0097487	.	retired
PSG0097489	.	retired
PSG0097497	.	retired
PSG0097507	.	retired
PSG0097509	.	retired
PSG0097535	.	retired
PSG0097550	.	retired
PSG0097554	.	retired
PSG0097568	.	retired
PSG0097593	.	retired
PSG0097595	.	retired
PSG0097613	.	retired
PSG0097623	.	retired
PSG0097634	.	retired
PSG0097635	.	retired
PSG0097653	.	retired
PSG0097662	.	retired
PSG0097665	.	retired
PSG0097672	.	retired
PSG0097681	.	retired
PSG0097698	.	retired
PSG0097730	.	retired
PSG0097731	.	retired
PSG0097735	.	retired
PSG0097748	.	retired
PSG0097749	.	retired
PSG0097760	.	retired
PSG0097770	.	retired
PSG0097792	.	retired
PSG0097812	.	retired
PSG0097824	.	retired
PSG0097826	.	retired
PSG0097830	.	retired
PSG0097855	.	retired
PSG0097869	.	retired
PSG0097874	.	retired
PSG0097885	.	retired
PSG0097896	.	retired
PSG0097899	.	retired
PSG0097900	.	retired
PSG0097901	.	retired
PSG0097902	.	retired
PSG0097903	.	retired
PSG0097904	.	retired
PSG0097909	.	retired
PSG0097914	.	retired
PSG0097922	.	retired
PSG0097926	.	retired
PSG0097927	.	retired
PSG0097934	.	retired
PSG0097941	.	retired
PSG0097946	.	retired
PSG0097959	.	retired
PSG0097982	.	retired
PSG0097985	.	retired
PSG0098004	.	retired
PSG0098005	.	retired
PSG0098006	.	retired
PSG0098008	.	retired
PSG0098019	.	retired
PSG0098028	.	retired
PSG0098030	.	retired
PSG0098033	.	retired
PSG0098039	.	retired
PSG0098045	.	retired
PSG0098046	.	retired
PSG0098053	.	retired
PSG0098061	.	retired
PSG0098072	.	retired
PSG0098081	.	retired
PSG0098098	.	retired
PSG0098102	.	retired
PSG0098118	.	retired
PSG0098148	.	retired
PSG0098166	.	retired
PSG0098178	.	retired
PSG0098193	.	retired
PSG0098204	.	retired
PSG0098224	.	retired
PSG0098225	.	retired
PSG0098234	.	retired
PSG0098235	.	retired
PSG0098240	.	retired
PSG0098264	.	retired
PSG0098271	.	retired
PSG0098273	.	retired
PSG0098297	.	retired
PSG0098315	.	retired
PSG0098347	.	retired
PSG0098361	.	retired
PSG0098362	.	retired
PSG0098388	.	retired
PSG0098396	.	retired
PSG0098408	.	retired
PSG0098437	.	retired
PSG0098464	.	retired
PSG0098481	.	retired
PSG0098486	.	retired
PSG0098531	.	retired
PSG0098532	.	retired
PSG0098536	.	retired
PSG0098538	.	retired
PSG0098540	.	retired
PSG0098552	.	retired
PSG0098555	.	retired
PSG0098557	.	retired
PSG0098571	.	retired
PSG0098573	.	retired
PSG0098576	.	retired
PSG0098595	.	retired
PSG0098617	.	retired
PSG0098619	.	retired
PSG0098636	.	retired
PSG0098647	.	retired
PSG0098652	.	retired
PSG0098653	.	retired
PSG0098654	.	retired
PSG0098662	.	retired
PSG0098667	.	retired
PSG0098669	.	retired
PSG0098672	.	retired
PSG0098684	.	retired
PSG0098692	.	retired
PSG0098728	.	retired
PSG0098729	.	retired
PSG0098730	.	retired
PSG0098732	.	retired
PSG0098766	.	retired
PSG0098786	.	retired
PSG0098788	.	retired
PSG0098805	.	retired
PSG0098808	.	retired
PSG0098822	.	retired
PSG0098825	.	retired
PSG0098827	.	retired
PSG0098845	.	retired
PSG0098852	.	retired
PSG0098853	.	retired
PSG0098863	.	retired
PSG0098898	.	retired
PSG0098912	.	retired
PSG0098922	.	retired
PSG0098936	.	retired
PSG0098943	.	retired
PSG0098944	.	retired
PSG0098985	.	retired
PSG0098997	.	retired
PSG0098999	.	retired
PSG0099009	.	retired
PSG0099011	.	retired
PSG0099012	.	retired
PSG0099013	.	retired
PSG0099017	.	retired
PSG0099022	.	retired
PSG0099038	.	retired
PSG0099046	.	retired
PSG0099058	.	retired
PSG0099064	.	retired
PSG0099071	.	retired
PSG0099074	.	retired
PSG0099094	.	retired
PSG0099098	.	retired
PSG0099102	.	retired
PSG0099114	.	retired
PSG0099121	.	retired
PSG0099133	.	retired
PSG0099143	.	retired
PSG0099160	.	retired
PSG0099162	.	retired
PSG0099174	.	retired
PSG0099184	.	retired
PSG0099185	.	retired
PSG0099200	.	retired
PSG0099229	.	retired
PSG0099235	.	retired
PSG0099238	.	retired
PSG0099246	.	retired
PSG0099263	.	retired
PSG0099272	.	retired
PSG0099294	.	retired
PSG0099301	.	retired
PSG0099304	.	retired
PSG0099312	.	retired
PSG0099324	.	retired
PSG0099328	.	retired
PSG0099329	.	retired
PSG0099338	.	retired
PSG0099343	.	retired
PSG0099360	.	retired
PSG0099378	.	retired
PSG0099379	.	retired
PSG0099396	.	retired
PSG0099400	.	retired
PSG0099403	.	retired
PSG0099405	.	retired
PSG0099406	.	retired
PSG0099412	.	retired
PSG0099414	.	retired
PSG0099415	.	retired
PSG0099416	.	retired
PSG0099428	.	retired
PSG0099435	.	retired
PSG0099446	.	retired
PSG0099457	.	retired
PSG0099471	.	retired
PSG0099476	.	retired
PSG0099482	.	retired
PSG0099495	.	retired
PSG0099496	.	retired
PSG0099498	.	retired
PSG0099503	.	retired
PSG0099507	.	retired
PSG0099513	.	retired
PSG0099514	.	retired
PSG0099518	.	retired
PSG0099520	.	retired
PSG0099526	.	retired
PSG0099531	.	retired
PSG0099539	.	retired
PSG0099545	.	retired
PSG0099573	.	retired
PSG0099574	.	retired
PSG0099591	.	retired
PSG0099615	.	retired
PSG0099618	.	retired
PSG0099626	.	retired
PSG0099631	.	retired
PSG0099644	.	retired
PSG0099656	.	retired
PSG0099659	.	retired
PSG0099660	.	retired
PSG0099663	.	retired
PSG0099665	.	retired
PSG0099686	.	retired
PSG0099688	.	retired
PSG0099703	.	retired
PSG0099713	.	retired
PSG0099718	.	retired
PSG0099719	.	retired
PSG0099753	.	retired
PSG0099754	.	retired
PSG0099761	.	retired
PSG0099765	.	retired
PSG0099770	.	retired
PSG0099787	.	retired
PSG0099788	.	retired
PSG0099793	.	retired
PSG0099796	.	retired
PSG0099797	.	retired
PSG0099799	.	retired
PSG0099831	.	retired
PSG0099838	.	retired
PSG0099843	.	retired
PSG0099856	.	retired
PSG0099861	.	retired
PSG0099872	.	retired
PSG0099880	.	retired
PSG0099889	.	retired
PSG0099897	.	retired
PSG0099910	.	retired
PSG0099918	.	retired
PSG0099920	.	retired
PSG0099921	.	retired
PSG0099934	.	retired
PSG0099938	.	retired
PSG0099949	.	retired
PSG0099950	.	retired
PSG0099952	.	retired
PSG0099963	.	retired
PSG0099968	.	retired
PSG0099971	.	retired
PSG0099985	.	retired
PSG0100001	.	retired
PSG0100002	.	retired
PSG0100007	.	retired
PSG0100029	.	retired
PSG0100033	.	retired
PSG0100034	.	retired
PSG0100040	.	retired
PSG0100048	.	retired
PSG0100050	.	retired
PSG0100067	.	retired
PSG0100068	.	retired
PSG0100081	.	retired
PSG0100097	.	retired
PSG0100115	.	retired
PSG0100119	.	retired
PSG0100130	.	retired
PSG0100138	.	retired
PSG0100149	.	retired
PSG0100167	.	retired
PSG0100168	.	retired
PSG0100170	.	retired
PSG0100174	.	retired
PSG0100175	.	retired
PSG0100179	.	retired
PSG0100182	.	retired
PSG0100184	.	retired
PSG0100187	.	retired
PSG0100192	.	retired
PSG0100195	.	retired
PSG0100200	.	retired
PSG0100203	.	retired
PSG0100205	.	retired
PSG0100228	.	retired
PSG0100243	.	retired
PSG0100246	.	retired
PSG0100249	.	retired
PSG0100281	.	retired
PSG0100286	.	retired
PSG0100302	.	retired
PSG0100304	.	retired
PSG0100306	.	retired
PSG0100322	.	retired
PSG0100335	.	retired
PSG0100348	.	retired
PSG0100352	.	retired
PSG0100357	.	retired
PSG0100359	.	retired
PSG0100389	.	retired
PSG0100397	.	retired
PSG0100434	.	retired
PSG0100448	.	retired
PSG0100454	.	retired
PSG0100479	.	retired
PSG0100493	.	retired
PSG0100496	.	retired
PSG0100499	.	retired
PSG0100502	.	retired
PSG0100511	.	retired
PSG0100550	.	retired
PSG0100552	.	retired
PSG0100554	.	retired
PSG0100560	.	retired
PSG0100561	.	retired
PSG0100562	.	retired
PSG0100564	.	retired
PSG0100572	.	retired
PSG0100576	.	retired
PSG0100577	.	retired
PSG0100594	.	retired
PSG0100597	.	retired
PSG0100609	.	retired
PSG0100611	.	retired
PSG0100641	.	retired
PSG0100642	.	retired
PSG0100644	.	retired
PSG0100645	.	retired
PSG0100647	.	retired
PSG0100649	.	retired
PSG0100654	.	retired
PSG0100658	.	retired
PSG0100659	.	retired
PSG0100660	.	retired
PSG0100666	.	retired
PSG0100668	.	retired
PSG0100679	.	retired
PSG0100683	.	retired
PSG0100687	.	retired
PSG0100693	.	retired
PSG0100705	.	retired
PSG0100725	.	retired
PSG0100729	.	retired
PSG0100731	.	retired
PSG0100733	.	retired
PSG0100738	.	retired
PSG0100741	.	retired
PSG0100746	.	retired
PSG0100773	.	retired
PSG0100777	.	retired
PSG0100801	.	retired
PSG0100804	.	retired
PSG0100805	.	retired
PSG0100807	.	retired
PSG0100819	.	retired
PSG0100825	.	retired
PSG0100841	.	retired
PSG0100843	.	retired
PSG0100886	.	retired
PSG0100905	.	retired
PSG0100906	.	retired
PSG0100916	.	retired
PSG0100919	.	retired
PSG0100925	.	retired
PSG0100927	.	retired
PSG0100928	.	retired
PSG0100934	.	retired
PSG0100946	.	retired
PSG0100947	.	retired
PSG0100948	.	retired
PSG0100951	.	retired
PSG0100953	.	retired
PSG0100954	.	retired
PSG0100968	.	retired
PSG0100973	.	retired
PSG0100975	.	retired
PSG0100984	.	retired
PSG0101004	.	retired
PSG0101009	.	retired
PSG0101019	.	retired
PSG0101022	.	retired
PSG0101030	.	retired
PSG0101037	.	retired
PSG0101061	.	retired
PSG0101084	.	retired
PSG0101085	.	retired
PSG0101088	.	retired
PSG0101091	.	retired
PSG0101092	.	retired
PSG0101094	.	retired
PSG0101120	.	retired
PSG0101137	.	retired
PSG0101149	.	retired
PSG0101170	.	retired
PSG0101175	.	retired
PSG0101185	.	retired
PSG0101198	.	retired
PSG0101211	.	retired
PSG0101224	.	retired
PSG0101226	.	retired
PSG0101231	.	retired
PSG0101238	.	retired
PSG0101261	.	retired
PSG0101270	.	retired
PSG0101274	.	retired
PSG0101275	.	retired
PSG0101280	.	retired
PSG0101290	.	retired
PSG0101304	.	retired
PSG0101327	.	retired
PSG0101332	.	retired
PSG0101336	.	retired
PSG0101342	.	retired
PSG0101343	.	retired
PSG0101347	.	retired
PSG0101380	.	retired
PSG0101389	.	retired
PSG0101390	.	retired
PSG0101394	.	retired
PSG0101424	.	retired
PSG0101431	.	retired
PSG0101436	.	retired
PSG0101441	.	retired
PSG0101445	.	retired
PSG0101453	.	retired
PSG0101461	.	retired
PSG0101464	.	retired
PSG0101473	.	retired
PSG0101474	.	retired
PSG0101483	.	retired
PSG0101487	.	retired
PSG0101497	.	retired
PSG0101499	.	retired
PSG0101510	.	retired
PSG0101524	.	retired
PSG0101525	.	retired
PSG0101551	.	retired
PSG0101552	.	retired
PSG0101556	.	retired
PSG0101557	.	retired
PSG0101574	.	retired
PSG0101583	.	retired
PSG0101596	.	retired
PSG0101607	.	retired
PSG0101639	.	retired
PSG0101651	.	retired
PSG0101665	.	retired
PSG0101678	.	retired
PSG0101692	.	retired
PSG0101695	.	retired
PSG0101716	.	retired
PSG0101727	.	retired
PSG0101735	.	retired
PSG0101736	.	retired
PSG0101752	.	retired
PSG0101754	.	retired
PSG0101769	.	retired
PSG0101775	.	retired
PSG0101776	.	retired
PSG0101782	.	retired
PSG0101783	.	retired
PSG0101792	.	retired
PSG0101793	.	retired
PSG0101806	.	retired
PSG0101808	.	retired
PSG0101812	.	retired
PSG0101827	.	retired
PSG0101830	.	retired
PSG0101845	.	retired
PSG0101850	.	retired
PSG0101853	.	retired
PSG0101863	.	retired
PSG0101874	.	retired
PSG0101880	.	retired
PSG0101883	.	retired
PSG0101885	.	retired
PSG0101894	.	retired
PSG0101923	.	retired
PSG0101937	.	retired
PSG0101958	.	retired
PSG0101961	.	retired
PSG0101966	.	retired
PSG0101968	.	retired
PSG0101969	.	retired
PSG0101971	.	retired
PSG0101972	.	retired
PSG0101974	.	retired
PSG0101979	.	retired
PSG0101980	.	retired
PSG0101982	.	retired
PSG0101990	.	retired
PSG0102004	.	retired
PSG0102025	.	retired
PSG0102049	.	retired
PSG0102056	.	retired
PSG0102059	.	retired
PSG0102062	.	retired
PSG0102064	.	retired
PSG0102093	.	retired
PSG0102097	.	retired
PSG0102115	.	retired
PSG0102120	.	retired
PSG0102149	.	retired
PSG0102152	.	retired
PSG0102162	.	retired
PSG0102170	.	retired
PSG0102199	.	retired
PSG0102226	.	retired
PSG0102278	.	retired
PSG0102292	.	retired
PSG0102304	.	retired
PSG0102319	.	retired
PSG0102324	.	retired
PSG0102326	.	retired
PSG0102335	.	retired
PSG0102337	.	retired
PSG0102370	.	retired
PSG0102371	.	retired
PSG0102372	.	retired
PSG0102376	.	retired
PSG0102379	.	retired
PSG0102381	.	retired
PSG0102392	.	retired
PSG0102393	.	retired
PSG0102425	.	retired
PSG0102446	.	retired
PSG0102480	.	retired
PSG0102498	.	retired
PSG0102507	.	retired
PSG0102508	.	retired
PSG0102513	.	retired
PSG0102522	.	retired
PSG0102524	.	retired
PSG0102528	.	retired
PSG0102534	.	retired
PSG0102567	.	retired
PSG0102569	.	retired
PSG0102589	.	retired
PSG0102592	.	retired
PSG0102594	.	retired
PSG0102599	.	retired
PSG0102600	.	retired
PSG0102608	.	retired
PSG0102610	.	retired
PSG0102621	.	retired
PSG0102644	.	retired
PSG0102646	.	retired
PSG0102649	.	retired
PSG0102653	.	retired
PSG0102656	.	retired
PSG0102657	.	retired
PSG0102659	.	retired
PSG0102667	.	retired
PSG0102682	.	retired
PSG0102693	.	retired
PSG0102706	.	retired
PSG0102711	.	retired
PSG0102729	.	retired
PSG0102750	.	retired
PSG0102764	.	retired
PSG0102777	.	retired
PSG0102804	.	retired
PSG0102805	.	retired
PSG0102811	.	retired
PSG0102818	.	retired
PSG0102824	.	retired
PSG0102875	.	retired
PSG0102899	.	retired
PSG0102904	.	retired
PSG0102905	.	retired
PSG0102909	.	retired
PSG0102922	.	retired
PSG0102925	.	retired
PSG0102952	.	retired
PSG0102971	.	retired
PSG0103007	.	retired
PSG0103018	.	retired
PSG0103034	.	retired
PSG0103038	.	retired
PSG0103042	.	retired
PSG0103043	.	retired
PSG0103046	.	retired
PSG0103057	.	retired
PSG0103060	.	retired
PSG0103062	.	retired
PSG0103073	.	retired
PSG0103083	.	retired
PSG0103092	.	retired
PSG0103094	.	retired
PSG0103129	.	retired
PSG0103134	.	retired
PSG0103140	.	retired
PSG0103141	.	retired
PSG0103142	.	retired
PSG0103151	.	retired
PSG0103157	.	retired
PSG0103159	.	retired
PSG0103164	.	retired
PSG0103167	.	retired
PSG0103168	.	retired
PSG0103172	.	retired
PSG0103184	.	retired
PSG0103186	.	retired
PSG0103187	.	retired
PSG0103205	.	retired
PSG0103206	.	retired
PSG0103215	.	retired
PSG0103217	.	retired
PSG0103218	.	retired
PSG0103221	.	retired
PSG0103245	.	retired
PSG0103261	.	retired
PSG0103265	.	retired
PSG0103268	.	retired
PSG0103270	.	retired
PSG0103293	.	retired
PSG0103302	.	retired
PSG0103306	.	retired
PSG0103307	.	retired
PSG0103313	.	retired
PSG0103315	.	retired
PSG0103320	.	retired
PSG0103332	.	retired
PSG0103358	.	retired
PSG0103364	.	retired
PSG0103384	.	retired
PSG0103389	.	retired
PSG0103392	.	retired
PSG0103396	.	retired
PSG0103400	.	retired
PSG0103416	.	retired
PSG0103419	.	retired
PSG0103444	.	retired
PSG0103445	.	retired
PSG0103449	.	retired
PSG0103458	.	retired
PSG0103459	.	retired
PSG0103460	.	retired
PSG0103467	.	retired
PSG0103477	.	retired
PSG0103481	.	retired
PSG0103489	.	retired
PSG0103507	.	retired
PSG0103520	.	retired
PSG0103528	.	retired
PSG0103541	.	retired
PSG0103542	.	retired
PSG0103544	.	retired
PSG0103547	.	retired
PSG0103551	.	retired
PSG0103554	.	retired
PSG0103556	.	retired
PSG0103560	.	retired
PSG0103562	.	retired
PSG0103573	.	retired
PSG0103582	.	retired
PSG0103592	.	retired
PSG0103595	.	retired
PSG0103604	.	retired
PSG0103607	.	retired
PSG0103620	.	retired
PSG0103625	.	retired
PSG0103635	.	retired
PSG0103653	.	retired
PSG0103668	.	retired
PSG0103702	.	retired
PSG0103703	.	retired
PSG0103710	.	retired
PSG0103745	.	retired
PSG0103769	.	retired
PSG0103783	.	retired
PSG0103784	.	retired
PSG0103789	.	retired
PSG0103805	.	retired
PSG0103810	.	retired
PSG0103818	.	retired
PSG0103825	.	retired
PSG0103835	.	retired
PSG0103850	.	retired
PSG0103851	.	retired
PSG0103852	.	retired
PSG0103863	.	retired
PSG0103876	.	retired
PSG0103882	.	retired
PSG0103896	.	retired
PSG0103898	.	retired
PSG0103901	.	retired
PSG0103913	.	retired
PSG0103921	.	retired
PSG0103934	.	retired
PSG0103935	.	retired
PSG0103951	.	retired
PSG0103956	.	retired
PSG0103962	.	retired
PSG0103969	.	retired
PSG0103998	.	retired
PSG0103999	.	retired
PSG0104009	.	retired
PSG0104027	.	retired
PSG0104029	.	retired
PSG0104030	.	retired
PSG0104034	.	retired
PSG0104051	.	retired
PSG0104052	.	retired
PSG0104064	.	retired
PSG0104069	.	retired
PSG0104070	.	retired
PSG0104091	.	retired
PSG0104096	.	retired
PSG0104100	.	retired
PSG0104105	.	retired
PSG0104111	.	retired
PSG0104133	.	retired
PSG0104136	.	retired
PSG0104144	.	retired
PSG0104153	.	retired
PSG0104168	.	retired
PSG0104176	.	retired
PSG0104191	.	retired
PSG0104195	.	retired
PSG0104197	.	retired
PSG0104205	.	retired
PSG0104242	.	retired
PSG0104247	.	retired
PSG0104270	.	retired
PSG0104273	.	retired
PSG0104282	.	retired
PSG0104288	.	retired
PSG0104296	.	retired
PSG0104304	.	retired
PSG0104337	.	retired
PSG0104344	.	retired
PSG0104346	.	retired
PSG0104348	.	retired
PSG0104354	.	retired
PSG0104355	.	retired
PSG0104364	.	retired
PSG0104366	.	retired
PSG0104368	.	retired
PSG0104372	.	retired
PSG0104390	.	retired
PSG0104391	.	retired
PSG0104400	.	retired
PSG0104407	.	retired
PSG0104420	.	retired
PSG0104423	.	retired
PSG0104426	.	retired
PSG0104429	.	retired
PSG0104436	.	retired
PSG0104440	.	retired
PSG0104448	.	retired
PSG0104459	.	retired
PSG0104467	.	retired
PSG0104468	.	retired
PSG0104474	.	retired
PSG0104476	.	retired
PSG0104500	.	retired
PSG0104506	.	retired
PSG0104531	.	retired
PSG0104541	.	retired
PSG0104547	.	retired
PSG0104548	.	retired
PSG0104549	.	retired
PSG0104553	.	retired
PSG0104577	.	retired
PSG0104594	.	retired
PSG0104602	.	retired
PSG0104613	.	retired
PSG0104623	.	retired
PSG0104631	.	retired
PSG0104637	.	retired
PSG0104639	.	retired
PSG0104645	.	retired
PSG0104661	.	retired
PSG0104688	.	retired
PSG0104698	.	retired
PSG0104703	.	retired
PSG0104710	.	retired
PSG0104711	.	retired
PSG0104715	.	retired
PSG0104726	.	retired
PSG0104741	.	retired
PSG0104753	.	retired
PSG0104756	.	retired
PSG0104757	.	retired
PSG0104759	.	retired
PSG0104760	.	retired
PSG0104762	.	retired
PSG0104763	.	retired
PSG0104765	.	retired
PSG0104776	.	retired
PSG0104786	.	retired
PSG0104787	.	retired
PSG0104794	.	retired
PSG0104809	.	retired
PSG0104811	.	retired
PSG0104822	.	retired
PSG0104824	.	retired
PSG0104830	.	retired
PSG0104831	.	retired
PSG0104837	.	retired
PSG0104846	.	retired
PSG0104880	.	retired
PSG0104904	.	retired
PSG0104916	.	retired
PSG0104932	.	retired
PSG0104939	.	retired
PSG0104943	.	retired
PSG0104956	.	retired
PSG0104958	.	retired
PSG0104965	.	retired
PSG0104978	.	retired
PSG0104990	.	retired
PSG0104996	.	retired
PSG0104997	.	retired
PSG0104998	.	retired
PSG0105002	.	retired
PSG0105011	.	retired
PSG0105019	.	retired
PSG0105021	.	retired
PSG0105027	.	retired
PSG0105028	.	retired
PSG0105033	.	retired
PSG0105039	.	retired
PSG0105043	.	retired
PSG0105050	.	retired
PSG0105056	.	retired
PSG0105061	.	retired
PSG0105067	.	retired
PSG0105068	.	retired
PSG0105069	.	retired
PSG0105077	.	retired
PSG0105086	.	retired
PSG0105088	.	retired
PSG0105089	.	retired
PSG0105090	.	retired
PSG0105095	.	retired
PSG0105133	.	retired
PSG0105161	.	retired
PSG0105164	.	retired
PSG0105167	.	retired
PSG0105171	.	retired
PSG0105172	.	retired
PSG0105174	.	retired
PSG0105175	.	retired
PSG0105199	.	retired
PSG0105210	.	retired
PSG0105216	.	retired
PSG0105219	.	retired
PSG0105237	.	retired
PSG0105244	.	retired
PSG0105247	.	retired
PSG0105262	.	retired
PSG0105273	.	retired
PSG0105285	.	retired
PSG0105310	.	retired
PSG0105319	.	retired
PSG0105332	.	retired
PSG0105333	.	retired
PSG0105334	.	retired
PSG0105352	.	retired
PSG0105362	.	retired
PSG0105367	.	retired
PSG0105376	.	retired
PSG0105401	.	retired
PSG0105404	.	retired
PSG0105409	.	retired
PSG0105413	.	retired
PSG0105421	.	retired
PSG0105425	.	retired
PSG0105426	.	retired
PSG0105427	.	retired
PSG0105433	.	retired
PSG0105441	.	retired
PSG0105452	.	retired
PSG0105456	.	retired
PSG0105458	.	retired
PSG0105461	.	retired
PSG0105462	.	retired
PSG0105464	.	retired
PSG0105475	.	retired
PSG0105487	.	retired
PSG0105491	.	retired
PSG0105500	.	retired
PSG0105504	.	retired
PSG0105505	.	retired
PSG0105515	.	retired
PSG0105519	.	retired
PSG0105521	.	retired
PSG0105530	.	retired
PSG0105533	.	retired
PSG0105565	.	retired
PSG0105571	.	retired
PSG0105574	.	retired
PSG0105580	.	retired
PSG0105586	.	retired
PSG0105593	.	retired
PSG0105638	.	retired
PSG0105639	.	retired
PSG0105646	.	retired
PSG0105650	.	retired
PSG0105653	.	retired
PSG0105658	.	retired
PSG0105700	.	retired
PSG0105701	.	retired
PSG0105705	.	retired
PSG0105718	.	retired
PSG0105720	.	retired
PSG0105725	.	retired
PSG0105732	.	retired
PSG0105737	.	retired
PSG0105740	.	retired
PSG0105750	.	retired
PSG0105760	.	retired
PSG0105765	.	retired
PSG0105768	.	retired
PSG0105800	.	retired
PSG0105812	.	retired
PSG0105813	.	retired
PSG0105817	.	retired
PSG0105834	.	retired
PSG0105841	.	retired
PSG0105858	.	retired
PSG0105887	.	retired
PSG0105911	.	retired
PSG0105930	.	retired
PSG0105932	.	retired
PSG0105933	.	retired
PSG0105962	.	retired
PSG0105964	.	retired
PSG0105981	.	retired
PSG0105983	.	retired
PSG0105997	.	retired
PSG0105999	.	retired
PSG0106016	.	retired
PSG0106056	.	retired
PSG0106060	.	retired
PSG0106068	.	retired
PSG0106080	.	retired
PSG0106083	.	retired
PSG0106085	.	retired
PSG0106095	.	retired
PSG0106098	.	retired
PSG0106104	.	retired
PSG0106108	.	retired
PSG0106113	.	retired
PSG0106123	.	retired
PSG0106126	.	retired
PSG0106133	.	retired
PSG0106136	.	retired
PSG0106142	.	retired
PSG0106147	.	retired
PSG0106153	.	retired
PSG0106154	.	retired
PSG0106157	.	retired
PSG0106172	.	retired
PSG0106205	.	retired
PSG0106217	.	retired
PSG0106222	.	retired
PSG0106250	.	retired
PSG0106267	.	retired
PSG0106272	.	retired
PSG0106279	.	retired
PSG0106311	.	retired
PSG0106348	.	retired
PSG0106350	.	retired
PSG0106361	.	retired
PSG0106370	.	retired
PSG0106393	.	retired
PSG0106407	.	retired
PSG0106410	.	retired
PSG0106418	.	retired
PSG0106419	.	retired
PSG0106430	.	retired
PSG0106432	.	retired
PSG0106435	.	retired
PSG0106463	.	retired
PSG0106470	.	retired
PSG0106473	.	retired
PSG0106487	.	retired
PSG0106497	.	retired
PSG0106504	.	retired
PSG0106511	.	retired
PSG0106513	.	retired
PSG0106525	.	retired
PSG0106527	.	retired
PSG0106534	.	retired
PSG0106542	.	retired
PSG0106544	.	retired
PSG0106546	.	retired
PSG0106553	.	retired
PSG0106570	.	retired
PSG0106571	.	retired
PSG0106577	.	retired
PSG0106581	.	retired
PSG0106588	.	retired
PSG0106594	.	retired
PSG0106641	.	retired
PSG0106656	.	retired
PSG0106667	.	retired
PSG0106676	.	retired
PSG0106678	.	retired
PSG0106680	.	retired
PSG0106685	.	retired
PSG0106712	.	retired
PSG0106719	.	retired
PSG0106734	.	retired
PSG0106746	.	retired
PSG0106751	.	retired
PSG0106765	.	retired
PSG0106766	.	retired
PSG0106774	.	retired
PSG0106813	.	retired
PSG0106837	.	retired
PSG0106857	.	retired
PSG0106865	.	retired
PSG0106868	.	retired
PSG0106871	.	retired
PSG0106872	.	retired
PSG0106873	.	retired
PSG0106888	.	retired
PSG0106889	.	retired
PSG0106892	.	retired
PSG0106897	.	retired
PSG0106903	.	retired
PSG0106923	.	retired
PSG0106931	.	retired
PSG0106936	.	retired
PSG0106946	.	retired
PSG0106947	.	retired
PSG0106949	.	retired
PSG0106951	.	retired
PSG0106955	.	retired
PSG0106969	.	retired
PSG0106980	.	retired
PSG0106990	.	retired
PSG0107005	.	retired
PSG0107018	.	retired
PSG0107024	.	retired
PSG0107027	.	retired
PSG0107031	.	retired
PSG0107033	.	retired
PSG0107035	.	retired
PSG0107042	.	retired
PSG0107043	.	retired
PSG0107045	.	retired
PSG0107047	.	retired
PSG0107057	.	retired
PSG0107060	.	retired
PSG0107061	.	retired
PSG0107065	.	retired
PSG0107074	.	retired
PSG0107075	.	retired
PSG0107089	.	retired
PSG0107129	.	retired
PSG0107130	.	retired
PSG0107137	.	retired
PSG0107138	.	retired
PSG0107145	.	retired
PSG0107146	.	retired
PSG0107175	.	retired
PSG0107180	.	retired
PSG0107186	.	retired
PSG0107187	.	retired
PSG0107190	.	retired
PSG0107191	.	retired
PSG0107197	.	retired
PSG0107202	.	retired
PSG0107203	.	retired
PSG0107204	.	retired
PSG0107215	.	retired
PSG0107236	.	retired
PSG0107240	.	retired
PSG0107244	.	retired
PSG0107246	.	retired
PSG0107266	.	retired
PSG0107277	.	retired
PSG0107284	.	retired
PSG0107285	.	retired
PSG0107293	.	retired
PSG0107300	.	retired
PSG0107302	.	retired
PSG0107304	.	retired
PSG0107316	.	retired
PSG0107321	.	retired
PSG0107332	.	retired
PSG0107339	.	retired
PSG0107350	.	retired
PSG0107368	.	retired
PSG0107370	.	retired
PSG0107375	.	retired
PSG0107381	.	retired
PSG0107382	.	retired
PSG0107389	.	retired
PSG0107394	.	retired
PSG0107407	.	retired
PSG0107411	.	retired
PSG0107440	.	retired
PSG0107442	.	retired
PSG0107452	.	retired
PSG0107468	.	retired
PSG0107471	.	retired
PSG0107484	.	retired
PSG0107486	.	retired
PSG0107489	.	retired
PSG0107492	.	retired
PSG0107512	.	retired
PSG0107513	.	retired
PSG0107519	.	retired
PSG0107527	.	retired
PSG0107539	.	retired
PSG0107541	.	retired
PSG0107542	.	retired
PSG0107545	.	retired
PSG0107546	.	retired
PSG0107553	.	retired
PSG0107555	.	retired
PSG0107556	.	retired
PSG0107561	.	retired
PSG0107566	.	retired
PSG0107572	.	retired
PSG0107573	.	retired
PSG0107579	.	retired
PSG0107581	.	retired
PSG0107585	.	retired
PSG0107608	.	retired
PSG0107611	.	retired
PSG0107622	.	retired
PSG0107627	.	retired
PSG0107666	.	retired
PSG0107686	.	retired
PSG0107688	.	retired
PSG0107689	.	retired
PSG0107696	.	retired
PSG0107715	.	retired
PSG0107729	.	retired
PSG0107740	.	retired
PSG0107741	.	retired
PSG0107743	.	retired
PSG0107772	.	retired
PSG0107776	.	retired
PSG0107785	.	retired
PSG0107789	.	retired
PSG0107803	.	retired
PSG0107811	.	retired
PSG0107818	.	retired
PSG0107830	.	retired
PSG0107831	.	retired
PSG0107835	.	retired
PSG0107842	.	retired
PSG0107844	.	retired
PSG0107848	.	retired
PSG0107858	.	retired
PSG0107876	.	retired
PSG0107881	.	retired
PSG0107883	.	retired
PSG0107885	.	retired
PSG0107887	.	retired
PSG0107888	.	retired
PSG0107919	.	retired
PSG0107920	.	retired
PSG0107925	.	retired
PSG0107931	.	retired
PSG0107939	.	retired
PSG0107945	.	retired
PSG0107960	.	retired
PSG0107962	.	retired
PSG0107965	.	retired
PSG0107988	.	retired
PSG0108008	.	retired
PSG0108029	.	retired
PSG0108036	.	retired
PSG0108037	.	retired
PSG0108040	.	retired
PSG0108046	.	retired
PSG0108047	.	retired
PSG0108050	.	retired
PSG0108064	.	retired
PSG0108065	.	retired
PSG0108075	.	retired
PSG0108076	.	retired
PSG0108105	.	retired
PSG0108107	.	retired
PSG0108137	.	retired
PSG0108144	.	retired
PSG0108145	.	retired
PSG0108153	.	retired
PSG0108161	.	retired
PSG0108163	.	retired
PSG0108178	.	retired
PSG0108181	.	retired
PSG0108188	.	retired
PSG0108189	.	retired
PSG0108215	.	retired
PSG0108219	.	retired
PSG0108222	.	retired
PSG0108226	.	retired
PSG0108232	.	retired
PSG0108237	.	retired
PSG0108238	.	retired
PSG0108241	.	retired
PSG0108259	.	retired
PSG0108270	.	retired
PSG0108273	.	retired
PSG0108286	.	retired
PSG0108288	.	retired
PSG0108303	.	retired
PSG0108316	.	retired
PSG0108317	.	retired
PSG0108318	.	retired
PSG0108320	.	retired
PSG0108324	.	retired
PSG0108352	.	retired
PSG0108357	.	retired
PSG0108390	.	retired
PSG0108408	.	retired
PSG0108414	.	retired
PSG0108415	.	retired
PSG0108440	.	retired
PSG0108446	.	retired
PSG0108460	.	retired
PSG0108463	.	retired
PSG0108464	.	retired
PSG0108476	.	retired
PSG0108478	.	retired
PSG0108490	.	retired
PSG0108498	.	retired
PSG0108500	.	retired
PSG0108526	.	retired
PSG0108537	.	retired
PSG0108541	.	retired
PSG0108542	.	retired
PSG0108545	.	retired
PSG0108551	.	retired
PSG0108553	.	retired
PSG0108556	.	retired
PSG0108567	.	retired
PSG0108571	.	retired
PSG0108577	.	retired
PSG0108578	.	retired
PSG0108581	.	retired
PSG0108588	.	retired
PSG0108590	.	retired
PSG0108591	.	retired
PSG0108593	.	retired
PSG0108598	.	retired
PSG0108626	.	retired
PSG0108627	.	retired
PSG0108629	.	retired
PSG0108632	.	retired
PSG0108643	.	retired
PSG0108656	.	retired
PSG0108661	.	retired
PSG0108665	.	retired
PSG0108666	.	retired
PSG0108674	.	retired
PSG0108678	.	retired
PSG0108682	.	retired
PSG0108694	.	retired
PSG0108700	.	retired
PSG0108708	.	retired
PSG0108747	.	retired
PSG0108758	.	retired
PSG0108765	.	retired
PSG0108778	.	retired
PSG0108784	.	retired
PSG0108787	.	retired
PSG0108790	.	retired
PSG0108799	.	retired
PSG0108833	.	retired
PSG0108837	.	retired
PSG0108856	.	retired
PSG0108866	.	retired
PSG0108867	.	retired
PSG0108870	.	retired
PSG0108896	.	retired
PSG0108900	.	retired
PSG0108918	.	retired
PSG0108923	.	retired
PSG0108935	.	retired
PSG0108962	.	retired
PSG0108963	.	retired
PSG0108968	.	retired
PSG0108983	.	retired
PSG0108987	.	retired
PSG0108989	.	retired
PSG0109000	.	retired
PSG0109002	.	retired
PSG0109003	.	retired
PSG0109005	.	retired
PSG0109013	.	retired
PSG0109015	.	retired
PSG0109018	.	retired
PSG0109046	.	retired
PSG0109050	.	retired
PSG0109056	.	retired
PSG0109101	.	retired
PSG0109102	.	retired
PSG0109120	.	retired
PSG0109133	.	retired
PSG0109139	.	retired
PSG0109161	.	retired
PSG0109164	.	retired
PSG0109168	.	retired
PSG0109170	.	retired
PSG0109175	.	retired
PSG0109184	.	retired
PSG0109191	.	retired
PSG0109208	.	retired
PSG0109213	.	retired
PSG0109220	.	retired
PSG0109230	.	retired
PSG0109252	.	retired
PSG0109258	.	retired
PSG0109266	.	retired
PSG0109268	.	retired
PSG0109274	.	retired
PSG0109281	.	retired
PSG0109284	.	retired
PSG0109286	.	retired
PSG0109287	.	retired
PSG0109289	.	retired
PSG0109303	.	retired
PSG0109306	.	retired
PSG0109313	.	retired
PSG0109331	.	retired
PSG0109340	.	retired
PSG0109386	.	retired
PSG0109392	.	retired
PSG0109393	.	retired
PSG0109405	.	retired
PSG0109410	.	retired
PSG0109416	.	retired
PSG0109417	.	retired
PSG0109428	.	retired
PSG0109439	.	retired
PSG0109443	.	retired
PSG0109445	.	retired
PSG0109462	.	retired
PSG0109471	.	retired
PSG0109486	.	retired
PSG0109487	.	retired
PSG0109489	.	retired
PSG0109492	.	retired
PSG0109506	.	retired
PSG0109513	.	retired
PSG0109514	.	retired
PSG0109520	.	retired
PSG0109522	.	retired
PSG0109526	.	retired
PSG0109544	.	retired
PSG0109554	.	retired
PSG0109557	.	retired
PSG0109567	.	retired
PSG0109573	.	retired
PSG0109582	.	retired
PSG0109596	.	retired
PSG0109597	.	retired
PSG0109603	.	retired
PSG0109605	.	retired
PSG0109612	.	retired
PSG0109616	.	retired
PSG0109648	.	retired
PSG0109651	.	retired
PSG0109657	.	retired
PSG0109672	.	retired
PSG0109678	.	retired
PSG0109682	.	retired
PSG0109714	.	retired
PSG0109726	.	retired
PSG0109727	.	retired
PSG0109730	.	retired
PSG0109744	.	retired
PSG0109745	.	retired
PSG0109762	.	retired
PSG0109765	.	retired
PSG0109776	.	retired
PSG0109787	.	retired
PSG0109805	.	retired
PSG0109807	.	retired
PSG0109812	.	retired
PSG0109815	.	retired
PSG0109826	.	retired
PSG0109834	.	retired
PSG0109838	.	retired
PSG0109858	.	retired
PSG0109863	.	retired
PSG0109881	.	retired
PSG0109935	.	retired
PSG0109942	.	retired
PSG0109949	.	retired
PSG0109951	.	retired
PSG0109966	.	retired
PSG0110014	.	retired
PSG0110033	.	retired
PSG0110039	.	retired
PSG0110041	.	retired
PSG0110055	.	retired
PSG0110079	.	retired
PSG0110099	.	retired
PSG0110115	.	retired
PSG0110168	.	retired
PSG0110189	.	retired
PSG0110196	.	retired
PSG0110199	.	retired
PSG0110202	.	retired
PSG0110213	.	retired
PSG0110214	.	retired
PSG0110215	.	retired
PSG0110223	.	retired
PSG0110241	.	retired
PSG0110244	.	retired
PSG0110246	.	retired
PSG0110266	.	retired
PSG0110289	.	retired
PSG0110291	.	retired
PSG0110325	.	retired
PSG0110329	.	retired
PSG0110371	.	retired
PSG0110403	.	retired
PSG0110408	.	retired
PSG0110409	.	retired
PSG0110411	.	retired
PSG0110414	.	retired
PSG0110419	.	retired
PSG0110422	.	retired
PSG0110424	.	retired
PSG0110426	.	retired
PSG0110428	.	retired
PSG0110433	.	retired
PSG0110435	.	retired
PSG0110437	.	retired
PSG0110438	.	retired
PSG0110440	.	retired
PSG0110443	.	retired
PSG0110445	.	retired
PSG0110446	.	retired
PSG0110453	.	retired
PSG0110456	.	retired
PSG0110459	.	retired
PSG0110473	.	retired
PSG0110487	.	retired
PSG0110488	.	retired
PSG0110489	.	retired
PSG0110491	.	retired
PSG0110508	.	retired
PSG0110518	.	retired
PSG0110519	.	retired
PSG0110539	.	retired
PSG0110543	.	retired
PSG0110551	.	retired
PSG0110554	.	retired
PSG0110555	.	retired
PSG0110561	.	retired
PSG0110580	.	retired
PSG0110585	.	retired
PSG0110617	.	retired
PSG0110638	.	retired
PSG0110639	.	retired
PSG0110662	.	retired
PSG0110674	.	retired
PSG0110680	.	retired
PSG0110685	.	retired
PSG0110686	.	retired
PSG0110688	.	retired
PSG0110689	.	retired
PSG0110690	.	retired
PSG0110693	.	retired
PSG0110694	.	retired
PSG0110695	.	retired
PSG0110697	.	retired
PSG0110700	.	retired
PSG0110713	.	retired
PSG0110716	.	retired
PSG0110752	.	retired
PSG0110771	.	retired
PSG0110773	.	retired
PSG0110775	.	retired
PSG0110778	.	retired
PSG0110787	.	retired
PSG0110802	.	retired
PSG0110827	.	retired
PSG0110846	.	retired
PSG0110858	.	retired
PSG0110859	.	retired
PSG0110863	.	retired
PSG0110872	.	retired
PSG0110894	.	retired
PSG0110905	.	retired
PSG0110915	.	retired
PSG0110919	.	retired
PSG0110920	.	retired
PSG0110922	.	retired
PSG0110934	.	retired
PSG0110939	.	retired
PSG0110945	.	retired
PSG0110946	.	retired
PSG0110974	.	retired
PSG0110999	.	retired
PSG0111002	.	retired
PSG0111005	.	retired
PSG0111008	.	retired
PSG0111011	.	retired
PSG0111018	.	retired
PSG0111020	.	retired
PSG0111021	.	retired
PSG0111024	.	retired
PSG0111027	.	retired
PSG0111029	.	retired
PSG0111034	.	retired
PSG0111040	.	retired
PSG0111044	.	retired
PSG0111056	.	retired
PSG0111064	.	retired
PSG0111065	.	retired
PSG0111069	.	retired
PSG0111072	.	retired
PSG0111076	.	retired
PSG0111089	.	retired
PSG0111110	.	retired
PSG0111112	.	retired
PSG0111126	.	retired
PSG0111130	.	retired
PSG0111134	.	retired
PSG0111151	.	retired
PSG0111158	.	retired
PSG0111160	.	retired
PSG0111165	.	retired
PSG0111179	.	retired
PSG0111180	.	retired
PSG0111188	.	retired
PSG0111206	.	retired
PSG0111210	.	retired
PSG0111211	.	retired
PSG0111212	.	retired
PSG0111214	.	retired
PSG0111222	.	retired
PSG0111232	.	retired
PSG0111239	.	retired
PSG0111251	.	retired
PSG0111253	.	retired
PSG0111259	.	retired
PSG0111274	.	retired
PSG0111302	.	retired
PSG0111326	.	retired
PSG0111330	.	retired
PSG0111352	.	retired
PSG0111357	.	retired
PSG0111364	.	retired
PSG0111369	.	retired
PSG0111408	.	retired
PSG0111414	.	retired
PSG0111415	.	retired
PSG0111422	.	retired
PSG0111423	.	retired
PSG0111436	.	retired
PSG0111445	.	retired
PSG0111446	.	retired
PSG0111449	.	retired
PSG0111454	.	retired
PSG0111456	.	retired
PSG0111459	.	retired
PSG0111465	.	retired
PSG0111466	.	retired
PSG0111482	.	retired
PSG0111488	.	retired
PSG0111495	.	retired
PSG0111496	.	retired
PSG0111499	.	retired
PSG0111512	.	retired
PSG0111536	.	retired
PSG0111538	.	retired
PSG0111556	.	retired
PSG0111561	.	retired
PSG0111564	.	retired
PSG0111576	.	retired
PSG0111578	.	retired
PSG0111585	.	retired
PSG0111588	.	retired
PSG0111593	.	retired
PSG0111595	.	retired
PSG0111605	.	retired
PSG0111608	.	retired
PSG0111620	.	retired
PSG0111624	.	retired
PSG0111635	.	retired
PSG0111640	.	retired
PSG0111642	.	retired
PSG0111645	.	retired
PSG0111649	.	retired
PSG0111650	.	retired
PSG0111651	.	retired
PSG0111672	.	retired
PSG0111700	.	retired
PSG0111702	.	retired
PSG0111704	.	retired
PSG0111708	.	retired
PSG0111715	.	retired
PSG0111723	.	retired
PSG0111740	.	retired
PSG0111744	.	retired
PSG0111750	.	retired
PSG0111755	.	retired
PSG0111760	.	retired
PSG0111784	.	retired
PSG0111795	.	retired
PSG0111812	.	retired
PSG0111813	.	retired
PSG0111817	.	retired
PSG0111823	.	retired
PSG0111875	.	retired
PSG0111889	.	retired
PSG0111890	.	retired
PSG0111891	.	retired
PSG0111893	.	retired
PSG0111894	.	retired
PSG0111905	.	retired
PSG0111907	.	retired
PSG0111925	.	retired
PSG0111928	.	retired
PSG0111929	.	retired
PSG0111937	.	retired
PSG0111941	.	retired
PSG0111946	.	retired
PSG0111947	.	retired
PSG0111949	.	retired
PSG0111958	.	retired
PSG0111969	.	retired
PSG0111978	.	retired
PSG0111979	.	retired
PSG0111986	.	retired
PSG0111987	.	retired
PSG0111988	.	retired
PSG0111993	.	retired
PSG0112001	.	retired
PSG0112036	.	retired
PSG0112049	.	retired
PSG0112050	.	retired
PSG0112091	.	retired
PSG0112093	.	retired
PSG0112099	.	retired
PSG0112114	.	retired
PSG0112120	.	retired
PSG0112122	.	retired
PSG0112128	.	retired
PSG0112135	.	retired
PSG0112139	.	retired
PSG0112145	.	retired
PSG0112153	.	retired
PSG0112156	.	retired
PSG0112164	.	retired
PSG0112171	.	retired
PSG0112173	.	retired
PSG0112174	.	retired
PSG0112176	.	retired
PSG0112178	.	retired
PSG0112183	.	retired
PSG0112198	.	retired
PSG0112201	.	retired
PSG0112224	.	retired
PSG0112246	.	retired
PSG0112261	.	retired
PSG0112262	.	retired
PSG0112264	.	retired
PSG0112279	.	retired
PSG0112295	.	retired
PSG0112305	.	retired
PSG0112320	.	retired
PSG0112325	.	retired
PSG0112348	.	retired
PSG0112350	.	retired
PSG0112375	.	retired
PSG0112378	.	retired
PSG0112389	.	retired
PSG0112399	.	retired
PSG0112425	.	retired
PSG0112433	.	retired
PSG0112444	.	retired
PSG0112451	.	retired
PSG0112461	.	retired
PSG0112462	.	retired
PSG0112463	.	retired
PSG0112467	.	retired
PSG0112481	.	retired
PSG0112482	.	retired
PSG0112489	.	retired
PSG0112490	.	retired
PSG0112497	.	retired
PSG0112510	.	retired
PSG0112511	.	retired
PSG0112514	.	retired
PSG0112541	.	retired
PSG0112551	.	retired
PSG0112563	.	retired
PSG0112592	.	retired
PSG0112595	.	retired
PSG0112601	.	retired
PSG0112614	.	retired
PSG0112623	.	retired
PSG0112628	.	retired
PSG0112629	.	retired
PSG0112630	.	retired
PSG0112648	.	retired
PSG0112651	.	retired
PSG0112654	.	retired
PSG0112660	.	retired
PSG0112666	.	retired
PSG0112680	.	retired
PSG0112683	.	retired
PSG0112698	.	retired
PSG0112699	.	retired
PSG0112710	.	retired
PSG0112738	.	retired
PSG0112750	.	retired
PSG0112762	.	retired
PSG0112767	.	retired
PSG0112775	.	retired
PSG0112783	.	retired
PSG0112789	.	retired
PSG0112791	.	retired
PSG0112794	.	retired
PSG0112798	.	retired
PSG0112804	.	retired
PSG0112805	.	retired
PSG0112807	.	retired
PSG0112809	.	retired
PSG0112810	.	retired
PSG0112814	.	retired
PSG0112815	.	retired
PSG0112824	.	retired
PSG0112845	.	retired
PSG0112851	.	retired
PSG0112853	.	retired
PSG0112855	.	retired
PSG0112862	.	retired
PSG0112863	.	retired
PSG0112875	.	retired
PSG0112876	.	retired
PSG0112885	.	retired
PSG0112895	.	retired
PSG0112916	.	retired
PSG0112926	.	retired
PSG0112943	.	retired
PSG0112945	.	retired
PSG0112948	.	retired
PSG0112950	.	retired
PSG0112952	.	retired
PSG0112982	.	retired
PSG0112985	.	retired
PSG0112986	.	retired
PSG0112993	.	retired
PSG0112997	.	retired
PSG0113003	.	retired
PSG0113006	.	retired
PSG0113010	.	retired
PSG0113016	.	retired
PSG0113017	.	retired
PSG0113025	.	retired
PSG0113035	.	retired
PSG0113046	.	retired
PSG0113062	.	retired
PSG0113088	.	retired
PSG0113091	.	retired
PSG0113109	.	retired
PSG0113115	.	retired
PSG0113130	.	retired
PSG0113131	.	retired
PSG0113133	.	retired
PSG0113137	.	retired
PSG0113138	.	retired
PSG0113175	.	retired
PSG0113183	.	retired
PSG0113185	.	retired
PSG0113192	.	retired
PSG0113208	.	retired
PSG0113215	.	retired
PSG0113223	.	retired
PSG0113242	.	retired
PSG0113243	.	retired
PSG0113244	.	retired
PSG0113245	.	retired
PSG0113246	.	retired
PSG0113256	.	retired
PSG0113262	.	retired
PSG0113271	.	retired
PSG0113277	.	retired
PSG0113279	.	retired
PSG0113280	.	retired
PSG0113289	.	retired
PSG0113305	.	retired
PSG0113312	.	retired
PSG0113317	.	retired
PSG0113328	.	retired
PSG0113374	.	retired
PSG0113385	.	retired
PSG0113387	.	retired
PSG0113388	.	retired
PSG0113413	.	retired
PSG0113418	.	retired
PSG0113426	.	retired
PSG0113431	.	retired
PSG0113437	.	retired
PSG0113438	.	retired
PSG0113439	.	retired
PSG0113442	.	retired
PSG0113469	.	retired
PSG0113486	.	retired
PSG0113503	.	retired
PSG0113516	.	retired
PSG0113544	.	retired
PSG0113559	.	retired
PSG0113578	.	retired
PSG0113602	.	retired
PSG0113621	.	retired
PSG0113635	.	retired
PSG0113643	.	retired
PSG0113646	.	retired
PSG0113648	.	retired
PSG0113656	.	retired
PSG0113689	.	retired
PSG0113694	.	retired
PSG0113700	.	retired
PSG0113702	.	retired
PSG0113711	.	retired
PSG0113716	.	retired
PSG0113717	.	retired
PSG0113731	.	retired
PSG0113734	.	retired
PSG0113743	.	retired
PSG0113756	.	retired
PSG0113759	.	retired
PSG0113760	.	retired
PSG0113761	.	retired
PSG0113778	.	retired
PSG0113780	.	retired
PSG0113793	.	retired
PSG0113803	.	retired
PSG0113804	.	retired
PSG0113812	.	retired
PSG0113814	.	retired
PSG0113853	.	retired
PSG0113858	.	retired
PSG0113861	.	retired
PSG0113877	.	retired
PSG0113908	.	retired
PSG0113914	.	retired
PSG0113957	.	retired
PSG0113981	.	retired
PSG0113986	.	retired
PSG0114078	.	retired
PSG0114089	.	retired
PSG0114103	.	retired
PSG0114110	.	retired
PSG0114116	.	retired
PSG0114121	.	retired
PSG0114140	.	retired
PSG0114173	.	retired
PSG0114192	.	retired
PSG0114217	.	retired
PSG0114241	.	retired
PSG0114242	.	retired
PSG0114243	.	retired
PSG0114248	.	retired
PSG0114260	.	retired
PSG0114263	.	retired
PSG0114275	.	retired
PSG0114277	.	retired
PSG0114299	.	retired
PSG0114311	.	retired
PSG0114324	.	retired
PSG0114346	.	retired
PSG0114352	.	retired
PSG0114353	.	retired
PSG0114357	.	retired
PSG0114360	.	retired
PSG0114363	.	retired
PSG0114365	.	retired
PSG0114368	.	retired
PSG0114370	.	retired
PSG0114371	.	retired
PSG0114377	.	retired
PSG0114379	.	retired
PSG0114382	.	retired
PSG0114391	.	retired
PSG0114440	.	retired
PSG0114455	.	retired
PSG0114470	.	retired
PSG0114485	.	retired
PSG0114523	.	retired
PSG0114579	.	retired
PSG0114615	.	retired
PSG0114619	.	retired
PSG0114643	.	retired
PSG0114651	.	retired
PSG0114654	.	retired
PSG0114665	.	retired
PSG0114670	.	retired
PSG0114672	.	retired
PSG0114683	.	retired
PSG0114695	.	retired
PSG0114697	.	retired
PSG0114724	.	retired
PSG0114777	.	retired
PSG0114792	.	retired
PSG0114794	.	retired
PSG0114795	.	retired
PSG0114796	.	retired
PSG0114815	.	retired
PSG0114830	.	retired
PSG0114832	.	retired
PSG0114843	.	retired
PSG0114851	.	retired
PSG0114859	.	retired
PSG0114869	.	retired
PSG0114872	.	retired
PSG0114896	.	retired
PSG0114917	.	retired
PSG0114926	.	retired
PSG0114935	.	retired
PSG0114997	.	retired
PSG0114998	.	retired
PSG0115039	.	retired
PSG0115075	.	retired
PSG0115076	.	retired
PSG0115088	.	retired
PSG0115089	.	retired
PSG0115091	.	retired
PSG0115106	.	retired
PSG0115166	.	retired
PSG0115167	.	retired
PSG0115170	.	retired
PSG0115172	.	retired
PSG0115174	.	retired
PSG0115175	.	retired
PSG0115180	.	retired
PSG0115202	.	retired
PSG0115215	.	retired
PSG0115216	.	retired
PSG0115247	.	retired
PSG0115260	.	retired
PSG0115281	.	retired
PSG0115292	.	retired
PSG0115315	.	retired
PSG0115325	.	retired
PSG0115331	.	retired
PSG0115339	.	retired
PSG0115354	.	retired
PSG0115368	.	retired
PSG0115384	.	retired
PSG0115400	.	retired
PSG0115430	.	retired
PSG0115464	.	retired
PSG0115494	.	retired
PSG0115509	.	retired
PSG0115516	.	retired
PSG0115535	.	retired
PSG0115536	.	retired
PSG0115559	.	retired
PSG0115596	.	retired
PSG0115650	.	retired
PSG0115651	.	retired
PSG0115655	.	retired
PSG0115673	.	retired
PSG0115679	.	retired
PSG0115683	.	retired
PSG0115715	.	retired
PSG0115725	.	retired
PSG0115738	.	retired
PSG0115791	.	retired
PSG0115796	.	retired
PSG0115827	.	retired
PSG0115835	.	retired
PSG0115836	.	retired
PSG0115846	.	retired
PSG0115847	.	retired
PSG0115848	.	retired
PSG0115863	.	retired
PSG0115902	.	retired
PSG0115903	.	retired
PSG0115919	.	retired
PSG0115922	.	retired
PSG0115933	.	retired
PSG0115952	.	retired
PSG0115959	.	retired
PSG0115963	.	retired
PSG0115990	.	retired
PSG0116005	.	retired
PSG0116046	.	retired
PSG0116070	.	retired
PSG0116078	.	retired
PSG0116090	.	retired
PSG0116093	.	retired
PSG0116094	.	retired
PSG0116096	.	retired
PSG0116102	.	retired
PSG0116198	.	retired
PSG0116206	.	retired
PSG0116207	.	retired
PSG0116209	.	retired
PSG0116214	.	retired
PSG0116215	.	retired
PSG0116223	.	retired
PSG0116250	.	retired
PSG0116273	.	retired
PSG0116274	.	retired
PSG0116288	.	retired
PSG0116289	.	retired
PSG0116290	.	retired
PSG0116295	.	retired
PSG0116296	.	retired
PSG0116299	.	retired
PSG0116316	.	retired
PSG0116344	.	retired
PSG0116346	.	retired
PSG0116348	.	retired
PSG0116351	.	retired
PSG0116352	.	retired
PSG0116366	.	retired
PSG0116367	.	retired
PSG0116368	.	retired
PSG0116369	.	retired
PSG0116383	.	retired
PSG0116398	.	retired
PSG0116400	.	retired
PSG0116403	.	retired
PSG0116409	.	retired
PSG0116410	.	retired
PSG0116411	.	retired
PSG0116418	.	retired
PSG0116440	.	retired
PSG0116447	.	retired
PSG0116450	.	retired
PSG0116451	.	retired
PSG0116471	.	retired
PSG0116473	.	retired
PSG0116477	.	retired
PSG0116480	.	retired
PSG0116485	.	retired
PSG0116486	.	retired
PSG0116487	.	retired
PSG0116531	.	retired
PSG0116551	.	retired
PSG0116576	.	retired
PSG0116603	.	retired
PSG0116633	.	retired
PSG0116644	.	retired
PSG0116651	.	retired
PSG0116701	.	retired
PSG0116731	.	retired
PSG0116732	.	retired
PSG0116735	.	retired
PSG0116754	.	retired
PSG0116756	.	retired
PSG0116762	.	retired
PSG0116769	.	retired
PSG0116772	.	retired
PSG0116788	.	retired
PSG0116802	.	retired
PSG0116817	.	retired
PSG0116822	.	retired
PSG0116831	.	retired
PSG0116832	.	retired
PSG0116835	.	retired
PSG0116836	.	retired
PSG0116898	.	retired
PSG0116906	.	retired
PSG0116925	.	retired
PSG0116936	.	retired
PSG0116941	.	retired
PSG0116948	.	retired
PSG0116958	.	retired
PSG0116959	.	retired
PSG0116970	.	retired
PSG0116971	.	retired
PSG0116973	.	retired
PSG0116977	.	retired
PSG0116992	.	retired
PSG0117015	.	retired
PSG0117070	.	retired
PSG0117071	.	retired
PSG0117072	.	retired
PSG0117074	.	retired
PSG0117077	.	retired
PSG0117082	.	retired
PSG0117084	.	retired
PSG0117085	.	retired
PSG0117086	.	retired
PSG0117090	.	retired
PSG0117093	.	retired
PSG0117094	.	retired
PSG0117097	.	retired
PSG0117103	.	retired
PSG0117144	.	retired
PSG0117149	.	retired
PSG0117170	.	retired
PSG0117171	.	retired
PSG0117174	.	retired
PSG0117185	.	retired
PSG0117198	.	retired
PSG0117208	.	retired
PSG0117228	.	retired
PSG0117264	.	retired
PSG0117272	.	retired
PSG0117286	.	retired
PSG0117300	.	retired
PSG0117349	.	retired
PSG0117372	.	retired
PSG0117375	.	retired
PSG0117387	.	retired
PSG0117413	.	retired
PSG0117419	.	retired
PSG0117421	.	retired
PSG0117424	.	retired
PSG0117432	.	retired
PSG0117439	.	retired
PSG0117440	.	retired
PSG0117441	.	retired
PSG0117442	.	retired
PSG0117447	.	retired
PSG0117449	.	retired
PSG0117459	.	retired
PSG0117463	.	retired
PSG0117465	.	retired
PSG0117467	.	retired
PSG0117521	.	retired
PSG0117526	.	retired
PSG0117533	.	retired
PSG0117534	.	retired
PSG0117544	.	retired
PSG0117562	.	retired
PSG0117580	.	retired
PSG0117586	.	retired
PSG0117619	.	retired
PSG0117685	.	retired
PSG0117736	.	retired
PSG0117739	.	retired
PSG0117740	.	retired
PSG0117747	.	retired
PSG0117748	.	retired
PSG0117749	.	retired
PSG0117750	.	retired
PSG0117757	.	retired
PSG0117764	.	retired
PSG0117781	.	retired
PSG0117785	.	retired
PSG0117795	.	retired
PSG0117798	.	retired
PSG0117799	.	retired
PSG0117807	.	retired
PSG0117808	.	retired
PSG0117809	.	retired
PSG0117811	.	retired
PSG0117832	.	retired
PSG0117846	.	retired
PSG0117847	.	retired
PSG0117848	.	retired
PSG0117852	.	retired
PSG0117855	.	retired
PSG0117856	.	retired
PSG0117860	.	retired
PSG0117863	.	retired
PSG0117864	.	retired
PSG0117876	.	retired
PSG0117894	.	retired
PSG0117895	.	retired
PSG0117897	.	retired
PSG0117903	.	retired
PSG0117922	.	retired
PSG0117932	.	retired
PSG0117941	.	retired
PSG0117970	.	retired
PSG0117973	.	retired
PSG0117984	.	retired
PSG0118013	.	retired
PSG0118022	.	retired
PSG0118035	.	retired
PSG0118045	.	retired
PSG0118057	.	retired
PSG0118060	.	retired
PSG0118061	.	retired
PSG0118075	.	retired
PSG0118096	.	retired
PSG0118130	.	retired
PSG0118140	.	retired
PSG0118167	.	retired
PSG0118172	.	retired
PSG0118176	.	retired
PSG0118186	.	retired
PSG0118187	.	retired
PSG0118198	.	retired
PSG0118219	.	retired
PSG0118226	.	retired
PSG0118227	.	retired
PSG0118228	.	retired
PSG0118238	.	retired
PSG0118244	.	retired
PSG0118255	.	retired
PSG0118257	.	retired
PSG0118259	.	retired
PSG0118265	.	retired
PSG0118270	.	retired
PSG0118288	.	retired
PSG0118324	.	retired
PSG0118340	.	retired
PSG0118380	.	retired
PSG0118385	.	retired
PSG0118406	.	retired
PSG0118407	.	retired
PSG0118409	.	retired
PSG0118436	.	retired
PSG0118437	.	retired
PSG0118465	.	retired
PSG0118466	.	retired
PSG0118498	.	retired
PSG0118518	.	retired
PSG0118545	.	retired
PSG0118552	.	retired
PSG0118553	.	retired
PSG0118600	.	retired
PSG0118601	.	retired
PSG0118604	.	retired
PSG0118616	.	retired
PSG0118681	.	retired
PSG0118683	.	retired
PSG0118685	.	retired
PSG0118761	.	retired
PSG0118763	.	retired
PSG0118764	.	retired
PSG0118767	.	retired
PSG0118790	.	retired
PSG0118801	.	retired
PSG0118802	.	retired
PSG0118810	.	retired
PSG0118827	.	retired
PSG0118835	.	retired
PSG0118837	.	retired
PSG0118842	.	retired
PSG0118930	.	retired
PSG0118932	.	retired
PSG0118935	.	retired
PSG0118939	.	retired
PSG0118940	.	retired
PSG0118943	.	retired
PSG0118944	.	retired
PSG0118954	.	retired
PSG0118974	.	retired
PSG0118975	.	retired
PSG0118976	.	retired
PSG0118989	.	retired
PSG0119021	.	retired
PSG0119023	.	retired
PSG0119029	.	retired
PSG0119047	.	retired
PSG0119057	.	retired
PSG0119061	.	retired
PSG0119062	.	retired
PSG0119076	.	retired
PSG0119088	.	retired
PSG0119111	.	retired
PSG0119132	.	retired
PSG0119155	.	retired
PSG0119193	.	retired
PSG0119194	.	retired
PSG0119221	.	retired
PSG0119234	.	retired
PSG0119275	.	retired
PSG0119278	.	retired
PSG0119294	.	retired
PSG0119303	.	retired
PSG0119322	.	retired
PSG0119341	.	retired
PSG0119343	.	retired
PSG0119344	.	retired
PSG0119347	.	retired
PSG0119348	.	retired
PSG0119361	.	retired
PSG0119362	.	retired
PSG0119390	.	retired
PSG0119396	.	retired
PSG0119401	.	retired
PSG0119405	.	retired
PSG0119425	.	retired
PSG0119444	.	retired
PSG0119458	.	retired
PSG0119462	.	retired
PSG0119463	.	retired
PSG0119467	.	retired
PSG0119498	.	retired
PSG0119500	.	retired
PSG0119506	.	retired
PSG0119512	.	retired
PSG0119517	.	retired
PSG0119523	.	retired
PSG0119527	.	retired
PSG0119530	.	retired
PSG0119541	.	retired
PSG0119546	.	retired
PSG0119552	.	retired
PSG0119563	.	retired
PSG0119569	.	retired
PSG0119570	.	retired
PSG0119595	.	retired
PSG0119609	.	retired
PSG0119617	.	retired
PSG0119618	.	retired
PSG0119622	.	retired
PSG0119649	.	retired
PSG0119657	.	retired
PSG0119676	.	retired
PSG0119678	.	retired
PSG0119682	.	retired
PSG0119685	.	retired
PSG0119700	.	retired
PSG0119701	.	retired
PSG0119702	.	retired
PSG0119739	.	retired
PSG0119752	.	retired
PSG0119753	.	retired
PSG0119754	.	retired
PSG0119756	.	retired
PSG0119768	.	retired
PSG0119773	.	retired
PSG0119781	.	retired
PSG0119835	.	retired
PSG0119898	.	retired
PSG0119911	.	retired
PSG0119919	.	retired
PSG0119929	.	retired
PSG0119934	.	retired
PSG0119935	.	retired
PSG0119946	.	retired
PSG0119994	.	retired
PSG0120001	.	retired
PSG0120004	.	retired
PSG0120016	.	retired
PSG0120027	.	retired
PSG0120046	.	retired
PSG0120047	.	retired
PSG0120048	.	retired
PSG0120049	.	retired
PSG0120102	.	retired
PSG0120128	.	retired
PSG0120134	.	retired
PSG0120136	.	retired
PSG0120141	.	retired
PSG0120142	.	retired
PSG0120151	.	retired
PSG0120182	.	retired
PSG0120184	.	retired
PSG0120200	.	retired
PSG0120202	.	retired
PSG0120204	.	retired
PSG0120228	.	retired
PSG0120236	.	retired
PSG0120237	.	retired
PSG0120249	.	retired
PSG0120251	.	retired
PSG0120271	.	retired
PSG0120287	.	retired
PSG0120322	.	retired
PSG0120331	.	retired
PSG0120394	.	retired
PSG0120441	.	retired
PSG0120446	.	retired
PSG0120468	.	retired
PSG0120495	.	retired
PSG0120496	.	retired
PSG0120498	.	retired
PSG0120509	.	retired
PSG0120567	.	retired
PSG0120582	.	retired
PSG0120614	.	retired
PSG0120621	.	retired
PSG0120629	.	retired
PSG0120633	.	retired
PSG0120642	.	retired
PSG0120683	.	retired
PSG0120751	.	retired
PSG0120767	.	retired
PSG0120814	.	retired
PSG0120827	.	retired
PSG0120854	.	retired
PSG0120866	.	retired
PSG0120870	.	retired
PSG0120908	.	retired
PSG0120941	.	retired
PSG0120942	.	retired
PSG0120943	.	retired
PSG0120947	.	retired
PSG0120954	.	retired
PSG0120965	.	retired
PSG0121003	.	retired
PSG0121031	.	retired
PSG0121040	.	retired
PSG0121042	.	retired
PSG0121060	.	retired
PSG0121062	.	retired
PSG0121063	.	retired
PSG0121067	.	retired
PSG0121069	.	retired
PSG0121072	.	retired
PSG0121080	.	retired
PSG0121084	.	retired
PSG0121093	.	retired
PSG0121100	.	retired
PSG0121116	.	retired
PSG0121121	.	retired
PSG0121131	.	retired
PSG0121207	.	retired
PSG0121214	.	retired
PSG0121237	.	retired
PSG0121248	.	retired
PSG0121265	.	retired
PSG0121299	.	retired
PSG0121346	.	retired
PSG0121350	.	retired
PSG0121370	.	retired
PSG0121388	.	retired
PSG0121392	.	retired
PSG0121397	.	retired
PSG0121398	.	retired
PSG0121399	.	retired
PSG0121408	.	retired
PSG0121411	.	retired
PSG0121423	.	retired
PSG0121424	.	retired
PSG0121444	.	retired
PSG0121454	.	retired
PSG0121459	.	retired
PSG0121460	.	retired
PSG0121478	.	retired
PSG0121479	.	retired
PSG0121481	.	retired
PSG0121482	.	retired
PSG0121518	.	retired
PSG0121519	.	retired
PSG0121530	.	retired
PSG0121537	.	retired
PSG0121541	.	retired
PSG0121543	.	retired
PSG0121564	.	retired
PSG0121578	.	retired
PSG0121627	.	retired
PSG0121637	.	retired
PSG0121640	.	retired
PSG0121657	.	retired
PSG0121659	.	retired
PSG0121667	.	retired
PSG0121669	.	retired
PSG0121672	.	retired
PSG0121681	.	retired
PSG0121696	.	retired
PSG0121698	.	retired
PSG0121721	.	retired
PSG0121736	.	retired
PSG0121749	.	retired
PSG0121750	.	retired
PSG0121762	.	retired
PSG0121765	.	retired
PSG0121770	.	retired
PSG0121772	.	retired
PSG0121780	.	retired
PSG0121794	.	retired
PSG0121796	.	retired
PSG0121827	.	retired
PSG0121828	.	retired
PSG0121832	.	retired
PSG0121851	.	retired
PSG0121889	.	retired
PSG0121890	.	retired
PSG0121922	.	retired
PSG0121923	.	retired
PSG0121924	.	retired
PSG0121929	.	retired
PSG0121937	.	retired
PSG0121950	.	retired
PSG0121986	.	retired
PSG0122002	.	retired
PSG0122005	.	retired
PSG0122015	.	retired
PSG0122025	.	retired
PSG0122031	.	retired
PSG0122046	.	retired
PSG0122048	.	retired
PSG0122049	.	retired
PSG0122070	.	retired
PSG0122071	.	retired
PSG0122082	.	retired
PSG0122107	.	retired
PSG0122122	.	retired
PSG0122126	.	retired
PSG0122132	.	retired
PSG0122138	.	retired
PSG0122139	.	retired
PSG0122140	.	retired
PSG0122145	.	retired
PSG0122147	.	retired
PSG0122152	.	retired
PSG0122180	.	retired
PSG0122182	.	retired
PSG0122184	.	retired
PSG0122186	.	retired
PSG0122223	.	retired
PSG0122224	.	retired
PSG0122238	.	retired
PSG0122271	.	retired
PSG0122275	.	retired
PSG0122281	.	retired
PSG0122282	.	retired
PSG0122286	.	retired
PSG0122289	.	retired
PSG0122293	.	retired
PSG0122295	.	retired
PSG0122328	.	retired
PSG0122329	.	retired
PSG0122346	.	retired
PSG0122350	.	retired
PSG0122368	.	retired
PSG0122377	.	retired
PSG0122385	.	retired
PSG0122416	.	retired
PSG0122418	.	retired
PSG0122442	.	retired
PSG0122450	.	retired
PSG0122458	.	retired
PSG0122480	.	retired
PSG0122506	.	retired
PSG0122519	.	retired
PSG0122537	.	retired
PSG0122548	.	retired
PSG0122566	.	retired
PSG0122607	.	retired
PSG0122623	.	retired
PSG0122644	.	retired
PSG0122645	.	retired
PSG0122658	.	retired
PSG0122677	.	retired
PSG0122696	.	retired
PSG0122722	.	retired
PSG0122723	.	retired
PSG0122726	.	retired
PSG0122727	.	retired
PSG0122758	.	retired
PSG0122776	.	retired
PSG0122809	.	retired
PSG0122832	.	retired
PSG0122836	.	retired
PSG0122848	.	retired
PSG0122849	.	retired
PSG0122868	.	retired
PSG0122894	.	retired
PSG0122913	.	retired
PSG0122941	.	retired
PSG0122993	.	retired
PSG0123029	.	retired
PSG0123030	.	retired
PSG0123033	.	retired
PSG0123035	.	retired
PSG0123084	.	retired
PSG0123096	.	retired
PSG0123098	.	retired
PSG0123132	.	retired
PSG0123135	.	retired
PSG0123158	.	retired
PSG0123193	.	retired
PSG0123195	.	retired
PSG0123196	.	retired
PSG0123204	.	retired
PSG0123229	.	retired
PSG0123253	.	retired
PSG0123254	.	retired
PSG0123296	.	retired
PSG0123309	.	retired
PSG0123352	.	retired
PSG0123356	.	retired
PSG0123372	.	retired
PSG0123443	.	retired
PSG0123445	.	retired
PSG0123448	.	retired
PSG0123458	.	retired
PSG0123469	.	retired
PSG0123479	.	retired
PSG0123484	.	retired
PSG0123494	.	retired
PSG0123497	.	retired
PSG0123520	.	retired
PSG0123565	.	retired
PSG0123590	.	retired
PSG0123599	.	retired
PSG0123603	.	retired
PSG0123618	.	retired
PSG0123621	.	retired
PSG0123632	.	retired
PSG0123641	.	retired
PSG0123645	.	retired
PSG0123646	.	retired
PSG0123651	.	retired
PSG0123676	.	retired
PSG0123690	.	retired
PSG0123694	.	retired
PSG0123698	.	retired
PSG0123705	.	retired
PSG0123713	.	retired
PSG0123721	.	retired
PSG0123723	.	retired
PSG0123726	.	retired
PSG0123738	.	retired
PSG0123786	.	retired
PSG0123787	.	retired
PSG0123793	.	retired
PSG0123794	.	retired
PSG0123816	.	retired
PSG0123858	.	retired
PSG0123860	.	retired
PSG0123861	.	retired
PSG0123866	.	retired
PSG0123869	.	retired
PSG0123870	.	retired
PSG0123872	.	retired
PSG0123875	.	retired
PSG0123876	.	retired
PSG0123888	.	retired
PSG0123891	.	retired
PSG0123893	.	retired
PSG0123913	.	retired
PSG0123918	.	retired
PSG0123985	.	retired
PSG0124024	.	retired
PSG0124071	.	retired
PSG0124078	.	retired
PSG0124081	.	retired
PSG0124090	.	retired
PSG0124110	.	retired
PSG0124111	.	retired
PSG0124113	.	retired
PSG0124114	.	retired
PSG0124141	.	retired
PSG0124169	.	retired
PSG0124170	.	retired
PSG0124171	.	retired
PSG0124181	.	retired
PSG0124200	.	retired
PSG0124210	.	retired
PSG0124214	.	retired
PSG0124215	.	retired
PSG0124218	.	retired
PSG0124232	.	retired
PSG0124258	.	retired
PSG0124259	.	retired
PSG0124263	.	retired
PSG0124266	.	retired
PSG0124282	.	retired
PSG0124284	.	retired
PSG0124285	.	retired
PSG0124286	.	retired
PSG0124296	.	retired
PSG0124297	.	retired
PSG0124312	.	retired
PSG0124331	.	retired
PSG0124344	.	retired
PSG0124368	.	retired
PSG0124386	.	retired
PSG0124389	.	retired
PSG0124403	.	retired
PSG0124406	.	retired
PSG0124415	.	retired
PSG0124418	.	retired
PSG0124493	.	retired
PSG0124511	.	retired
PSG0124525	.	retired
PSG0124530	.	retired
PSG0124533	.	retired
PSG0124536	.	retired
PSG0124548	.	retired
PSG0124578	.	retired
PSG0124579	.	retired
PSG0124601	.	retired
PSG0124628	.	retired
PSG0124662	.	retired
PSG0124669	.	retired
PSG0124673	.	retired
PSG0124690	.	retired
PSG0124705	.	retired
PSG0124706	.	retired
PSG0124736	.	retired
PSG0124762	.	retired
PSG0124771	.	retired
PSG0124824	.	retired
PSG0124825	.	retired
PSG0124834	.	retired
PSG0124836	.	retired
PSG0124838	.	retired
PSG0124856	.	retired
PSG0124857	.	retired
PSG0124858	.	retired
PSG0124866	.	retired
PSG0124870	.	retired
PSG0124871	.	retired
PSG0124874	.	retired
PSG0124877	.	retired
PSG0124878	.	retired
PSG0124881	.	retired
PSG0124890	.	retired
PSG0124908	.	retired
PSG0124914	.	retired
PSG0124916	.	retired
PSG0124927	.	retired
PSG0124929	.	retired
PSG0124940	.	retired
PSG0124951	.	retired
PSG0124956	.	retired
PSG0124977	.	retired
PSG0124982	.	retired
PSG0124995	.	retired
PSG0125006	.	retired
PSG0125046	.	retired
PSG0125047	.	retired
PSG0125058	.	retired
PSG0125069	.	retired
PSG0125072	.	retired
PSG0125079	.	retired
PSG0125087	.	retired
PSG0125098	.	retired
PSG0125103	.	retired
PSG0125109	.	retired
PSG0125113	.	retired
PSG0125116	.	retired
PSG0125123	.	retired
PSG0125125	.	retired
PSG0125130	.	retired
PSG0125133	.	retired
PSG0125135	.	retired
PSG0125143	.	retired
PSG0125151	.	retired
PSG0125164	.	retired
PSG0125167	.	retired
PSG0125169	.	retired
PSG0125176	.	retired
PSG0125195	.	retired
PSG0125213	.	retired
PSG0125228	.	retired
PSG0125240	.	retired
PSG0125250	.	retired
PSG0125269	.	retired
PSG0125270	.	retired
PSG0125294	.	retired
PSG0125306	.	retired
PSG0125320	.	retired
PSG0125328	.	retired
PSG0125329	.	retired
PSG0125343	.	retired
PSG0125358	.	retired
PSG0125378	.	retired
PSG0125383	.	retired
PSG0125386	.	retired
PSG0125387	.	retired
PSG0125389	.	retired
PSG0125400	.	retired
PSG0125418	.	retired
PSG0125422	.	retired
PSG0125423	.	retired
PSG0125428	.	retired
PSG0125474	.	retired
PSG0125510	.	retired
PSG0125518	.	retired
PSG0125524	.	retired
PSG0125529	.	retired
PSG0125537	.	retired
PSG0125547	.	retired
PSG0125576	.	retired
PSG0125607	.	retired
PSG0125615	.	retired
PSG0125626	.	retired
PSG0125637	.	retired
PSG0125643	.	retired
PSG0125644	.	retired
PSG0125647	.	retired
PSG0125649	.	retired
PSG0125652	.	retired
PSG0125654	.	retired
PSG0125667	.	retired
PSG0125672	.	retired
PSG0125686	.	retired
PSG0125695	.	retired
PSG0125706	.	retired
PSG0125710	.	retired
PSG0125714	.	retired
PSG0125720	.	retired
PSG0125760	.	retired
PSG0125764	.	retired
PSG0125775	.	retired
PSG0125785	.	retired
PSG0125791	.	retired
PSG0125808	.	retired
PSG0125841	.	retired
PSG0125842	.	retired
PSG0125845	.	retired
PSG0125867	.	retired
PSG0125876	.	retired
PSG0125891	.	retired
PSG0125903	.	retired
PSG0125913	.	retired
PSG0125929	.	retired
PSG0125932	.	retired
PSG0125937	.	retired
PSG0125949	.	retired
PSG0125953	.	retired
PSG0125955	.	retired
PSG0125969	.	retired
PSG0125972	.	retired
PSG0125982	.	retired
PSG0125988	.	retired
PSG0125991	.	retired
PSG0125995	.	retired
PSG0126035	.	retired
PSG0126047	.	retired
PSG0126051	.	retired
PSG0126052	.	retired
PSG0126054	.	retired
PSG0126063	.	retired
PSG0126075	.	retired
PSG0126076	.	retired
PSG0126095	.	retired
PSG0126107	.	retired
PSG0126120	.	retired
PSG0126122	.	retired
PSG0126126	.	retired
PSG0126152	.	retired
PSG0126165	.	retired
PSG0126170	.	retired
PSG0126174	.	retired
PSG0126209	.	retired
PSG0126217	.	retired
PSG0126218	.	retired
PSG0126225	.	retired
PSG0126245	.	retired
PSG0126253	.	retired
PSG0126264	.	retired
PSG0126265	.	retired
PSG0126269	.	retired
PSG0126275	.	retired
PSG0126276	.	retired
PSG0126281	.	retired
PSG0126285	.	retired
PSG0126287	.	retired
PSG0126288	.	retired
PSG0126292	.	retired
PSG0126294	.	retired
PSG0126295	.	retired
PSG0126299	.	retired
PSG0126300	.	retired
PSG0126306	.	retired
PSG0126309	.	retired
PSG0126324	.	retired
PSG0126338	.	retired
PSG0126351	.	retired
PSG0126366	.	retired
PSG0126367	.	retired
PSG0126375	.	retired
PSG0126377	.	retired
PSG0126386	.	retired
PSG0126390	.	retired
PSG0126395	.	retired
PSG0126403	.	retired
PSG0126410	.	retired
PSG0126416	.	retired
PSG0126418	.	retired
PSG0126422	.	retired
PSG0126435	.	retired
PSG0126442	.	retired
PSG0126443	.	retired
PSG0126444	.	retired
PSG0126446	.	retired
PSG0126452	.	retired
PSG0126473	.	retired
PSG0126475	.	retired
PSG0126478	.	retired
PSG0126479	.	retired
PSG0126482	.	retired
PSG0126491	.	retired
PSG0126505	.	retired
PSG0126532	.	retired
PSG0126539	.	retired
PSG0126540	.	retired
PSG0126541	.	retired
PSG0126562	.	retired
PSG0126569	.	retired
PSG0126593	.	retired
PSG0126602	.	retired
PSG0126613	.	retired
PSG0126626	.	retired
PSG0126631	.	retired
PSG0126653	.	retired
PSG0126697	.	retired
PSG0126705	.	retired
PSG0126708	.	retired
PSG0126717	.	retired
PSG0126722	.	retired
PSG0126730	.	retired
PSG0126736	.	retired
PSG0126738	.	retired
PSG0126743	.	retired
PSG0126744	.	retired
PSG0126751	.	retired
PSG0126752	.	retired
PSG0126758	.	retired
PSG0126802	.	retired
PSG0126803	.	retired
PSG0126808	.	retired
PSG0126809	.	retired
PSG0126828	.	retired
PSG0126839	.	retired
PSG0126847	.	retired
PSG0126851	.	retired
PSG0126875	.	retired
PSG0126883	.	retired
PSG0126886	.	retired
PSG0126900	.	retired
PSG0126907	.	retired
PSG0126909	.	retired
PSG0126917	.	retired
PSG0126935	.	retired
PSG0126937	.	retired
PSG0126940	.	retired
PSG0126943	.	retired
PSG0126950	.	retired
PSG0126978	.	retired
PSG0126982	.	retired
PSG0126999	.	retired
PSG0127063	.	retired
PSG0127064	.	retired
PSG0127065	.	retired
PSG0127066	.	retired
PSG0127067	.	retired
PSG0127073	.	retired
PSG0127094	.	retired
PSG0127119	.	retired
PSG0127137	.	retired
PSG0127164	.	retired
PSG0127166	.	retired
PSG0127167	.	retired
PSG0127171	.	retired
PSG0127172	.	retired
PSG0127174	.	retired
PSG0127192	.	retired
PSG0127196	.	retired
PSG0127201	.	retired
PSG0127205	.	retired
PSG0127227	.	retired
PSG0127230	.	retired
PSG0127233	.	retired
PSG0127273	.	retired
PSG0127280	.	retired
PSG0127311	.	retired
PSG0127313	.	retired
PSG0127321	.	retired
PSG0127322	.	retired
PSG0127328	.	retired
PSG0127336	.	retired
PSG0127340	.	retired
PSG0127345	.	retired
PSG0127365	.	retired
PSG0127368	.	retired
PSG0127388	.	retired
PSG0127394	.	retired
PSG0127414	.	retired
PSG0127429	.	retired
PSG0127433	.	retired
PSG0127452	.	retired
PSG0127464	.	retired
PSG0127469	.	retired
PSG0127503	.	retired
PSG0127507	.	retired
PSG0127509	.	retired
PSG0127512	.	retired
PSG0127516	.	retired
PSG0127518	.	retired
PSG0127539	.	retired
PSG0127551	.	retired
PSG0127552	.	retired
PSG0127568	.	retired
PSG0127569	.	retired
PSG0127579	.	retired
PSG0127581	.	retired
PSG0127617	.	retired
PSG0127619	.	retired
PSG0127621	.	retired
PSG0127630	.	retired
PSG0127634	.	retired
PSG0127635	.	retired
PSG0127637	.	retired
PSG0127645	.	retired
PSG0127648	.	retired
PSG0127652	.	retired
PSG0127657	.	retired
PSG0127672	.	retired
PSG0127676	.	retired
PSG0127677	.	retired
PSG0127678	.	retired
PSG0127695	.	retired
PSG0127701	.	retired
PSG0127726	.	retired
PSG0127745	.	retired
PSG0127751	.	retired
PSG0127752	.	retired
PSG0127754	.	retired
PSG0127761	.	retired
PSG0127790	.	retired
PSG0127791	.	retired
PSG0127822	.	retired
PSG0127846	.	retired
PSG0127847	.	retired
PSG0127856	.	retired
PSG0127862	.	retired
PSG0127863	.	retired
PSG0127883	.	retired
PSG0127890	.	retired
PSG0127894	.	retired
PSG0127935	.	retired
PSG0127944	.	retired
PSG0127956	.	retired
PSG0127961	.	retired
PSG0127967	.	retired
PSG0127968	.	retired
PSG0127972	.	retired
PSG0127995	.	retired
PSG0128008	.	retired
PSG0128014	.	retired
PSG0128015	.	retired
PSG0128020	.	retired
PSG0128024	.	retired
PSG0128034	.	retired
PSG0128046	.	retired
PSG0128071	.	retired
PSG0128088	.	retired
PSG0128128	.	retired
PSG0128129	.	retired
PSG0128130	.	retired
PSG0128152	.	retired
PSG0128155	.	retired
PSG0128173	.	retired
PSG0128185	.	retired
PSG0128188	.	retired
PSG0128191	.	retired
PSG0128208	.	retired
PSG0128227	.	retired
PSG0128229	.	retired
PSG0128255	.	retired
PSG0128261	.	retired
PSG0128265	.	retired
PSG0128314	.	retired
PSG0128345	.	retired
PSG0128357	.	retired
PSG0128436	.	retired
PSG0128437	.	retired
PSG0128444	.	retired
PSG0128449	.	retired
PSG0128454	.	retired
PSG0128461	.	retired
PSG0128465	.	retired
PSG0128466	.	retired
PSG0128483	.	retired
PSG0128484	.	retired
PSG0128495	.	retired
PSG0128497	.	retired
PSG0128498	.	retired
PSG0128502	.	retired
PSG0128505	.	retired
PSG0128507	.	retired
PSG0128508	.	retired
PSG0128509	.	retired
PSG0128510	.	retired
PSG0128524	.	retired
PSG0128534	.	retired
PSG0128542	.	retired
PSG0128543	.	retired
PSG0128557	.	retired
PSG0128568	.	retired
PSG0128570	.	retired
PSG0128571	.	retired
PSG0128616	.	retired
PSG0128633	.	retired
PSG0128634	.	retired
PSG0128678	.	retired
PSG0128698	.	retired
PSG0128711	.	retired
PSG0128712	.	retired
PSG0128713	.	retired
PSG0128718	.	retired
PSG0128742	.	retired
PSG0128744	.	retired
PSG0128834	.	retired
PSG0128835	.	retired
PSG0128841	.	retired
PSG0128852	.	retired
PSG0128856	.	retired
PSG0128871	.	retired
PSG0128876	.	retired
PSG0128937	.	retired
PSG0128939	.	retired
PSG0128957	.	retired
PSG0128973	.	retired
PSG0128999	.	retired
PSG0129009	.	retired
PSG0129010	.	retired
PSG0129024	.	retired
PSG0129038	.	retired
PSG0129039	.	retired
PSG0129055	.	retired
PSG0129066	.	retired
PSG0129069	.	retired
PSG0129071	.	retired
PSG0129081	.	retired
PSG0129085	.	retired
PSG0129109	.	retired
PSG0129116	.	retired
PSG0129123	.	retired
PSG0129129	.	retired
PSG0129140	.	retired
PSG0129142	.	retired
PSG0129145	.	retired
PSG0129214	.	retired
PSG0129217	.	retired
PSG0129221	.	retired
PSG0129230	.	retired
PSG0129244	.	retired
PSG0129292	.	retired
PSG0129303	.	retired
PSG0129317	.	retired
PSG0129319	.	retired
PSG0129321	.	retired
PSG0129322	.	retired
PSG0129335	.	retired
PSG0129413	.	retired
PSG0129417	.	retired
PSG0129423	.	retired
PSG0129450	.	retired
PSG0129465	.	retired
PSG0129486	.	retired
PSG0129490	.	retired
PSG0129491	.	retired
PSG0129510	.	retired
PSG0129511	.	retired
PSG0129512	.	retired
PSG0129517	.	retired
PSG0129521	.	retired
PSG0129529	.	retired
PSG0129530	.	retired
PSG0129533	.	retired
PSG0129570	.	retired
PSG0129572	.	retired
PSG0129575	.	retired
PSG0129597	.	retired
PSG0129617	.	retired
PSG0129624	.	retired
PSG0129627	.	retired
PSG0129649	.	retired
PSG0129667	.	retired
PSG0129684	.	retired
PSG0129710	.	retired
PSG0129741	.	retired
PSG0129743	.	retired
PSG0129755	.	retired
PSG0129763	.	retired
PSG0129778	.	retired
PSG0129780	.	retired
PSG0129798	.	retired
PSG0129844	.	retired
PSG0129845	.	retired
PSG0129876	.	retired
PSG0129879	.	retired
PSG0129885	.	retired
PSG0129898	.	retired
PSG0129916	.	retired
PSG0129919	.	retired
PSG0129950	.	retired
PSG0130013	.	retired
PSG0130022	.	retired
PSG0130024	.	retired
PSG0130045	.	retired
PSG0130081	.	retired
PSG0130120	.	retired
PSG0130121	.	retired
PSG0130130	.	retired
PSG0130139	.	retired
PSG0130149	.	retired
PSG0130162	.	retired
PSG0130167	.	retired
PSG0130169	.	retired
PSG0130201	.	retired
PSG0130237	.	retired
PSG0130247	.	retired
PSG0130260	.	retired
PSG0130263	.	retired
PSG0130268	.	retired
PSG0130278	.	retired
PSG0130279	.	retired
PSG0130308	.	retired
PSG0130317	.	retired
PSG0130320	.	retired
PSG0130326	.	retired
PSG0130344	.	retired
PSG0130360	.	retired
PSG0130368	.	retired
PSG0130415	.	retired
PSG0130427	.	retired
PSG0130435	.	retired
PSG0130436	.	retired
PSG0130441	.	retired
PSG0130464	.	retired
PSG0130487	.	retired
PSG0130490	.	retired
PSG0130518	.	retired
PSG0130519	.	retired
PSG0130531	.	retired
PSG0130544	.	retired
PSG0130547	.	retired
PSG0130559	.	retired
PSG0130563	.	retired
PSG0130565	.	retired
PSG0130566	.	retired
PSG0130572	.	retired
PSG0130578	.	retired
PSG0130609	.	retired
PSG0130632	.	retired
PSG0130705	.	retired
PSG0130742	.	retired
PSG0130746	.	retired
PSG0130760	.	retired
PSG0130761	.	retired
PSG0130772	.	retired
PSG0130789	.	retired
PSG0130820	.	retired
PSG0130838	.	retired
PSG0130877	.	retired
PSG0130999	.	retired
PSG0131001	.	retired
PSG0131017	.	retired
PSG0131027	.	retired
PSG0131065	.	retired
PSG0131084	.	retired
PSG0131113	.	retired
PSG0131162	.	retired
PSG0131219	.	retired
PSG0131254	.	retired
PSG0131280	.	retired
PSG0131291	.	retired
PSG0131310	.	retired
PSG0131317	.	retired
PSG0131328	.	retired
PSG0131433	.	retired
PSG0131483	.	retired
PSG0131489	.	retired
PSG0131563	.	retired
PSG0131569	.	retired
PSG0131686	.	retired
PSG0131689	.	retired
PSG0131698	.	retired
PSG0131703	.	retired
PSG0131712	.	retired
PSG0131766	.	retired
PSG0131781	.	retired
PSG0131844	.	retired
PSG0131898	.	retired
PSG0131913	.	retired
PSG0131914	.	retired
PSG0131945	.	retired
PSG0131947	.	retired
PSG0131992	.	retired
PSG0131994	.	retired
PSG0132069	.	retired
PSG0132090	.	retired
PSG0132167	.	retired
PSG0132191	.	retired
PSG0132220	.	retired
PSG0132225	.	retired
PSG0132250	.	retired
PSG0132303	.	retired
PSG0132329	.	retired
PSG0132359	.	retired
PSG0132431	.	retired
PSG0132476	.	retired
PSG0132494	.	retired
PSG0132506	.	retired
PSG0132530	.	retired
PSG0132538	.	retired
PSG0132551	.	retired
PSG0132614	.	retired
PSG0132647	.	retired
PSG0132654	.	retired
PSG0132663	.	retired
PSG0132679	.	retired
PSG0132703	.	retired
PSG0132723	.	retired
PSG0132766	.	retired
PSG0132798	.	retired
PSG0132800	.	retired
PSG0132851	.	retired
PSG0132854	.	retired
PSG0132891	.	retired
PSG0132896	.	retired
PSG0132947	.	retired
PSG0132981	.	retired
PSG0132991	.	retired
PSG0133006	.	retired
PSG0133211	.	retired
PSG0133243	.	retired
PSG0133362	.	retired
PSG0133365	.	retired
PSG0133382	.	retired
PSG0133384	.	retired
PSG0133433	.	retired
PSG0133480	.	retired
PSG0133498	.	retired
PSG0133550	.	retired
PSG0133591	.	retired
PSG0133635	.	retired
PSG0133665	.	retired
PSG0133696	.	retired
PSG0133728	.	retired
PSG0133748	.	retired
PSG0133839	.	retired
PSG0133849	.	retired
PSG0133858	.	retired
PSG0133902	.	retired
PSG0133935	.	retired
PSG0133963	.	retired
PSG0133990	.	retired
PSG0134026	.	retired
PSG0134068	.	retired
PSG0134088	.	retired
PSG0134093	.	retired
PSG0134097	.	retired
PSG0134124	.	retired
PSG0134134	.	retired
PSG0134158	.	retired
PSG0134196	.	retired
PSG0134221	.	retired
PSG0134222	.	retired
PSG0134280	.	retired
PSG0134294	.	retired
PSG0134298	.	retired
PSG0134354	.	retired
PSG0134390	.	retired
PSG0134432	.	retired
PSG0134457	.	retired
PSG0134460	.	retired
PSG0134478	.	retired
PSG0134496	.	retired
PSG0134505	.	retired
PSG0134516	.	retired
PSG0134520	.	retired
PSG0134530	.	retired
PSG0134555	.	retired
PSG0134566	.	retired
PSG0134633	.	retired
PSG0134684	.	retired
PSG0134710	.	retired
PSG0134715	.	retired
PSG0134746	.	retired
PSG0134754	.	retired
PSG0134770	.	retired
PSG0134802	.	retired
PSG0134803	.	retired
PSG0134827	.	retired
PSG0134937	.	retired
PSG0134956	.	retired
PSG0134960	.	retired
PSG0135020	.	retired
PSG0135071	.	retired
PSG0135077	.	retired
PSG0135160	.	retired
PSG0135176	.	retired
PSG0135177	.	retired
PSG0135214	.	retired
PSG0135309	.	retired
PSG0135337	.	retired
PSG0135374	.	retired
PSG0135440	.	retired
PSG0135473	.	retired
PSG0135492	.	retired
PSG0135539	.	retired
PSG0135597	.	retired
PSG0135647	.	retired
PSG0135690	.	retired
PSG0135761	.	retired
PSG0135780	.	retired
PSG0135894	.	retired
PSG0135902	.	retired
PSG0135968	.	retired
PSG0135971	.	retired
PSG0135995	.	retired
PSG0136013	.	retired
PSG0136038	.	retired
PSG0136039	.	retired
PSG0136051	.	retired
PSG0136059	.	retired
PSG0136075	.	retired
PSG0136122	.	retired
PSG0136128	.	retired
PSG0136160	.	retired
PSG0136169	.	retired
PSG0136216	.	retired
PSG0136241	.	retired
PSG0136243	.	retired
PSG0136251	.	retired
PSG0136275	.	retired
PSG0136389	.	retired
PSG0136446	.	retired
PSG0136471	.	retired
PSG0136499	.	retired
PSG0136504	.	retired
PSG0136541	.	retired
PSG0136654	.	retired
PSG0136710	.	retired
PSG0136729	.	retired
PSG0136827	.	retired
PSG0136871	.	retired
PSG0136931	.	retired
PSG0136944	.	retired
PSG0137010	.	retired
PSG0137014	.	retired
PSG0137066	.	retired
PSG0137083	.	retired
PSG0137087	.	retired
PSG0137110	.	retired
PSG0137175	.	retired
PSG0137177	.	retired
PSG0137191	.	retired
PSG0137237	.	retired
PSG0137239	.	retired
PSG0137386	.	retired
PSG0137400	.	retired
PSG0137410	.	retired
PSG0137515	.	retired
PSG0137566	.	retired
PSG0137575	.	retired
PSG0137642	.	retired
PSG0137720	.	retired
PSG0137790	.	retired
PSG0137824	.	retired
PSG0137828	.	retired
PSG0137833	.	retired
PSG0137839	.	retired
PSG0137840	.	retired
PSG0137884	.	retired
PSG0137893	.	retired
PSG0137907	.	retired
PSG0137926	.	retired
PSG0137932	.	retired
PSG0137934	.	retired
PSG0138012	.	retired
PSG0138053	.	retired
PSG0138082	.	retired
PSG0138094	.	retired
PSG0138127	.	retired
PSG0138143	.	retired
PSG0138144	.	retired
PSG0138211	.	retired
PSG0138227	.	retired
PSG0138253	.	retired
PSG0138281	.	retired
PSG0138287	.	retired
PSG0138293	.	retired
PSG0138300	.	retired
PSG0138330	.	retired
PSG0138376	.	retired
PSG0138380	.	retired
PSG0138403	.	retired
PSG0138430	.	retired
PSG0138495	.	retired
PSG0138513	.	retired
PSG0138581	.	retired
PSG0138590	.	retired
PSG0138616	.	retired
PSG0138740	.	retired
PSG0138776	.	retired
PSG0138792	.	retired
PSG0138815	.	retired
PSG0138845	.	retired
PSG0138920	.	retired
PSG0138937	.	retired
PSG0138948	.	retired
PSG0138963	.	retired
PSG0138994	.	retired
PSG0139220	.	retired
PSG0139233	.	retired
PSG0139244	.	retired
PSG0139329	.	retired
PSG0139356	.	retired
PSG0139370	.	retired
PSG0139379	.	retired
PSG0139386	.	retired
PSG0139413	.	retired
PSG0139476	.	retired
PSG0139492	.	retired
PSG0139508	.	retired
PSG0139554	.	retired
PSG0139556	.	retired
PSG0139731	.	retired
PSG0139749	.	retired
PSG0139751	.	retired
PSG0139823	.	retired
PSG0139840	.	retired
PSG0139859	.	retired
PSG0139900	.	retired
PSG0139922	.	retired
PSG0139998	.	retired
PSG0140001	.	retired
PSG0140068	.	retired
PSG0140071	.	retired
PSG0140150	.	retired
PSG0140314	.	retired
PSG0140377	.	retired
PSG0140443	.	retired
PSG0140453	.	retired
PSG0140549	.	retired
PSG0140575	.	retired
PSG0140597	.	retired
PSG0140660	.	retired
PSG0140664	.	retired
PSG0140695	.	retired
PSG0140711	.	retired
PSG0140736	.	retired
PSG0140826	.	retired
PSG0140908	.	retired
PSG0141007	.	retired
PSG0141026	.	retired
PSG0141058	.	retired
PSG0141204	.	retired
PSG0141236	.	retired
PSG0141247	.	retired
PSG0141248	.	retired
PSG0141282	.	retired
PSG0141359	.	retired
PSG0141381	.	retired
PSG0141410	.	retired
PSG0141416	.	retired
PSG0141446	.	retired
PSG0141448	.	retired
PSG0141455	.	retired
PSG0141477	.	retired
PSG0141561	.	retired
PSG0141598	.	retired
PSG0141615	.	retired
PSG0141629	.	retired
PSG0141646	.	retired
PSG0141699	.	retired
PSG0141737	.	retired
PSG0141760	.	retired
PSG0141833	.	retired
PSG0141864	.	retired
PSG0141915	.	retired
PSG0141996	.	retired
PSG0142041	.	retired
PSG0142046	.	retired
PSG0142109	.	retired
PSG0142110	.	retired
PSG0142192	.	retired
PSG0142204	.	retired
PSG0142206	.	retired
PSG0142213	.	retired
PSG0142314	.	retired
PSG0142361	.	retired
PSG0142380	.	retired
PSG0142406	.	retired
PSG0142443	.	retired
PSG0142470	.	retired
PSG0142477	.	retired
PSG0142496	.	retired
PSG0142564	.	retired
PSG0142565	.	retired
PSG0142586	.	retired
PSG0142713	.	retired
PSG0142752	.	retired
PSG0142832	.	retired
PSG0142859	.	retired
PSG0142860	.	retired
PSG0142970	.	retired
PSG0142985	.	retired
PSG0143037	.	retired
PSG0143134	.	retired
PSG0143146	.	retired
PSG0143166	.	retired
PSG0143253	.	retired
PSG0143261	.	retired
PSG0143306	.	retired
PSG0143317	.	retired
PSG0143380	.	retired
PSG0143450	.	retired
PSG0143498	.	retired
PSG0143521	.	retired
PSG0143534	.	retired
PSG0143542	.	retired
PSG0143585	.	retired
PSG0143607	.	retired
PSG0143639	.	retired
PSG0143642	.	retired
PSG0143645	.	retired
PSG0143718	.	retired
PSG0143792	.	retired
PSG0143805	.	retired
PSG0143806	.	retired
PSG0143855	.	retired
PSG0143858	.	retired
PSG0143937	.	retired
PSG0143990	.	retired
PSG0144002	.	retired
PSG0144050	.	retired
PSG0144114	.	retired
PSG0144168	.	retired
PSG0144184	.	retired
PSG0144275	.	retired
PSG0144312	.	retired
PSG0144341	.	retired
PSG0144415	.	retired
PSG0144459	.	retired
PSG0144487	.	retired
PSG0144509	.	retired
PSG0144577	.	retired
PSG0144593	.	retired
PSG0144627	.	retired
PSG0144639	.	retired
PSG0144799	.	retired
PSG0144813	.	retired
PSG0144861	.	retired
PSG0144913	.	retired
PSG0144971	.	retired
PSG0144993	.	retired
PSG0145145	.	retired
PSG0145150	.	retired
PSG0145235	.	retired
PSG0145292	.	retired
PSG0145483	.	retired
PSG0145490	.	retired
PSG0145519	.	retired
PSG0145543	.	retired
PSG0145689	.	retired
PSG0145715	.	retired
PSG0145728	.	retired
PSG0145819	.	retired
PSG0145859	.	retired
PSG0145863	.	retired
PSG0145990	.	retired
PSG0146005	.	retired
PSG0146009	.	retired
PSG0146053	.	retired
PSG0146120	.	retired
PSG0146142	.	retired
PSG0146150	.	retired
PSG0146396	.	retired
PSG0146398	.	retired
PSG0146468	.	retired
PSG0146478	.	retired
PSG0146481	.	retired
PSG0146498	.	retired
PSG0146517	.	retired
PSG0146549	.	retired
PSG0146553	.	retired
PSG0146671	.	retired
PSG0146687	.	retired
PSG0146706	.	retired
PSG0146722	.	retired
PSG0146740	.	retired
PSG0146762	.	retired
PSG0147054	.	retired
PSG0147096	.	retired
PSG0147212	.	retired
PSG0147393	.	retired
PSG0147430	.	retired
PSG0147432	.	retired
PSG0147436	.	retired
PSG0147450	.	retired
PSG0147465	.	retired
PSG0147646	.	retired
PSG0147742	.	retired
PSG0147765	.	retired
PSG0147783	.	retired
PSG0147933	.	retired
PSG0147945	.	retired
PSG0147946	.	retired
PSG0147955	.	retired
PSG0147978	.	retired
PSG0148015	.	retired
PSG0148047	.	retired
PSG0148081	.	retired
PSG0148120	.	retired
PSG0148164	.	retired
PSG0148182	.	retired
PSG0148269	.	retired
PSG0148368	.	retired
PSG0148382	.	retired
PSG0148386	.	retired
PSG0148422	.	retired
PSG0148455	.	retired
PSG0148547	.	retired
PSG0148609	.	retired
PSG0148735	.	retired
PSG0148739	.	retired
PSG0148748	.	retired
PSG0148818	.	retired
PSG0148849	.	retired
PSG0148857	.	retired
PSG0148957	.	retired
PSG0148968	.	retired
PSG0148979	.	retired
PSG0149079	.	retired
