copy	chunk	best_ref	identity
dva_JAWWNG010000002.1:6574405-6574795(+)	sample_001.bnk	dar_squam1	88.2
mix_JAWWNH010000070.1:3087961-3088330(+)	sample_001.bnk	dar_squam1	89.7
dva_JAWWNG010000091.1:786827-787209(+)	sample_001.bnk	dar_squam1	84.6
unm_JAWDKO010000011.1:12219560-12219934(-)	sample_001.bnk	dar_squam1	86.8
nai_JAWWNI010000148.1:9815-10192(+)	sample_001.bnk	dar_squam1	88.8
dva_JAWWNG010000159.1:663143-663519(+)	sample_001.bnk	dar_squam1	86.7
mix_JAWWNH010000135.1:5365185-5365536(+)	sample_001.bnk	dar_squam1	88.1
dvl_JAIXNF010025754.1:8767564-8767926(-)	sample_001.bnk	dar_squam1	85.3
dva_JAWWNG010000396.1:206513-206873(+)	sample_001.bnk	dar_squam1	87.9
arm_JAWWNF010000162.1:3414983-3415340(+)	sample_001.bnk	dar_squam1	90.0
dva_JAWWNG010000232.1:219897-220273(+)	sample_001.bnk	dar_squam1	89.0
mix_JAWWNH010000085.1:8451014-8451397(-)	sample_001.bnk	dar_squam1	87.3
dva_JAWWNG010001025.1:281628-282012(-)	sample_001.bnk	dar_squam1	88.2
dvl_JAIXNF010000150.1:1271313-1271425(+)	sample_001.bnk	dar_squam1	83.8
nai_JAWWNI010000485.1:1549056-1549417(+)	sample_001.bnk	dar_squam1	88.0
nai_JAWWNI010000787.1:702246-702624(+)	sample_001.bnk	dar_squam1	85.4
dvl_JAIXNF010026801.1:20329-20676(-)	sample_001.bnk	dar_squam1	91.2
mix_JAWWNH010000045.1:2203464-2203813(+)	sample_001.bnk	dar_squam1	90.4
unp_JAWDKN010000026.1:9848480-9848865(-)	sample_001.bnk	dar_squam1	89.8
arm_JAWWNF010000154.1:601350-601714(-)	sample_001.bnk	dar_squam1	90.0
unp_JAWDKN010000132.1:1662757-1663136(+)	sample_001.bnk	dar_squam1	91.5
unp_JAWDKN010000014.1:11082557-11082917(+)	sample_001.bnk	dar_squam1	94.7
dvl_JAIXNF010000023.1:6502147-6502478(+)	sample_001.bnk	dar_squam1	94.2
nai_JAWWNI010000119.1:762381-762739(+)	sample_001.bnk	dar_squam1	93.3
nai_JAWWNI010000211.1:3277765-3278117(+)	sample_001.bnk	dar_squam1	93.4
nai_JAWWNI010000617.1:155128-155490(+)	sample_001.bnk	dar_squam1	93.4
unm_JAWDKO010000062.1:8261150-8261506(+)	sample_001.bnk	dar_squam1	92.1
nai_JAWWNI010000108.1:2370330-2370697(+)	sample_001.bnk	dar_squam1	91.2
nai_JAWWNI010000272.1:3369446-3369820(+)	sample_001.bnk	dar_squam1	90.4
mix_JAWWNH010000011.1:42271036-42271379(-)	sample_001.bnk	dar_squam1	91.5
unp_JAWDKN010000070.1:6317083-6317468(+)	sample_001.bnk	dar_squam1	88.8
dva_JAWWNG010002770.1:82378-82748(-)	sample_001.bnk	dar_squam1	90.1
nai_JAWWNI010000399.1:3324730-3325116(+)	sample_001.bnk	dar_squam1	89.7
nai_JAWWNI010001005.1:4820-5183(+)	sample_001.bnk	dar_squam1	89.6
nai_JAWWNI010000759.1:2223724-2224108(+)	sample_001.bnk	dar_squam1	87.9
dva_JAWWNG010000430.1:551721-552106(-)	sample_001.bnk	dar_squam1	88.3
mix_JAWWNH010000094.1:899985-900363(-)	sample_001.bnk	dar_squam1	88.9
dvl_JAIXNF010000199.1:640164-640547(-)	sample_001.bnk	dar_squam1	90.1
unm_JAWDKO010000050.1:6114917-6115301(-)	sample_001.bnk	dar_squam1	91.5
unp_JAWDKN010000011.1:1101583-1101968(-)	sample_001.bnk	dar_squam1	90.3
mix_JAWWNH010000142.1:880886-881226(+)	sample_001.bnk	dar_squam1	88.5
dva_JAWWNG010000914.1:227875-228254(+)	sample_001.bnk	dar_squam1	86.0
dvl_JAIXNF010000167.1:456640-456886(+)	sample_001.bnk	dar_squam1	85.5
dva_JAWWNG010002359.1:136202-136570(+)	sample_001.bnk	dar_squam1	88.3
unp_JAWDKN010000117.1:2755203-2755593(-)	sample_001.bnk	dar_squam1	89.4
dvl_JAIXNF010000272.1:9664-10036(-)	sample_001.bnk	dar_squam1	87.8
arm_JAWWNF010000152.1:2166375-2166749(+)	sample_001.bnk	dar_squam1	90.5
unm_JAWDKO010000018.1:25829064-25829448(+)	sample_001.bnk	dar_squam1	89.7
unp_JAWDKN010000012.1:14358827-14359210(-)	sample_001.bnk	dar_squam1	87.0
unm_JAWDKO010000039.1:24298700-24299084(-)	sample_001.bnk	dar_squam1	87.7
dva_JAWWNG010000151.1:244031-244409(-)	sample_002.bnk	dar_squam1	88.4
nai_JAWWNI010000630.1:213988-214323(+)	sample_002.bnk	dar_squam1	88.5
dvl_JAIXNF010000024.1:2845059-2845436(-)	sample_002.bnk	dar_squam1	88.9
dva_JAWWNG010001216.1:1139793-1140178(-)	sample_002.bnk	dar_squam1	89.7
nai_JAWWNI010000238.1:6360848-6361200(+)	sample_002.bnk	dar_squam1	86.4
mix_JAWWNH010000024.1:5091284-5091653(+)	sample_002.bnk	dar_squam1	87.8
unp_JAWDKN010000087.1:13440129-13440513(-)	sample_002.bnk	dar_squam1	88.1
unm_JAWDKO010000002.1:12335557-12335901(-)	sample_002.bnk	dar_squam1	88.5
unm_JAWDKO010000008.1:740809-741192(-)	sample_002.bnk	dar_squam1	89.3
dvl_JAIXNF010000010.1:17086050-17086436(+)	sample_002.bnk	dar_squam1	86.7
dvl_JAIXNF010014114.1:0-76(+)	sample_002.bnk	dar_squam1	88.7
nai_JAWWNI010000439.1:1792728-1793090(+)	sample_002.bnk	dar_squam1	88.0
unm_JAWDKO010000020.1:31930707-31931085(-)	sample_002.bnk	dar_squam1	87.2
dvl_JAIXNF010000378.1:158024-158200(-)	sample_002.bnk	dar_squam1	87.9
mix_JAWWNH010000050.1:20215047-20215419(+)	sample_002.bnk	dar_squam1	86.3
unm_JAWDKO010000077.1:2323177-2323539(+)	sample_002.bnk	dar_squam1	87.2
dva_JAWWNG010001311.1:201204-201589(-)	sample_002.bnk	dar_squam1	87.1
dvl_JAIXNF010000167.1:595158-595530(+)	sample_002.bnk	dar_squam1	86.8
dva_JAWWNG010001095.1:927742-928126(-)	sample_002.bnk	dar_squam1	90.7
mix_JAWWNH010000190.1:1815632-1816039(-)	sample_002.bnk	dar_squam1	89.6
arm_JAWWNF010000329.1:511664-512002(+)	sample_002.bnk	dar_squam1	86.0
dvl_JAIXNF010025714.1:4584270-4584653(+)	sample_002.bnk	dar_squam1	88.3
unm_JAWDKO010000062.1:25595454-25595830(+)	sample_002.bnk	dar_squam1	89.4
unp_JAWDKN010000043.1:3937460-3937829(+)	sample_002.bnk	dar_squam1	89.5
arm_JAWWNF010000048.1:1804886-1805262(+)	sample_002.bnk	dar_squam1	88.6
dvl_JAIXNF010000278.1:289380-289765(-)	sample_002.bnk	dar_squam1	87.7
arm_JAWWNF010000136.1:5637525-5637899(-)	sample_002.bnk	dar_squam1	88.9
unm_JAWDKO010000006.1:55880083-55880463(+)	sample_002.bnk	dar_squam1	88.5
unp_JAWDKN010000135.1:1239345-1239725(+)	sample_002.bnk	dar_squam1	92.1
unp_JAWDKN010000204.1:547267-547637(+)	sample_002.bnk	dar_squam1	89.3
dvl_JAIXNF010000249.1:492163-492547(+)	sample_002.bnk	dar_squam1	89.8
unm_JAWDKO010000010.1:18552368-18552724(+)	sample_002.bnk	dar_squam1	89.2
arm_JAWWNF010000368.1:1751925-1752294(+)	sample_002.bnk	dar_squam1	88.3
dva_JAWWNG010000191.1:1508016-1508401(-)	sample_002.bnk	dar_squam1	88.7
nai_JAWWNI010000282.1:695209-695599(+)	sample_002.bnk	dar_squam1	91.1
arm_JAWWNF010000508.1:369335-369708(-)	sample_002.bnk	dar_squam1	87.9
unp_JAWDKN010000033.1:177687-178066(-)	sample_002.bnk	dar_squam1	89.9
mix_JAWWNH010000017.1:5315399-5315783(-)	sample_002.bnk	dar_squam1	87.5
mix_JAWWNH010000071.1:7417585-7417968(-)	sample_002.bnk	dar_squam1	87.5
arm_JAWWNF010000253.1:3420807-3421143(+)	sample_002.bnk	dar_squam1	88.1
unp_JAWDKN010000062.1:18026291-18026661(+)	sample_002.bnk	dar_squam1	88.6
arm_JAWWNF010000196.1:2343222-2343603(-)	sample_002.bnk	dar_squam1	86.6
dvl_JAIXNF010025818.1:8872833-8873213(+)	sample_002.bnk	dar_squam1	84.6
dvl_JAIXNF010017608.1:173-554(-)	sample_002.bnk	dar_squam1	86.3
nai_JAWWNI010000880.1:614363-614737(+)	sample_002.bnk	dar_squam1	86.9
mix_JAWWNH010000126.1:9650237-9650602(+)	sample_002.bnk	dar_squam1	89.1
mix_JAWWNH010000023.1:1759840-1760223(+)	sample_002.bnk	dar_squam1	88.5
mix_JAWWNH010000091.1:2399029-2399368(+)	sample_002.bnk	dar_squam1	89.4
mix_JAWWNH010000059.1:1586063-1586417(-)	sample_002.bnk	dar_squam1	88.0
arm_JAWWNF010000358.1:2109048-2109393(+)	sample_002.bnk	dar_squam1	87.7
arm_JAWWNF010000263.1:2167083-2167447(-)	sample_003.bnk	dar_squam1	86.3
arm_JAWWNF010000599.1:913786-914177(-)	sample_003.bnk	dar_squam1	86.9
dva_JAWWNG010000250.1:3717627-3718005(-)	sample_003.bnk	dar_squam1	87.3
dva_JAWWNG010000150.1:1426259-1426617(-)	sample_003.bnk	dar_squam1	85.2
dvl_JAIXNF010025818.1:17695110-17695228(-)	sample_003.bnk	dar_squam1	81.8
dvl_JAIXNF010031627.1:27496-27866(+)	sample_003.bnk	dar_squam1	86.2
dvl_JAIXNF010030445.1:13929-14305(+)	sample_003.bnk	dar_squam1	87.8
unm_JAWDKO010000053.1:10944934-10945275(+)	sample_003.bnk	dar_squam1	89.7
nai_JAWWNI010000219.1:12603002-12603386(+)	sample_003.bnk	dar_squam1	86.2
dvl_JAIXNF010000001.1:35021496-35021873(-)	sample_003.bnk	dar_squam1	87.2
nai_JAWWNI010000407.1:305347-305727(+)	sample_003.bnk	dar_squam1	87.8
nai_JAWWNI010000272.1:323093-323442(-)	sample_003.bnk	dar_squam1	86.1
nai_JAWWNI010000329.1:2839098-2839440(-)	sample_003.bnk	dar_squam1	88.0
dva_JAWWNG010000547.1:347696-348081(-)	sample_003.bnk	dar_squam1	87.4
nai_JAWWNI010000146.1:1448585-1448970(-)	sample_003.bnk	dar_squam1	87.6
nai_JAWWNI010000487.1:4207393-4207769(-)	sample_003.bnk	dar_squam1	88.2
arm_JAWWNF010000058.1:3734100-3734485(+)	sample_003.bnk	dar_squam1	88.2
arm_JAWWNF010000050.1:2221394-2221760(+)	sample_003.bnk	dar_squam1	87.7
arm_JAWWNF010000520.1:3821484-3821864(+)	sample_003.bnk	dar_squam1	87.6
nai_JAWWNI010000845.1:524896-525276(-)	sample_003.bnk	dar_squam1	89.1
dvl_JAIXNF010025627.1:927919-928305(-)	sample_003.bnk	dar_squam1	87.1
arm_JAWWNF010000400.1:1375931-1376307(+)	sample_003.bnk	dar_squam1	89.0
nai_JAWWNI010000311.1:4635018-4635389(+)	sample_003.bnk	dar_squam1	87.2
nai_JAWWNI010000588.1:629329-629709(-)	sample_003.bnk	dar_squam1	87.6
dva_JAWWNG010000493.1:2027129-2027459(+)	sample_003.bnk	dar_squam1	87.3
dvl_JAIXNF010000077.1:160775-160913(-)	sample_003.bnk	dar_squam1	86.0
unp_JAWDKN010000011.1:7834117-7834484(-)	sample_003.bnk	dar_squam1	86.4
arm_JAWWNF010000353.1:23327-23701(-)	sample_003.bnk	dar_squam1	88.7
unp_JAWDKN010000015.1:3245981-3246364(-)	sample_003.bnk	dar_squam1	87.7
unp_JAWDKN010000075.1:3537447-3537829(+)	sample_003.bnk	dar_squam1	86.7
nai_JAWWNI010001026.1:82732-83107(+)	sample_003.bnk	dar_squam1	88.7
unm_JAWDKO010000049.1:11014400-11014776(+)	sample_003.bnk	dar_squam1	90.1
unm_JAWDKO010000052.1:4747458-4747841(+)	sample_003.bnk	dar_squam1	85.9
nai_JAWWNI010000414.1:500082-500466(-)	sample_003.bnk	dar_squam1	87.2
arm_JAWWNF010000033.1:6250347-6250725(-)	sample_003.bnk	dar_squam1	89.5
unp_JAWDKN010000090.1:9622302-9622670(-)	sample_003.bnk	dar_squam1	87.8
arm_JAWWNF010000489.1:161771-162146(-)	sample_003.bnk	dar_squam1	88.9
dva_JAWWNG010003172.1:33594-33959(-)	sample_003.bnk	dar_squam1	88.3
dvl_JAIXNF010001726.1:507-890(+)	sample_003.bnk	dar_squam1	88.9
unm_JAWDKO010000035.1:23791894-23792259(+)	sample_003.bnk	dar_squam1	88.1
unm_JAWDKO010000050.1:3420238-3420624(+)	sample_003.bnk	dar_squam1	87.7
arm_JAWWNF010000609.1:257281-257660(+)	sample_003.bnk	dar_squam1	89.8
unp_JAWDKN010000056.1:2286109-2286492(+)	sample_003.bnk	dar_squam1	89.0
dvl_JAIXNF010000048.1:482441-482807(+)	sample_003.bnk	dar_squam1	89.0
nai_JAWWNI010000035.1:1246785-1247147(-)	sample_003.bnk	dar_squam1	89.1
dvl_JAIXNF010025718.1:1315459-1315811(-)	sample_003.bnk	dar_squam1	88.8
dvl_JAIXNF010000413.1:5224082-5224460(-)	sample_003.bnk	dar_squam1	85.5
unp_JAWDKN010000002.1:2653836-2654220(+)	sample_003.bnk	dar_squam1	87.4
unm_JAWDKO010000007.1:14448292-14448643(-)	sample_003.bnk	dar_squam1	86.4
mix_JAWWNH010000062.1:9493265-9493646(-)	sample_003.bnk	dar_squam1	88.4
arm_JAWWNF010000263.1:2502715-2503100(+)	sample_004.bnk	dar_squam1	88.5
mix_JAWWNH010000151.1:3090918-3091294(-)	sample_004.bnk	dar_squam1	89.0
dva_JAWWNG010000804.1:182467-182797(+)	sample_004.bnk	dar_squam1	89.9
nai_JAWWNI010000918.1:774307-774692(-)	sample_004.bnk	dar_squam1	86.8
unp_JAWDKN010000091.1:1096599-1096980(+)	sample_004.bnk	dar_squam1	85.5
nai_JAWWNI010000698.1:605851-606211(-)	sample_004.bnk	dar_squam1	88.0
arm_JAWWNF010000353.1:162568-162952(+)	sample_004.bnk	dar_squam1	84.6
arm_JAWWNF010001352.1:43659-44034(-)	sample_004.bnk	dar_squam1	87.6
unp_JAWDKN010000119.1:1103800-1104184(+)	sample_004.bnk	dar_squam1	85.0
unm_JAWDKO010000035.1:16925139-16925527(-)	sample_004.bnk	dar_squam1	87.2
dvl_JAIXNF010000040.1:1103758-1104144(-)	sample_004.bnk	dar_squam1	86.3
unp_JAWDKN010000035.1:11494314-11494665(+)	sample_004.bnk	dar_squam1	88.7
unm_JAWDKO010000035.1:17214471-17214856(+)	sample_004.bnk	dar_squam1	86.4
dvl_JAIXNF010025751.1:1784164-1784516(+)	sample_004.bnk	dar_squam1	88.8
dvl_JAIXNF010000222.1:1732266-1732651(-)	sample_004.bnk	dar_squam1	89.7
mix_JAWWNH010000056.1:5374542-5374934(-)	sample_004.bnk	dar_squam1	90.5
nai_JAWWNI010000037.1:519828-520197(-)	sample_004.bnk	dar_squam1	89.0
dvl_JAIXNF010000635.1:5782590-5782973(+)	sample_004.bnk	dar_squam1	89.4
arm_JAWWNF010000199.1:1610625-1611010(+)	sample_004.bnk	dar_squam1	87.1
unp_JAWDKN010000103.1:11907971-11908356(-)	sample_004.bnk	dar_squam1	87.7
unp_JAWDKN010000009.1:4670979-4671317(-)	sample_004.bnk	dar_squam1	87.6
unp_JAWDKN010000123.1:1466724-1467104(-)	sample_004.bnk	dar_squam1	90.6
dva_JAWWNG010000965.1:644809-645193(+)	sample_004.bnk	dar_squam1	89.4
dva_JAWWNG010000027.1:3997985-3998378(-)	sample_004.bnk	dar_squam1	88.1
unp_JAWDKN010000069.1:4994200-4994577(+)	sample_004.bnk	dar_squam1	88.6
unm_JAWDKO010000050.1:1712636-1712976(-)	sample_004.bnk	dar_squam1	88.3
dva_JAWWNG010001948.1:342451-342834(-)	sample_004.bnk	dar_squam1	87.0
dvl_JAIXNF010000021.1:5002456-5002839(-)	sample_004.bnk	dar_squam1	87.3
mix_JAWWNH010000070.1:1188581-1188946(-)	sample_004.bnk	dar_squam1	88.7
mix_JAWWNH010000173.1:9597838-9598215(+)	sample_004.bnk	dar_squam1	88.3
mix_JAWWNH010000091.1:17727328-17727692(+)	sample_004.bnk	dar_squam1	87.2
nai_JAWWNI010000043.1:1480534-1480888(-)	sample_004.bnk	dar_squam1	87.2
nai_JAWWNI010000407.1:1104814-1105199(-)	sample_004.bnk	dar_squam1	89.7
nai_JAWWNI010000934.1:158349-158731(-)	sample_004.bnk	dar_squam1	87.7
dva_JAWWNG010001788.1:128390-128780(+)	sample_004.bnk	dar_squam1	87.3
dvl_JAIXNF010000020.1:14046796-14047124(-)	sample_004.bnk	dar_squam1	90.5
arm_JAWWNF010000441.1:1622122-1622486(+)	sample_004.bnk	dar_squam1	90.4
unp_JAWDKN010000199.1:388294-388658(+)	sample_004.bnk	dar_squam1	85.2
dvl_JAIXNF010000107.1:4155145-4155525(-)	sample_004.bnk	dar_squam1	86.3
mix_JAWWNH010000108.1:9949038-9949414(+)	sample_004.bnk	dar_squam1	87.8
mix_JAWWNH010000184.1:53288-53663(-)	sample_004.bnk	dar_squam1	86.3
arm_JAWWNF010000751.1:149335-149711(+)	sample_004.bnk	dar_squam1	87.2
arm_JAWWNF010000875.1:569455-569788(+)	sample_004.bnk	dar_squam1	87.0
dva_JAWWNG010000761.1:901971-902349(+)	sample_004.bnk	dar_squam1	87.5
mix_JAWWNH010000091.1:2417170-2417545(+)	sample_004.bnk	dar_squam1	90.6
dva_JAWWNG010001209.1:642049-642410(+)	sample_004.bnk	dar_squam1	87.1
unm_JAWDKO010000029.1:3188842-3189222(-)	sample_004.bnk	dar_squam1	84.2
dva_JAWWNG010000258.1:2168006-2168382(-)	sample_004.bnk	dar_squam1	88.1
unm_JAWDKO010000058.1:22536738-22537117(+)	sample_004.bnk	dar_squam1	86.0
dva_JAWWNG010000599.1:106579-106916(-)	sample_004.bnk	dar_squam1	90.4
dvl_JAIXNF010000362.1:5681243-5681583(+)	sample_005.bnk	dar_squam1	91.0
arm_JAWWNF010000257.1:813392-813775(-)	sample_005.bnk	dar_squam1	85.9
unp_JAWDKN010000003.1:50532732-50533067(-)	sample_005.bnk	dar_squam1	85.8
unp_JAWDKN010000020.1:9470928-9471311(+)	sample_005.bnk	dar_squam1	87.9
dva_JAWWNG010000729.1:175718-176086(+)	sample_005.bnk	dar_squam1	88.3
dvl_JAIXNF010006213.1:232-617(-)	sample_005.bnk	dar_squam1	88.6
arm_JAWWNF010000009.1:7959761-7960131(-)	sample_005.bnk	dar_squam1	87.0
nai_JAWWNI010000439.1:3239432-3239771(+)	sample_005.bnk	dar_squam1	89.4
arm_JAWWNF010000660.1:2922800-2923167(+)	sample_005.bnk	dar_squam1	90.2
unm_JAWDKO010000050.1:718553-718932(-)	sample_005.bnk	dar_squam1	89.1
unp_JAWDKN010000108.1:139545-139928(-)	sample_005.bnk	dar_squam1	85.6
dvl_JAIXNF010000241.1:279019-279315(-)	sample_005.bnk	dar_squam1	89.3
nai_JAWWNI010000196.1:157406-157777(-)	sample_005.bnk	dar_squam1	88.7
dva_JAWWNG010000022.1:755675-756034(-)	sample_005.bnk	dar_squam1	88.9
nai_JAWWNI010000003.1:3243653-3244042(+)	sample_005.bnk	dar_squam1	85.7
unp_JAWDKN010000035.1:6719864-6720242(-)	sample_005.bnk	dar_squam1	86.8
dva_JAWWNG010000224.1:122502-122886(-)	sample_005.bnk	dar_squam1	84.9
dvl_JAIXNF010031139.1:8241-8517(+)	sample_005.bnk	dar_squam1	89.2
unp_JAWDKN010000019.1:3543778-3544133(+)	sample_005.bnk	dar_squam1	86.1
arm_JAWWNF010000213.1:2530453-2530820(-)	sample_005.bnk	dar_squam1	86.2
unp_JAWDKN010000091.1:1439203-1439580(-)	sample_005.bnk	dar_squam1	86.6
dvl_JAIXNF010000125.1:407013-407270(+)	sample_005.bnk	dar_squam1	90.5
arm_JAWWNF010000159.1:7242569-7242946(-)	sample_005.bnk	dar_squam1	86.5
dvl_JAIXNF010005336.1:3592-3844(-)	sample_005.bnk	dar_squam1	84.3
unm_JAWDKO010000039.1:18415049-18415423(-)	sample_005.bnk	dar_squam1	84.8
dva_JAWWNG010002348.1:73262-73641(-)	sample_005.bnk	dar_squam1	86.6
dva_JAWWNG010001948.1:154495-154868(-)	sample_005.bnk	dar_squam1	86.7
unm_JAWDKO010000054.1:5784817-5785184(-)	sample_005.bnk	dar_squam1	86.0
nai_JAWWNI010001157.1:329292-329653(+)	sample_005.bnk	dar_squam1	88.3
unp_JAWDKN010000036.1:12277759-12278123(-)	sample_005.bnk	dar_squam1	86.7
unm_JAWDKO010000031.1:5156404-5156788(+)	sample_005.bnk	dar_squam1	86.8
nai_JAWWNI010000654.1:112575-112936(-)	sample_005.bnk	dar_squam1	85.4
dva_JAWWNG010000389.1:564914-565288(-)	sample_005.bnk	dar_squam1	88.7
unm_JAWDKO010000038.1:10052014-10052381(-)	sample_005.bnk	dar_squam1	85.5
unm_JAWDKO010000008.1:26840825-26841192(-)	sample_005.bnk	dar_squam1	87.3
nai_JAWWNI010000621.1:771976-772352(-)	sample_005.bnk	dar_squam1	87.0
unm_JAWDKO010000021.1:10274555-10274929(+)	sample_005.bnk	dar_squam1	85.0
nai_JAWWNI010000433.1:141970-142346(+)	sample_005.bnk	dar_squam1	85.8
arm_JAWWNF010000245.1:668722-669052(+)	sample_005.bnk	dar_squam1	86.6
dva_JAWWNG010000813.1:361449-361825(+)	sample_005.bnk	dar_squam1	90.4
dva_JAWWNG010000813.1:403361-403736(-)	sample_005.bnk	dar_squam1	90.9
unm_JAWDKO010000065.1:1566540-1566905(-)	sample_005.bnk	dar_squam1	89.6
dva_JAWWNG010001659.1:225539-225917(-)	sample_005.bnk	dar_squam1	87.7
unp_JAWDKN010000069.1:9495084-9495463(-)	sample_005.bnk	dar_squam1	86.9
dvl_JAIXNF010000362.1:8237044-8237316(+)	sample_005.bnk	dar_squam1	86.3
mix_JAWWNH010000071.1:3314010-3314376(-)	sample_005.bnk	dar_squam1	89.7
dva_JAWWNG010000799.1:251963-252304(-)	sample_005.bnk	dar_squam1	89.7
arm_JAWWNF010000883.1:144024-144408(+)	sample_005.bnk	dar_squam1	87.7
unm_JAWDKO010000018.1:3723509-3723875(-)	sample_005.bnk	dar_squam1	87.3
nai_JAWWNI010000171.1:5945521-5945881(+)	sample_005.bnk	dar_squam1	86.9
arm_JAWWNF010000568.1:939891-940246(+)	sample_006.bnk	dar_squam1	86.2
mix_JAWWNH010000074.1:23279286-23279639(+)	sample_006.bnk	dar_squam1	86.5
nai_JAWWNI010000236.1:457275-457652(+)	sample_006.bnk	dar_squam1	86.1
nai_JAWWNI010000139.1:1296521-1296861(-)	sample_006.bnk	dar_squam1	86.4
unm_JAWDKO010000021.1:10067792-10068176(-)	sample_006.bnk	dar_squam1	85.4
dva_JAWWNG010000493.1:2423429-2423799(-)	sample_006.bnk	dar_squam1	85.0
arm_JAWWNF010000542.1:2811291-2811656(+)	sample_006.bnk	dar_squam1	87.7
dva_JAWWNG010001370.1:875054-875431(-)	sample_006.bnk	dar_squam1	89.1
dvl_JAIXNF010000028.1:13809778-13810164(+)	sample_006.bnk	dar_squam1	86.2
arm_JAWWNF010000060.1:4074234-4074620(+)	sample_006.bnk	dar_squam1	86.2
dva_JAWWNG010000006.1:859535-859889(+)	sample_006.bnk	dar_squam1	85.7
dvl_JAIXNF010025541.1:318743-319112(+)	sample_006.bnk	dar_squam1	87.2
mix_JAWWNH010000061.1:15291410-15291775(-)	sample_006.bnk	dar_squam1	84.9
dvl_JAIXNF010000020.1:12315983-12316311(+)	sample_006.bnk	dar_squam1	87.2
nai_JAWWNI010000904.1:791728-792110(-)	sample_006.bnk	dar_squam1	86.1
unp_JAWDKN010000067.1:4633131-4633515(-)	sample_006.bnk	dar_squam1	86.5
arm_JAWWNF010000009.1:2670656-2671020(+)	sample_006.bnk	dar_squam1	85.7
dvl_JAIXNF010000413.1:7757654-7758032(+)	sample_006.bnk	dar_squam1	82.8
dvl_JAIXNF010025801.1:1785438-1785638(+)	sample_006.bnk	dar_squam1	86.1
mix_JAWWNH010000056.1:8450711-8451083(+)	sample_006.bnk	dar_squam1	83.9
mix_JAWWNH010000019.1:2808813-2809156(+)	sample_006.bnk	dar_squam1	85.2
unp_JAWDKN010000073.1:2346945-2347329(+)	sample_006.bnk	dar_squam1	89.1
unp_JAWDKN010000190.1:1025255-1025630(-)	sample_006.bnk	dar_squam1	87.4
dva_JAWWNG010001151.1:464210-464580(-)	sample_006.bnk	dar_squam1	87.1
unm_JAWDKO010000009.1:29077375-29077756(+)	sample_006.bnk	dar_squam1	87.2
dvl_JAIXNF010000085.1:249860-250192(-)	sample_006.bnk	dar_squam1	85.7
mix_JAWWNH010000056.1:18912281-18912644(+)	sample_006.bnk	dar_squam1	89.3
mix_JAWWNH010000122.1:1066771-1067152(-)	sample_006.bnk	dar_squam1	88.7
arm_JAWWNF010000026.1:4811418-4811792(+)	sample_006.bnk	dar_squam1	89.1
dvl_JAIXNF010000495.1:319661-320055(-)	sample_006.bnk	dar_squam1	86.6
unp_JAWDKN010000052.1:1800144-1800515(+)	sample_006.bnk	dar_squam1	88.6
unm_JAWDKO010000029.1:16371206-16371568(+)	sample_006.bnk	dar_squam1	85.2
dva_JAWWNG010000287.1:452750-453120(+)	sample_006.bnk	dar_squam1	88.3
mix_JAWWNH010000056.1:3503549-3503918(+)	sample_006.bnk	dar_squam1	85.0
unp_JAWDKN010000069.1:4870428-4870811(+)	sample_006.bnk	dar_squam1	87.0
arm_JAWWNF010000135.1:2727046-2727431(+)	sample_006.bnk	dar_squam1	85.3
arm_JAWWNF010000369.1:4238194-4238527(+)	sample_006.bnk	dar_squam1	88.0
mix_JAWWNH010000126.1:2781883-2782256(-)	sample_006.bnk	dar_squam1	87.0
unm_JAWDKO010000018.1:24983899-24984268(+)	sample_006.bnk	dar_squam1	86.2
dvl_JAIXNF010000014.1:3602981-3603168(-)	sample_006.bnk	dar_squam1	86.4
unp_JAWDKN010000006.1:26010941-26011324(-)	sample_006.bnk	dar_squam1	87.6
mix_JAWWNH010000020.1:2063741-2064100(-)	sample_006.bnk	dar_squam1	86.7
unm_JAWDKO010000035.1:665842-666205(-)	sample_006.bnk	dar_squam1	86.1
mix_JAWWNH010000054.1:11323347-11323730(-)	sample_006.bnk	dar_squam1	87.0
arm_JAWWNF010000087.1:171747-172134(+)	sample_006.bnk	dar_squam1	86.5
unm_JAWDKO010000006.1:62600862-62601247(+)	sample_006.bnk	dar_squam1	85.7
dva_JAWWNG010000089.1:1880694-1881070(+)	sample_006.bnk	dar_squam1	84.4
dva_JAWWNG010001137.1:1079249-1079614(+)	sample_006.bnk	dar_squam1	86.5
dvl_JAIXNF010022433.1:18050-18214(+)	sample_006.bnk	dar_squam1	83.2
dvl_JAIXNF010000025.1:12842836-12843010(-)	sample_006.bnk	dar_squam1	85.2
nai_JAWWNI010000556.1:55020-55399(-)	sample_007.bnk	dar_squam1	89.1
mix_JAWWNH010000091.1:8125500-8125851(+)	sample_007.bnk	dar_squam1	85.1
dva_JAWWNG010001467.1:150153-150536(-)	sample_007.bnk	dar_squam1	86.5
dva_JAWWNG010002384.1:321062-321444(-)	sample_007.bnk	dar_squam1	84.4
dvl_JAIXNF010000039.1:2300951-2301052(+)	sample_007.bnk	dar_squam1	82.8
dvl_JAIXNF010000051.1:1023034-1023370(-)	sample_007.bnk	dar_squam1	83.9
dvl_JAIXNF010000040.1:3179119-3179466(+)	sample_007.bnk	dar_squam1	85.3
dvl_JAIXNF010025784.1:10278277-10278475(-)	sample_007.bnk	dar_squam1	82.4
unp_JAWDKN010000061.1:17533263-17533645(-)	sample_007.bnk	dar_squam1	86.0
arm_JAWWNF010000179.1:2663546-2663931(+)	sample_007.bnk	dar_squam1	86.6
dva_JAWWNG010000004.1:672092-672424(+)	sample_007.bnk	dar_squam1	83.3
dva_JAWWNG010000077.1:802205-802581(+)	sample_007.bnk	dar_squam1	86.8
unp_JAWDKN010000002.1:3698945-3699323(+)	sample_007.bnk	dar_squam1	86.6
unm_JAWDKO010000037.1:5221307-5221681(-)	sample_007.bnk	dar_squam1	86.9
dva_JAWWNG010001432.1:144676-145061(-)	sample_007.bnk	dar_squam1	85.8
arm_JAWWNF010000391.1:1909073-1909447(+)	sample_007.bnk	dar_squam1	89.3
unp_JAWDKN010000044.1:4667481-4667838(+)	sample_007.bnk	dar_squam1	87.1
dva_JAWWNG010001814.1:85549-85927(+)	sample_007.bnk	dar_squam1	86.7
unp_JAWDKN010000050.1:14025627-14025986(-)	sample_007.bnk	dar_squam1	85.2
dva_JAWWNG010002675.1:88303-88678(-)	sample_007.bnk	dar_squam1	87.4
unp_JAWDKN010000069.1:11477934-11478308(-)	sample_007.bnk	dar_squam1	86.0
unp_JAWDKN010000081.1:3167602-3167974(-)	sample_007.bnk	dar_squam1	85.7
arm_JAWWNF010000751.1:475801-476155(-)	sample_007.bnk	dar_squam1	85.3
dvl_JAIXNF010025552.1:1199768-1200143(+)	sample_007.bnk	dar_squam1	88.8
arm_JAWWNF010000073.1:4924002-4924339(-)	sample_007.bnk	dar_squam1	87.0
mix_JAWWNH010000013.1:9727125-9727510(+)	sample_007.bnk	dar_squam1	86.1
unm_JAWDKO010000011.1:1671478-1671861(+)	sample_007.bnk	dar_squam1	85.9
unm_JAWDKO010000080.1:2784446-2784817(-)	sample_007.bnk	dar_squam1	85.8
nai_JAWWNI010001076.1:243711-244062(-)	sample_007.bnk	dar_squam1	85.3
mix_JAWWNH010000066.1:36477514-36477882(+)	sample_007.bnk	dar_squam1	86.1
arm_JAWWNF010000498.1:8115477-8115844(+)	sample_007.bnk	dar_squam1	88.1
arm_JAWWNF010000326.1:239247-239625(-)	sample_007.bnk	dar_squam1	86.8
unm_JAWDKO010000008.1:4060225-4060592(-)	sample_007.bnk	dar_squam1	83.7
dva_JAWWNG010000091.1:2634546-2634917(-)	sample_007.bnk	dar_squam1	86.3
nai_JAWWNI010000021.1:4988731-4989111(-)	sample_007.bnk	dar_squam1	86.1
dva_JAWWNG010001661.1:34299-34664(+)	sample_007.bnk	dar_squam1	86.2
unp_JAWDKN010000067.1:13731563-13731942(+)	sample_007.bnk	dar_squam1	86.7
unm_JAWDKO010000028.1:4556829-4557162(-)	sample_007.bnk	dar_squam1	85.7
unp_JAWDKN010000015.1:15716997-15717390(+)	sample_007.bnk	dar_squam1	85.8
nai_JAWWNI010000064.1:6081388-6081753(-)	sample_007.bnk	dar_squam1	85.5
dva_JAWWNG010001368.1:253491-253876(+)	sample_007.bnk	dar_squam1	84.9
unm_JAWDKO010000009.1:16238725-16239055(+)	sample_007.bnk	dar_squam1	84.1
dva_JAWWNG010000158.1:1233323-1233709(-)	sample_007.bnk	dar_squam1	85.1
unp_JAWDKN010000003.1:20963469-20963850(-)	sample_007.bnk	dar_squam1	85.5
unm_JAWDKO010000014.1:19443708-19444082(-)	sample_007.bnk	dar_squam1	83.9
dva_JAWWNG010001350.1:100020-100404(-)	sample_007.bnk	dar_squam1	86.9
dvl_JAIXNF010000022.1:2275583-2275938(-)	sample_007.bnk	dar_squam1	88.1
unm_JAWDKO010000049.1:14492665-14493050(+)	sample_007.bnk	dar_squam1	85.0
dva_JAWWNG010001458.1:400193-400541(+)	sample_007.bnk	dar_squam1	85.3
unm_JAWDKO010000039.1:11685117-11685501(-)	sample_007.bnk	dar_squam1	88.2
arm_JAWWNF010000675.1:555187-555570(-)	sample_008.bnk	dar_squam1	86.4
dvl_JAIXNF010030325.1:11014-11398(-)	sample_008.bnk	dar_squam1	85.1
nai_JAWWNI010000457.1:653094-653478(-)	sample_008.bnk	dar_squam1	83.6
unp_JAWDKN010000026.1:20917370-20917755(+)	sample_008.bnk	dar_squam1	89.2
unp_JAWDKN010000107.1:9513298-9513675(+)	sample_008.bnk	dar_squam1	87.4
nai_JAWWNI010000046.1:1335394-1335778(+)	sample_008.bnk	dar_squam1	86.2
dva_JAWWNG010000809.1:150071-150455(+)	sample_008.bnk	dar_squam1	86.6
unp_JAWDKN010000075.1:5406922-5407256(-)	sample_008.bnk	dar_squam1	87.8
nai_JAWWNI010000003.1:3630202-3630556(+)	sample_008.bnk	dar_squam1	87.7
unm_JAWDKO010000012.1:43186298-43186661(+)	sample_008.bnk	dar_squam1	84.1
nai_JAWWNI010001031.1:307070-307423(+)	sample_008.bnk	dar_squam1	86.6
dva_JAWWNG010001669.1:156174-156514(+)	sample_008.bnk	dar_squam1	86.4
dva_JAWWNG010000221.1:646132-646519(-)	sample_008.bnk	dar_squam1	85.7
dvl_JAIXNF010000362.1:3410024-3410388(+)	sample_008.bnk	dar_squam1	88.3
nai_JAWWNI010000146.1:1394628-1394956(-)	sample_008.bnk	dar_squam1	86.2
mix_JAWWNH010000070.1:2488281-2488626(-)	sample_008.bnk	dar_squam1	85.8
mix_JAWWNH010000017.1:46287-46667(-)	sample_008.bnk	dar_squam1	87.7
nai_JAWWNI010000263.1:731531-731895(+)	sample_008.bnk	dar_squam1	86.3
nai_JAWWNI010000576.1:2340430-2340808(+)	sample_008.bnk	dar_squam1	85.5
unm_JAWDKO010000006.1:61447255-61447625(+)	sample_008.bnk	dar_squam1	86.9
dvl_JAIXNF010000046.1:6486499-6486842(+)	sample_008.bnk	dar_squam1	87.7
unm_JAWDKO010000035.1:19618583-19619037(+)	sample_008.bnk	dar_squam1	86.9
mix_JAWWNH010000042.1:4021617-4021989(-)	sample_008.bnk	dar_squam1	86.6
unm_JAWDKO010000072.1:3378644-3379027(-)	sample_008.bnk	dar_squam1	86.3
arm_JAWWNF010000282.1:1074962-1075326(-)	sample_008.bnk	dar_squam1	84.8
dva_JAWWNG010000194.1:708100-708486(-)	sample_008.bnk	dar_squam1	84.7
dva_JAWWNG010000239.1:1990375-1990789(-)	sample_008.bnk	dar_squam1	84.4
nai_JAWWNI010000427.1:867544-867901(+)	sample_008.bnk	dar_squam1	86.3
unm_JAWDKO010000084.1:475615-475993(-)	sample_008.bnk	dar_squam1	86.4
unp_JAWDKN010000044.1:6319825-6320203(-)	sample_008.bnk	dar_squam1	83.3
dvl_JAIXNF010025313.1:268451-268603(-)	sample_008.bnk	dar_squam1	87.8
arm_JAWWNF010000170.1:4692437-4692820(-)	sample_008.bnk	dar_squam1	87.7
unm_JAWDKO010000005.1:5078005-5078358(+)	sample_008.bnk	dar_squam1	88.0
nai_JAWWNI010000052.1:9752459-9752840(-)	sample_008.bnk	dar_squam1	86.9
nai_JAWWNI010000378.1:304918-305359(+)	sample_008.bnk	dar_squam1	88.3
unm_JAWDKO010000003.1:26253087-26253452(-)	sample_008.bnk	dar_squam1	86.4
unm_JAWDKO010000049.1:26812196-26812550(+)	sample_008.bnk	dar_squam1	85.3
arm_JAWWNF010000001.1:6511315-6511689(+)	sample_008.bnk	dar_squam1	86.3
unp_JAWDKN010000073.1:68945-69323(+)	sample_008.bnk	dar_squam1	86.3
unm_JAWDKO010000073.1:2827134-2827497(-)	sample_008.bnk	dar_squam1	85.3
unm_JAWDKO010000002.1:9497960-9498348(+)	sample_008.bnk	dar_squam1	85.9
nai_JAWWNI010001427.1:61693-62068(+)	sample_008.bnk	dar_squam1	87.9
arm_JAWWNF010000778.1:663779-664156(-)	sample_008.bnk	dar_squam1	85.6
dvl_JAIXNF010000014.1:5718818-5718962(-)	sample_008.bnk	dar_squam1	86.0
unp_JAWDKN010000003.1:21479342-21479723(+)	sample_008.bnk	dar_squam1	85.0
arm_JAWWNF010000397.1:673531-673904(-)	sample_008.bnk	dar_squam1	82.8
nai_JAWWNI010000301.1:17369690-17370081(-)	sample_008.bnk	dar_squam1	83.9
unp_JAWDKN010000003.1:73451989-73452373(-)	sample_008.bnk	dar_squam1	84.7
nai_JAWWNI010001489.1:203088-203441(-)	sample_008.bnk	dar_squam1	87.5
unp_JAWDKN010000017.1:4118903-4119283(-)	sample_008.bnk	dar_squam1	85.9
unp_JAWDKN010000003.1:72536555-72536935(-)	sample_009.bnk	dar_squam1	86.8
nai_JAWWNI010000288.1:383196-383537(-)	sample_009.bnk	dar_squam1	86.9
mix_JAWWNH010000047.1:3775776-3776127(-)	sample_009.bnk	dar_squam1	87.4
arm_JAWWNF010000778.1:1754143-1754511(-)	sample_009.bnk	dar_squam1	85.7
arm_JAWWNF010000410.1:455378-455757(-)	sample_009.bnk	dar_squam1	85.9
dvl_JAIXNF010010111.1:904-1280(+)	sample_009.bnk	dar_squam1	89.1
dvl_JAIXNF010000028.1:8871422-8871795(-)	sample_009.bnk	dar_squam1	84.8
dva_JAWWNG010000065.1:213006-213374(+)	sample_009.bnk	dar_squam1	85.4
unm_JAWDKO010000006.1:11260794-11261167(-)	sample_009.bnk	dar_squam1	83.5
dva_JAWWNG010000188.1:571258-571637(+)	sample_009.bnk	dar_squam1	82.3
mix_JAWWNH010000204.1:84366-84753(+)	sample_009.bnk	dar_squam1	85.8
mix_JAWWNH010000072.1:8673378-8673758(+)	sample_009.bnk	dar_squam1	83.4
unp_JAWDKN010000049.1:6476058-6476444(-)	sample_009.bnk	dar_squam1	81.2
unm_JAWDKO010000008.1:12496419-12496797(-)	sample_009.bnk	dar_squam1	83.5
nai_JAWWNI010000613.1:274319-274708(+)	sample_009.bnk	dar_squam1	85.5
dva_JAWWNG010000657.1:82075-82453(+)	sample_009.bnk	dar_squam1	87.2
dvl_JAIXNF010000055.1:1886383-1886545(-)	sample_009.bnk	dar_squam1	83.8
mix_JAWWNH010000100.1:4697998-4698355(+)	sample_009.bnk	dar_squam1	85.8
dva_JAWWNG010000737.1:2109802-2110158(+)	sample_009.bnk	dar_squam1	88.6
dvl_JAIXNF010027710.1:10983-11320(-)	sample_009.bnk	dar_squam1	83.6
unp_JAWDKN010000036.1:5908515-5908865(-)	sample_009.bnk	dar_squam1	85.3
nai_JAWWNI010000762.1:401450-401829(-)	sample_009.bnk	dar_squam1	85.4
arm_JAWWNF010000013.1:2635350-2635681(-)	sample_009.bnk	dar_squam1	85.0
dva_JAWWNG010002188.1:77019-77391(-)	sample_009.bnk	dar_squam1	86.9
nai_JAWWNI010000439.1:5740583-5740947(+)	sample_009.bnk	dar_squam1	87.7
arm_JAWWNF010000015.1:4968031-4968384(+)	sample_009.bnk	dar_squam1	83.4
unm_JAWDKO010000011.1:468187-468574(+)	sample_009.bnk	dar_squam1	84.5
unm_JAWDKO010000012.1:20390654-20391024(-)	sample_009.bnk	dar_squam1	86.0
arm_JAWWNF010000053.1:4346881-4347261(+)	sample_009.bnk	dar_squam1	83.9
unp_JAWDKN010000036.1:2448138-2448493(+)	sample_009.bnk	dar_squam1	82.2
dva_JAWWNG010001616.1:551128-551477(+)	sample_009.bnk	dar_squam1	85.2
arm_JAWWNF010000094.1:4936022-4936403(-)	sample_009.bnk	dar_squam1	84.7
unm_JAWDKO010000058.1:19192895-19193273(-)	sample_009.bnk	dar_squam1	84.5
dvl_JAIXNF010000027.1:2621714-2622099(-)	sample_009.bnk	dar_squam1	85.4
dvl_JAIXNF010000041.1:2656343-2656697(-)	sample_009.bnk	dar_squam1	87.1
nai_JAWWNI010000443.1:108296-108682(+)	sample_009.bnk	dar_squam1	84.5
unp_JAWDKN010000035.1:9383012-9383366(+)	sample_009.bnk	dar_squam1	83.7
unm_JAWDKO010000006.1:47270587-47270919(+)	sample_009.bnk	dar_squam1	83.1
nai_JAWWNI010000214.1:376198-376563(+)	sample_009.bnk	dar_squam1	84.0
arm_JAWWNF010000592.1:220502-220871(+)	sample_009.bnk	dar_squam1	85.4
unp_JAWDKN010000012.1:9933253-9933625(+)	sample_009.bnk	dar_squam1	88.9
arm_JAWWNF010000449.1:608045-608399(-)	sample_009.bnk	dar_squam1	84.0
mix_JAWWNH010000011.1:32165713-32166099(-)	sample_009.bnk	dar_squam1	85.8
dva_JAWWNG010001890.1:424396-424759(-)	sample_009.bnk	dar_squam1	85.9
nai_JAWWNI010000428.1:2158501-2158867(-)	sample_009.bnk	dar_squam1	85.3
unm_JAWDKO010000010.1:16253656-16254041(+)	sample_009.bnk	dar_squam1	87.0
unp_JAWDKN010000003.1:5613790-5614123(+)	sample_009.bnk	dar_squam1	87.1
nai_JAWWNI010000704.1:1222032-1222412(-)	sample_009.bnk	dar_squam1	86.2
unm_JAWDKO010000010.1:90961-91296(-)	sample_009.bnk	dar_squam1	86.5
mix_JAWWNH010000042.1:10228453-10228806(+)	sample_009.bnk	dar_squam1	84.2
nai_JAWWNI010000052.1:17785646-17785996(+)	sample_010.bnk	dar_squam1	84.3
dva_JAWWNG010000090.1:5761076-5761443(+)	sample_010.bnk	dar_squam1	84.4
nai_JAWWNI010000018.1:5242240-5242611(-)	sample_010.bnk	dar_squam1	85.6
dvl_JAIXNF010000413.1:14003582-14003949(+)	sample_010.bnk	dar_squam1	84.8
mix_JAWWNH010000008.1:3617102-3617451(+)	sample_010.bnk	dar_squam1	84.0
unp_JAWDKN010000026.1:14215951-14216327(-)	sample_010.bnk	dar_squam1	84.6
arm_JAWWNF010000602.1:1201580-1201948(+)	sample_010.bnk	dar_squam1	80.2
dva_JAWWNG010002393.1:57034-57408(+)	sample_010.bnk	dar_squam1	83.6
dva_JAWWNG010000022.1:115054-115410(-)	sample_010.bnk	dar_squam1	82.9
unm_JAWDKO010000028.1:15729407-15729774(+)	sample_010.bnk	dar_squam1	85.2
unp_JAWDKN010000067.1:19039836-19040215(-)	sample_010.bnk	dar_squam1	84.0
dvl_JAIXNF010000024.1:8209306-8209576(+)	sample_010.bnk	dar_squam1	84.0
arm_JAWWNF010000181.1:1276233-1276611(+)	sample_010.bnk	dar_squam1	86.2
arm_JAWWNF010000195.1:2208160-2208546(+)	sample_010.bnk	dar_squam1	85.3
unp_JAWDKN010000003.1:12346762-12347118(+)	sample_010.bnk	dar_squam1	86.4
unp_JAWDKN010000087.1:10071152-10071518(-)	sample_010.bnk	dar_squam1	83.8
mix_JAWWNH010000042.1:11982003-11982379(-)	sample_010.bnk	dar_squam1	85.8
dvl_JAIXNF010024844.1:68855-69103(+)	sample_010.bnk	dar_squam1	82.6
unp_JAWDKN010000120.1:1196222-1196586(-)	sample_010.bnk	dar_squam1	85.2
unm_JAWDKO010000014.1:7137847-7138191(-)	sample_010.bnk	dar_squam1	87.1
unp_JAWDKN010000115.1:1247512-1247890(+)	sample_010.bnk	dar_squam1	86.9
unm_JAWDKO010000025.1:13851874-13852231(+)	sample_010.bnk	dar_squam1	84.4
dvl_JAIXNF010024226.1:1742-2104(+)	sample_010.bnk	dar_squam1	84.0
unm_JAWDKO010000012.1:54168204-54168576(-)	sample_010.bnk	dar_squam1	81.4
arm_JAWWNF010000158.1:2499318-2499703(-)	sample_010.bnk	dar_squam1	79.9
mix_JAWWNH010000023.1:7526900-7527261(+)	sample_010.bnk	dar_squam1	79.7
arm_JAWWNF010000090.1:150114-150469(-)	sample_010.bnk	dar_squam1	83.5
mix_JAWWNH010000060.1:13304279-13304611(+)	sample_010.bnk	dar_squam1	86.9
mix_JAWWNH010000060.1:16798847-16799179(+)	sample_010.bnk	dar_squam1	86.3
dva_JAWWNG010000005.1:588756-589112(+)	sample_010.bnk	dar_squam1	95.2
nai_JAWWNI010000796.1:1523715-1524071(-)	sample_010.bnk	dar_squam1	94.4
unp_JAWDKN010000006.1:17617107-17617461(+)	sample_010.bnk	dar_squam1	95.2
dvl_JAIXNF010000028.1:7968115-7968476(-)	sample_010.bnk	dar_squam1	94.9
dva_JAWWNG010000011.1:334773-335130(+)	sample_010.bnk	dar_squam1	96.6
dvl_JAIXNF010000386.1:20412-20459(+)	sample_010.bnk	dar_squam1	100.0
unm_JAWDKO010000012.1:48018240-48018595(+)	sample_010.bnk	dar_squam1	97.5
dvl_JAIXNF010000413.1:141609-141964(-)	sample_010.bnk	dar_squam1	96.3
dva_JAWWNG010000456.1:126859-127214(+)	sample_010.bnk	dar_squam1	96.6
dva_JAWWNG010000169.1:192936-193293(+)	sample_010.bnk	dar_squam1	96.3
nai_JAWWNI010001044.1:1103579-1103935(+)	sample_010.bnk	dar_squam1	97.5
unm_JAWDKO010000003.1:9413718-9414074(-)	sample_010.bnk	dar_squam1	97.5
arm_JAWWNF010000158.1:1941434-1941782(+)	sample_010.bnk	dar_squam1	96.8
unp_JAWDKN010000035.1:2352799-2353129(+)	sample_010.bnk	dar_squam1	96.7
unp_JAWDKN010000090.1:6551681-6552037(+)	sample_010.bnk	dar_squam1	97.2
dvl_JAIXNF010000320.1:262454-262806(-)	sample_010.bnk	dar_squam1	97.7
unm_JAWDKO010000020.1:73830-74185(-)	sample_010.bnk	dar_squam1	96.3
arm_JAWWNF010000342.1:1276819-1277168(-)	sample_010.bnk	dar_squam1	96.8
mix_JAWWNH010000101.1:239258-239613(+)	sample_010.bnk	dar_squam1	97.2
dvl_JAIXNF010025581.1:218409-218753(+)	sample_010.bnk	dar_squam1	96.8
mix_JAWWNH010000060.1:9317509-9317863(-)	sample_010.bnk	dar_squam1	97.2
arm_JAWWNF010000074.1:4536473-4536828(+)	sample_011.bnk	dar_squam1	96.3
arm_JAWWNF010000934.1:218279-218629(-)	sample_011.bnk	dar_squam1	96.3
unm_JAWDKO010000082.1:372176-372531(-)	sample_011.bnk	dar_squam1	97.2
dva_JAWWNG010000308.1:1810039-1810390(-)	sample_011.bnk	dar_squam1	97.4
mix_JAWWNH010000173.1:12903633-12903987(+)	sample_011.bnk	dar_squam1	97.2
nai_JAWWNI010000182.1:916398-916753(-)	sample_011.bnk	dar_squam1	96.9
arm_JAWWNF010001049.1:260133-260487(+)	sample_011.bnk	dar_squam1	96.0
dva_JAWWNG010000088.1:3776661-3777002(-)	sample_011.bnk	dar_squam1	97.4
unp_JAWDKN010000070.1:20613103-20613443(+)	sample_011.bnk	dar_squam1	97.6
unp_JAWDKN010000062.1:15171968-15172323(+)	sample_011.bnk	dar_squam1	96.6
arm_JAWWNF010000542.1:1238845-1239199(-)	sample_011.bnk	dar_squam1	97.7
dvl_JAIXNF010000133.1:1882747-1883088(+)	sample_011.bnk	dar_squam1	95.6
arm_JAWWNF010000025.1:8320639-8320989(+)	sample_011.bnk	dar_squam1	97.1
dva_JAWWNG010000252.1:1298764-1299120(+)	sample_011.bnk	dar_squam1	95.5
dva_JAWWNG010000653.1:2313241-2313592(+)	sample_011.bnk	dar_squam1	96.0
dva_JAWWNG010002439.1:118183-118538(+)	sample_011.bnk	dar_squam1	97.2
arm_JAWWNF010001064.1:614594-614948(+)	sample_011.bnk	dar_squam1	97.5
unm_JAWDKO010000053.1:9618712-9619066(-)	sample_011.bnk	dar_squam1	95.5
dva_JAWWNG010000963.1:692446-692804(-)	sample_011.bnk	dar_squam1	96.3
dvl_JAIXNF010000028.1:317671-318025(-)	sample_011.bnk	dar_squam1	95.8
dva_JAWWNG010000250.1:6736679-6737035(-)	sample_011.bnk	dar_squam1	95.8
nai_JAWWNI010000570.1:549348-549703(+)	sample_011.bnk	dar_squam1	96.9
nai_JAWWNI010000452.1:4317352-4317701(+)	sample_011.bnk	dar_squam1	96.0
arm_JAWWNF010000143.1:69675-70026(-)	sample_011.bnk	dar_squam1	97.1
dvl_JAIXNF010000362.1:7439582-7439930(+)	sample_011.bnk	dar_squam1	96.3
mix_JAWWNH010000003.1:1936450-1936805(-)	sample_011.bnk	dar_squam1	95.8
dva_JAWWNG010000056.1:4916508-4916856(+)	sample_011.bnk	dar_squam1	96.2
mix_JAWWNH010000181.1:5237770-5238124(+)	sample_011.bnk	dar_squam1	96.6
mix_JAWWNH010000048.1:174926-175275(+)	sample_011.bnk	dar_squam1	96.0
unm_JAWDKO010000006.1:64778930-64779261(+)	sample_011.bnk	dar_squam1	95.5
dva_JAWWNG010001789.1:77615-77956(+)	sample_011.bnk	dar_squam1	93.8
dva_JAWWNG010000121.1:1200813-1201148(-)	sample_011.bnk	dar_squam1	94.6
dvl_JAIXNF010000052.1:2660027-2660068(+)	sample_011.bnk	dar_squam1	97.6
mix_JAWWNH010000008.1:2293174-2293528(-)	sample_011.bnk	dar_squam1	94.6
arm_JAWWNF010000579.1:2796097-2796453(-)	sample_011.bnk	dar_squam1	93.8
arm_JAWWNF010000068.1:1287547-1287904(-)	sample_011.bnk	dar_squam1	94.9
mix_JAWWNH010000033.1:11751056-11751410(-)	sample_011.bnk	dar_squam1	96.9
unm_JAWDKO010000035.1:27009541-27009896(-)	sample_011.bnk	dar_squam1	94.1
unm_JAWDKO010000036.1:2390727-2391082(+)	sample_011.bnk	dar_squam1	96.3
dva_JAWWNG010000103.1:252757-253106(+)	sample_011.bnk	dar_squam1	96.6
mix_JAWWNH010000091.1:6693054-6693408(+)	sample_011.bnk	dar_squam1	95.8
arm_JAWWNF010000411.1:932696-933037(+)	sample_011.bnk	dar_squam1	97.4
unm_JAWDKO010000054.1:15756258-15756597(+)	sample_011.bnk	dar_squam1	96.2
dva_JAWWNG010000009.1:10421067-10421420(-)	sample_011.bnk	dar_squam1	97.4
unp_JAWDKN010000107.1:9229757-9230107(-)	sample_011.bnk	dar_squam1	96.0
unp_JAWDKN010000031.1:4550403-4550759(-)	sample_011.bnk	dar_squam1	96.3
unm_JAWDKO010000053.1:11548049-11548403(+)	sample_011.bnk	dar_squam1	96.3
dva_JAWWNG010000045.1:4748830-4749181(-)	sample_011.bnk	dar_squam1	96.8
dva_JAWWNG010000994.1:11738-12092(-)	sample_011.bnk	dar_squam1	96.3
nai_JAWWNI010000151.1:533832-534184(-)	sample_011.bnk	dar_squam1	96.0
mix_JAWWNH010000029.1:53100591-53100946(-)	sample_012.bnk	dar_squam1	96.6
unp_JAWDKN010000094.1:3713400-3713758(-)	sample_012.bnk	dar_squam1	96.9
unm_JAWDKO010000002.1:4423516-4423870(-)	sample_012.bnk	dar_squam1	97.2
nai_JAWWNI010000750.1:1014719-1015067(+)	sample_012.bnk	dar_squam1	97.1
dva_JAWWNG010000122.1:1314473-1314815(+)	sample_012.bnk	dar_squam1	96.5
nai_JAWWNI010000025.1:60810-61162(+)	sample_012.bnk	dar_squam1	96.3
nai_JAWWNI010000811.1:524786-525135(-)	sample_012.bnk	dar_squam1	96.0
mix_JAWWNH010000054.1:25648726-25649060(+)	sample_012.bnk	dar_squam1	95.8
arm_JAWWNF010000830.1:159423-159776(+)	sample_012.bnk	dar_squam1	96.0
mix_JAWWNH010000136.1:2555597-2555950(-)	sample_012.bnk	dar_squam1	96.6
dva_JAWWNG010000010.1:4503280-4503629(-)	sample_012.bnk	dar_squam1	95.7
dvl_JAIXNF010000144.1:2233040-2233396(-)	sample_012.bnk	dar_squam1	95.8
nai_JAWWNI010001099.1:4850597-4850951(+)	sample_012.bnk	dar_squam1	96.9
arm_JAWWNF010000135.1:3055691-3056044(+)	sample_012.bnk	dar_squam1	97.2
unm_JAWDKO010000037.1:8165616-8165964(-)	sample_012.bnk	dar_squam1	95.4
dvl_JAIXNF010000019.1:583962-584315(-)	sample_012.bnk	dar_squam1	97.7
arm_JAWWNF010000435.1:819140-819496(+)	sample_012.bnk	dar_squam1	97.2
unp_JAWDKN010000061.1:3040234-3040589(+)	sample_012.bnk	dar_squam1	96.6
unm_JAWDKO010000028.1:12246469-12246824(+)	sample_012.bnk	dar_squam1	96.3
unp_JAWDKN010000091.1:1261138-1261487(+)	sample_012.bnk	dar_squam1	96.0
nai_JAWWNI010000848.1:171659-172008(+)	sample_012.bnk	dar_squam1	95.7
dvl_JAIXNF010024952.1:1-85(+)	sample_012.bnk	dar_squam1	96.4
unm_JAWDKO010000035.1:13259852-13260186(+)	sample_012.bnk	dar_squam1	96.1
unp_JAWDKN010000057.1:10959292-10959647(+)	sample_012.bnk	dar_squam1	96.6
nai_JAWWNI010000335.1:227793-228147(-)	sample_012.bnk	dar_squam1	96.0
unm_JAWDKO010000028.1:8168687-8169042(+)	sample_012.bnk	dar_squam1	96.6
unm_JAWDKO010000045.1:8865683-8866030(-)	sample_012.bnk	dar_squam1	96.8
dva_JAWWNG010000493.1:1287619-1287976(+)	sample_012.bnk	dar_squam1	95.8
arm_JAWWNF010000192.1:52844-53199(-)	sample_012.bnk	dar_squam1	96.0
nai_JAWWNI010000339.1:1152498-1152840(-)	sample_012.bnk	dar_squam1	96.2
arm_JAWWNF010000514.1:1228987-1229342(+)	sample_012.bnk	dar_squam1	97.2
mix_JAWWNH010000013.1:19413722-19414071(-)	sample_012.bnk	dar_squam1	96.6
mix_JAWWNH010000050.1:20890412-20890765(-)	sample_012.bnk	dar_squam1	95.2
dvl_JAIXNF010012327.1:1227-1582(+)	sample_012.bnk	dar_squam1	95.5
unp_JAWDKN010000048.1:182804-183159(-)	sample_012.bnk	dar_squam1	96.0
dvl_JAIXNF010025372.1:804715-805060(+)	sample_012.bnk	dar_squam1	96.5
unm_JAWDKO010000021.1:9993678-9994028(+)	sample_012.bnk	dar_squam1	96.0
mix_JAWWNH010000104.1:1797664-1798015(+)	sample_012.bnk	dar_squam1	95.4
arm_JAWWNF010000321.1:6857985-6858315(+)	sample_012.bnk	dar_squam1	96.0
unm_JAWDKO010000035.1:4664177-4664532(-)	sample_012.bnk	dar_squam1	95.5
nai_JAWWNI010000125.1:218081-218434(-)	sample_012.bnk	dar_squam1	96.3
dva_JAWWNG010000150.1:815311-815658(+)	sample_012.bnk	dar_squam1	96.0
dva_JAWWNG010000102.1:1806588-1806942(+)	sample_012.bnk	dar_squam1	95.8
nai_JAWWNI010000628.1:423045-423394(+)	sample_012.bnk	dar_squam1	95.7
unm_JAWDKO010000002.1:11764209-11764566(+)	sample_012.bnk	dar_squam1	96.1
arm_JAWWNF010000207.1:3109367-3109708(+)	sample_012.bnk	dar_squam1	96.2
dva_JAWWNG010002546.1:17349-17706(+)	sample_012.bnk	dar_squam1	96.1
dvl_JAIXNF010000031.1:3588362-3588575(+)	sample_012.bnk	dar_squam1	94.8
mix_JAWWNH010000029.1:25641987-25642336(-)	sample_012.bnk	dar_squam1	95.7
unm_JAWDKO010000052.1:5933872-5934227(-)	sample_012.bnk	dar_squam1	96.6
dvl_JAIXNF010025784.1:2001808-2001981(+)	sample_013.bnk	dar_squam1	96.5
nai_JAWWNI010000090.1:249302-249654(+)	sample_013.bnk	dar_squam1	93.4
unp_JAWDKN010000032.1:2679320-2679674(+)	sample_013.bnk	dar_squam1	96.3
arm_JAWWNF010000342.1:3178746-3179100(-)	sample_013.bnk	dar_squam1	96.0
arm_JAWWNF010000101.1:1995452-1995809(-)	sample_013.bnk	dar_squam1	96.1
unm_JAWDKO010000074.1:8802211-8802556(-)	sample_013.bnk	dar_squam1	96.2
dva_JAWWNG010000413.1:1355390-1355724(-)	sample_013.bnk	dar_squam1	95.8
dva_JAWWNG010000795.1:270379-270734(-)	sample_013.bnk	dar_squam1	96.9
nai_JAWWNI010000094.1:1720529-1720875(+)	sample_013.bnk	dar_squam1	95.9
nai_JAWWNI010000244.1:12877196-12877552(+)	sample_013.bnk	dar_squam1	96.6
mix_JAWWNH010000019.1:8861829-8862178(-)	sample_013.bnk	dar_squam1	95.4
unm_JAWDKO010000035.1:26941078-26941429(+)	sample_013.bnk	dar_squam1	96.9
dvl_JAIXNF010025801.1:12193979-12194316(+)	sample_013.bnk	dar_squam1	97.0
dvl_JAIXNF010025930.1:1387561-1387911(+)	sample_013.bnk	dar_squam1	96.3
dvl_JAIXNF010000079.1:2075487-2075842(-)	sample_013.bnk	dar_squam1	95.8
mix_JAWWNH010000074.1:14778130-14778485(+)	sample_013.bnk	dar_squam1	95.8
unm_JAWDKO010000038.1:7126181-7126528(-)	sample_013.bnk	dar_squam1	96.0
arm_JAWWNF010000093.1:708483-708833(-)	sample_013.bnk	dar_squam1	96.3
dva_JAWWNG010002654.1:738245-738601(+)	sample_013.bnk	dar_squam1	96.3
unp_JAWDKN010000050.1:1701234-1701587(+)	sample_013.bnk	dar_squam1	96.9
unp_JAWDKN010000070.1:4527085-4527428(-)	sample_013.bnk	dar_squam1	95.9
dva_JAWWNG010000455.1:3019560-3019916(+)	sample_013.bnk	dar_squam1	96.3
dvl_JAIXNF010000028.1:20931083-20931439(-)	sample_013.bnk	dar_squam1	96.3
nai_JAWWNI010000306.1:16247292-16247650(+)	sample_013.bnk	dar_squam1	94.9
arm_JAWWNF010000416.1:602041-602399(+)	sample_013.bnk	dar_squam1	95.2
arm_JAWWNF010000265.1:464927-465283(-)	sample_013.bnk	dar_squam1	97.2
dva_JAWWNG010000717.1:644113-644470(+)	sample_013.bnk	dar_squam1	94.7
mix_JAWWNH010000017.1:18619062-18619415(+)	sample_013.bnk	dar_squam1	96.6
unp_JAWDKN010000040.1:194225-194556(+)	sample_013.bnk	dar_squam1	97.0
unm_JAWDKO010000022.1:4152205-4152555(+)	sample_013.bnk	dar_squam1	96.8
unm_JAWDKO010000039.1:22201386-22201726(+)	sample_013.bnk	dar_squam1	96.8
unm_JAWDKO010000044.1:12131434-12131772(+)	sample_013.bnk	dar_squam1	95.8
nai_JAWWNI010000198.1:93646-94000(+)	sample_013.bnk	dar_squam1	96.3
unm_JAWDKO010000037.1:6517361-6517710(+)	sample_013.bnk	dar_squam1	95.7
nai_JAWWNI010000355.1:1065448-1065803(-)	sample_013.bnk	dar_squam1	96.9
dvl_JAIXNF010025837.1:269261-269614(-)	sample_013.bnk	dar_squam1	96.0
arm_JAWWNF010000812.1:169535-169888(-)	sample_013.bnk	dar_squam1	96.3
arm_JAWWNF010000260.1:285600-285949(+)	sample_013.bnk	dar_squam1	96.0
dvl_JAIXNF010025414.1:467338-467551(+)	sample_013.bnk	dar_squam1	97.2
arm_JAWWNF010000550.1:2025074-2025428(-)	sample_013.bnk	dar_squam1	96.3
dvl_JAIXNF010000390.1:480337-480428(-)	sample_013.bnk	dar_squam1	96.7
unm_JAWDKO010000074.1:17667368-17667721(-)	sample_013.bnk	dar_squam1	95.7
arm_JAWWNF010001211.1:63597-63952(+)	sample_013.bnk	dar_squam1	96.9
nai_JAWWNI010001559.1:35129-35478(-)	sample_013.bnk	dar_squam1	97.1
unm_JAWDKO010000032.1:5947432-5947785(+)	sample_013.bnk	dar_squam1	95.7
arm_JAWWNF010000060.1:7791578-7791932(+)	sample_013.bnk	dar_squam1	96.0
dvl_JAIXNF010029637.1:0-228(+)	sample_013.bnk	dar_squam1	96.0
nai_JAWWNI010000328.1:4452378-4452733(-)	sample_013.bnk	dar_squam1	95.8
mix_JAWWNH010000098.1:58292-58641(+)	sample_013.bnk	dar_squam1	96.0
unp_JAWDKN010000015.1:14220004-14220350(+)	sample_013.bnk	dar_squam1	94.8
unm_JAWDKO010000030.1:11861019-11861373(-)	sample_014.bnk	dar_squam1	96.3
nai_JAWWNI010000529.1:381567-381916(+)	sample_014.bnk	dar_squam1	95.7
unp_JAWDKN010000061.1:9099700-9100052(+)	sample_014.bnk	dar_squam1	96.3
unp_JAWDKN010000023.1:8455510-8455859(-)	sample_014.bnk	dar_squam1	95.7
dva_JAWWNG010000381.1:143818-144161(-)	sample_014.bnk	dar_squam1	96.5
dvl_JAIXNF010000473.1:22655-23009(+)	sample_014.bnk	dar_squam1	96.9
unm_JAWDKO010000018.1:14281930-14282283(+)	sample_014.bnk	dar_squam1	96.6
unm_JAWDKO010000006.1:60495694-60496044(-)	sample_014.bnk	dar_squam1	96.3
nai_JAWWNI010000097.1:88094-88444(-)	sample_014.bnk	dar_squam1	97.1
arm_JAWWNF010000939.1:736002-736351(+)	sample_014.bnk	dar_squam1	96.8
unm_JAWDKO010000062.1:12115523-12115872(-)	sample_014.bnk	dar_squam1	96.6
nai_JAWWNI010000041.1:1457758-1458112(+)	sample_014.bnk	dar_squam1	95.8
nai_JAWWNI010000155.1:535875-536218(+)	sample_014.bnk	dar_squam1	95.6
unm_JAWDKO010000009.1:32156949-32157303(-)	sample_014.bnk	dar_squam1	94.9
unm_JAWDKO010000053.1:1817142-1817494(-)	sample_014.bnk	dar_squam1	95.7
unm_JAWDKO010000001.1:7697654-7698009(-)	sample_014.bnk	dar_squam1	95.5
arm_JAWWNF010000234.1:1814339-1814687(+)	sample_014.bnk	dar_squam1	95.1
dvl_JAIXNF010000413.1:25144598-25144953(+)	sample_014.bnk	dar_squam1	96.3
mix_JAWWNH010000029.1:42753770-42754125(-)	sample_014.bnk	dar_squam1	95.2
mix_JAWWNH010000049.1:7597437-7597792(-)	sample_014.bnk	dar_squam1	95.8
arm_JAWWNF010000009.1:5338396-5338749(-)	sample_014.bnk	dar_squam1	95.2
arm_JAWWNF010000520.1:3319802-3320160(-)	sample_014.bnk	dar_squam1	95.8
mix_JAWWNH010000017.1:19703417-19703758(+)	sample_014.bnk	dar_squam1	96.5
mix_JAWWNH010000102.1:1374979-1375338(+)	sample_014.bnk	dar_squam1	96.6
unp_JAWDKN010000007.1:152052-152402(+)	sample_014.bnk	dar_squam1	95.4
unp_JAWDKN010000003.1:8255979-8256336(-)	sample_014.bnk	dar_squam1	96.1
unp_JAWDKN010000093.1:10640019-10640353(-)	sample_014.bnk	dar_squam1	95.8
arm_JAWWNF010000812.1:688936-689292(+)	sample_014.bnk	dar_squam1	95.5
unp_JAWDKN010000002.1:4903562-4903918(-)	sample_014.bnk	dar_squam1	94.4
dvl_JAIXNF010027093.1:17748-18102(+)	sample_014.bnk	dar_squam1	96.9
unm_JAWDKO010000052.1:2115934-2116288(-)	sample_014.bnk	dar_squam1	96.3
dvl_JAIXNF010025801.1:11065900-11066246(+)	sample_014.bnk	dar_squam1	96.8
mix_JAWWNH010000100.1:3145280-3145615(+)	sample_014.bnk	dar_squam1	95.2
unm_JAWDKO010000058.1:49999-50355(+)	sample_014.bnk	dar_squam1	96.3
unm_JAWDKO010000009.1:33463399-33463752(+)	sample_014.bnk	dar_squam1	95.5
dva_JAWWNG010000105.1:2465101-2465451(-)	sample_014.bnk	dar_squam1	95.4
dva_JAWWNG010000384.1:443264-443610(-)	sample_014.bnk	dar_squam1	97.4
arm_JAWWNF010000607.1:242755-243100(-)	sample_014.bnk	dar_squam1	97.4
dva_JAWWNG010000890.1:769133-769489(-)	sample_014.bnk	dar_squam1	96.9
unm_JAWDKO010000013.1:17861392-17861745(+)	sample_014.bnk	dar_squam1	95.7
unm_JAWDKO010000055.1:8975333-8975686(-)	sample_014.bnk	dar_squam1	97.2
unm_JAWDKO010000068.1:2905417-2905769(-)	sample_014.bnk	dar_squam1	96.6
unp_JAWDKN010000044.1:3757806-3758161(-)	sample_014.bnk	dar_squam1	96.0
unm_JAWDKO010000060.1:6426736-6427087(+)	sample_014.bnk	dar_squam1	96.8
dva_JAWWNG010000364.1:48369-48726(-)	sample_014.bnk	dar_squam1	96.1
nai_JAWWNI010000052.1:13941892-13942245(+)	sample_014.bnk	dar_squam1	95.7
unp_JAWDKN010000135.1:1525477-1525833(-)	sample_014.bnk	dar_squam1	96.1
mix_JAWWNH010000173.1:2614609-2614965(-)	sample_014.bnk	dar_squam1	96.9
nai_JAWWNI010000283.1:1394408-1394760(-)	sample_014.bnk	dar_squam1	96.0
arm_JAWWNF010000154.1:2125611-2125967(+)	sample_014.bnk	dar_squam1	94.9
arm_JAWWNF010000887.1:346977-347330(+)	sample_015.bnk	dar_squam1	96.0
mix_JAWWNH010000136.1:1258117-1258473(+)	sample_015.bnk	dar_squam1	95.8
unm_JAWDKO010000021.1:14686790-14687144(-)	sample_015.bnk	dar_squam1	96.3
arm_JAWWNF010000206.1:302213-302553(-)	sample_015.bnk	dar_squam1	94.7
mix_JAWWNH010000029.1:42903478-42903835(-)	sample_015.bnk	dar_squam1	95.8
dva_JAWWNG010000035.1:1540599-1540955(+)	sample_015.bnk	dar_squam1	95.5
dva_JAWWNG010000561.1:442843-443183(-)	sample_015.bnk	dar_squam1	94.7
unm_JAWDKO010000006.1:20795146-20795499(-)	sample_015.bnk	dar_squam1	95.7
unp_JAWDKN010000077.1:7034407-7034740(+)	sample_015.bnk	dar_squam1	96.4
unm_JAWDKO010000050.1:3213616-3213977(+)	sample_015.bnk	dar_squam1	96.0
arm_JAWWNF010000143.1:2930039-2930399(+)	sample_015.bnk	dar_squam1	95.5
unm_JAWDKO010000062.1:19348521-19348872(+)	sample_015.bnk	dar_squam1	95.4
unm_JAWDKO010000077.1:1894291-1894634(+)	sample_015.bnk	dar_squam1	96.2
unm_JAWDKO010000011.1:23834-24186(-)	sample_015.bnk	dar_squam1	95.4
nai_JAWWNI010000313.1:177226-177574(+)	sample_015.bnk	dar_squam1	96.0
mix_JAWWNH010000074.1:13297864-13298219(+)	sample_015.bnk	dar_squam1	96.6
mix_JAWWNH010000058.1:12865735-12866094(-)	sample_015.bnk	dar_squam1	95.8
dva_JAWWNG010000396.1:1838168-1838524(+)	sample_015.bnk	dar_squam1	96.1
dva_JAWWNG010000923.1:811034-811374(+)	sample_015.bnk	dar_squam1	95.6
dva_JAWWNG010000468.1:3360919-3361271(-)	sample_015.bnk	dar_squam1	96.0
mix_JAWWNH010000010.1:941939-942299(-)	sample_015.bnk	dar_squam1	95.8
nai_JAWWNI010000707.1:1212794-1213148(+)	sample_015.bnk	dar_squam1	95.8
nai_JAWWNI010000250.1:1017044-1017385(+)	sample_015.bnk	dar_squam1	96.5
unp_JAWDKN010000033.1:5779086-5779444(+)	sample_015.bnk	dar_squam1	94.9
unp_JAWDKN010000020.1:4916313-4916662(-)	sample_015.bnk	dar_squam1	96.0
arm_JAWWNF010000122.1:1308194-1308549(+)	sample_015.bnk	dar_squam1	95.2
dva_JAWWNG010002104.1:346149-346503(+)	sample_015.bnk	dar_squam1	94.9
dvl_JAIXNF010000812.1:1159-1396(+)	sample_015.bnk	dar_squam1	96.6
unm_JAWDKO010000032.1:1388803-1389163(-)	sample_015.bnk	dar_squam1	94.6
nai_JAWWNI010000244.1:22075277-22075608(+)	sample_015.bnk	dar_squam1	96.7
nai_JAWWNI010000216.1:311387-311896(-)	sample_015.bnk	dar_squam1	96.0
unm_JAWDKO010000045.1:8805994-8806348(-)	sample_015.bnk	dar_squam1	96.6
unm_JAWDKO010000049.1:39553807-39554157(-)	sample_015.bnk	dar_squam1	95.7
arm_JAWWNF010000136.1:2022928-2023257(+)	sample_015.bnk	dar_squam1	95.1
nai_JAWWNI010000062.1:15261094-15261438(+)	sample_015.bnk	dar_squam1	95.0
arm_JAWWNF010000643.1:222132-222487(-)	sample_015.bnk	dar_squam1	96.6
mix_JAWWNH010000292.1:148664-149022(-)	sample_015.bnk	dar_squam1	96.1
arm_JAWWNF010000018.1:1112851-1113206(+)	sample_015.bnk	dar_squam1	96.3
unm_JAWDKO010000041.1:7488245-7488599(-)	sample_015.bnk	dar_squam1	96.0
mix_JAWWNH010000004.1:4116772-4117127(-)	sample_015.bnk	dar_squam1	95.5
nai_JAWWNI010001218.1:87284-87638(+)	sample_015.bnk	dar_squam1	96.6
unp_JAWDKN010000124.1:1970731-1971086(+)	sample_015.bnk	dar_squam1	95.8
mix_JAWWNH010000093.1:418355-418710(-)	sample_015.bnk	dar_squam1	96.9
unp_JAWDKN010000175.1:1425680-1426028(-)	sample_015.bnk	dar_squam1	96.2
mix_JAWWNH010000118.1:578695-579039(-)	sample_015.bnk	dar_squam1	97.1
unp_JAWDKN010000031.1:5319079-5319422(+)	sample_015.bnk	dar_squam1	95.0
dvl_JAIXNF010000014.1:7596826-7597175(+)	sample_015.bnk	dar_squam1	96.0
mix_JAWWNH010000017.1:7544947-7545302(+)	sample_015.bnk	dar_squam1	94.6
mix_JAWWNH010000013.1:34139103-34139434(-)	sample_015.bnk	dar_squam1	95.7
unm_JAWDKO010000060.1:4947146-4947503(+)	sample_015.bnk	dar_squam1	95.7
nai_JAWWNI010000275.1:2102211-2102566(-)	sample_016.bnk	dar_squam1	95.5
arm_JAWWNF010000112.1:1359334-1359687(-)	sample_016.bnk	dar_squam1	94.9
arm_JAWWNF010000024.1:776678-777021(-)	sample_016.bnk	dar_squam1	95.6
dva_JAWWNG010000225.1:634321-634670(+)	sample_016.bnk	dar_squam1	94.8
dvl_JAIXNF010000196.1:576841-577196(+)	sample_016.bnk	dar_squam1	94.4
nai_JAWWNI010000763.1:869690-870045(-)	sample_016.bnk	dar_squam1	95.2
unp_JAWDKN010000091.1:5100797-5101150(-)	sample_016.bnk	dar_squam1	95.5
dva_JAWWNG010001463.1:152432-152782(-)	sample_016.bnk	dar_squam1	95.7
unp_JAWDKN010000074.1:1039632-1039986(+)	sample_016.bnk	dar_squam1	95.2
unm_JAWDKO010000039.1:13907859-13908204(+)	sample_016.bnk	dar_squam1	95.3
unp_JAWDKN010000096.1:357597-357943(+)	sample_016.bnk	dar_squam1	94.8
dva_JAWWNG010000328.1:745761-746110(-)	sample_016.bnk	dar_squam1	96.0
mix_JAWWNH010000062.1:10555746-10556100(-)	sample_016.bnk	dar_squam1	95.8
unp_JAWDKN010000044.1:7192959-7193315(-)	sample_016.bnk	dar_squam1	95.8
unm_JAWDKO010000049.1:33676265-33676617(-)	sample_016.bnk	dar_squam1	95.2
mix_JAWWNH010000067.1:3415541-3415882(-)	sample_016.bnk	dar_squam1	96.2
dvl_JAIXNF010000001.1:14159876-14160231(+)	sample_016.bnk	dar_squam1	95.5
unm_JAWDKO010000008.1:27159201-27159558(+)	sample_016.bnk	dar_squam1	95.8
nai_JAWWNI010000487.1:2468830-2469185(+)	sample_016.bnk	dar_squam1	96.3
nai_JAWWNI010000732.1:75330-75688(-)	sample_016.bnk	dar_squam1	96.1
unm_JAWDKO010000045.1:29007332-29007689(+)	sample_016.bnk	dar_squam1	97.2
unm_JAWDKO010000032.1:1315924-1316282(+)	sample_016.bnk	dar_squam1	96.9
unp_JAWDKN010000064.1:1252818-1253154(+)	sample_016.bnk	dar_squam1	95.8
unm_JAWDKO010000009.1:445617-445970(-)	sample_016.bnk	dar_squam1	95.2
arm_JAWWNF010000317.1:729149-729501(+)	sample_016.bnk	dar_squam1	96.0
dvl_JAIXNF010000144.1:1240639-1240988(-)	sample_016.bnk	dar_squam1	96.3
mix_JAWWNH010000117.1:712953-713306(+)	sample_016.bnk	dar_squam1	96.0
dvl_JAIXNF010025734.1:2159927-2160153(+)	sample_016.bnk	dar_squam1	94.7
unm_JAWDKO010000055.1:7033051-7033405(-)	sample_016.bnk	dar_squam1	96.3
nai_JAWWNI010000046.1:4393361-4393714(+)	sample_016.bnk	dar_squam1	95.5
nai_JAWWNI010000799.1:1299172-1299526(+)	sample_016.bnk	dar_squam1	95.5
unm_JAWDKO010000006.1:34056857-34057212(+)	sample_016.bnk	dar_squam1	95.8
mix_JAWWNH010000015.1:659966-660318(-)	sample_016.bnk	dar_squam1	96.0
unp_JAWDKN010000061.1:7620912-7621261(-)	sample_016.bnk	dar_squam1	94.8
nai_JAWWNI010000468.1:804447-804791(-)	sample_016.bnk	dar_squam1	95.0
mix_JAWWNH010000155.1:2007364-2007724(-)	sample_016.bnk	dar_squam1	96.1
arm_JAWWNF010000245.1:481880-482226(-)	sample_016.bnk	dar_squam1	93.6
unp_JAWDKN010000222.1:1575175-1575531(-)	sample_016.bnk	dar_squam1	95.8
nai_JAWWNI010000254.1:764492-764850(+)	sample_016.bnk	dar_squam1	95.2
nai_JAWWNI010001031.1:905239-905596(+)	sample_016.bnk	dar_squam1	95.8
unp_JAWDKN010000181.1:1967772-1968122(-)	sample_016.bnk	dar_squam1	96.3
arm_JAWWNF010000081.1:1225850-1226205(+)	sample_016.bnk	dar_squam1	94.9
dva_JAWWNG010000121.1:1142959-1143298(+)	sample_016.bnk	dar_squam1	95.5
dvl_JAIXNF010025637.1:174181-174539(+)	sample_016.bnk	dar_squam1	95.8
nai_JAWWNI010000254.1:5668086-5668441(+)	sample_016.bnk	dar_squam1	96.0
unm_JAWDKO010000001.1:21026668-21027022(+)	sample_016.bnk	dar_squam1	96.0
unm_JAWDKO010000050.1:1120102-1120457(+)	sample_016.bnk	dar_squam1	95.8
mix_JAWWNH010000224.1:1753688-1754037(+)	sample_016.bnk	dar_squam1	94.8
mix_JAWWNH010000010.1:5287895-5288243(-)	sample_016.bnk	dar_squam1	95.4
mix_JAWWNH010000011.1:40395735-40396089(-)	sample_016.bnk	dar_squam1	95.8
unm_JAWDKO010000009.1:2880582-2880932(-)	sample_017.bnk	dar_squam1	95.4
dvl_JAIXNF010000061.1:3111928-3112283(-)	sample_017.bnk	dar_squam1	95.8
unm_JAWDKO010000060.1:7742028-7742384(+)	sample_017.bnk	dar_squam1	94.6
unm_JAWDKO010000038.1:1374407-1374753(+)	sample_017.bnk	dar_squam1	95.7
unm_JAWDKO010000045.1:1247872-1248227(-)	sample_017.bnk	dar_squam1	95.2
nai_JAWWNI010000025.1:1531394-1531745(+)	sample_017.bnk	dar_squam1	95.1
unm_JAWDKO010000044.1:7591339-7591694(-)	sample_017.bnk	dar_squam1	95.2
nai_JAWWNI010000520.1:973438-973792(-)	sample_017.bnk	dar_squam1	96.3
unm_JAWDKO010000028.1:15466571-15466926(-)	sample_017.bnk	dar_squam1	95.8
mix_JAWWNH010000080.1:5051584-5051924(-)	sample_017.bnk	dar_squam1	94.7
unm_JAWDKO010000012.1:28281418-28281766(-)	sample_017.bnk	dar_squam1	95.1
dva_JAWWNG010000431.1:3303620-3303975(+)	sample_017.bnk	dar_squam1	95.8
dva_JAWWNG010001930.1:58279-58636(-)	sample_017.bnk	dar_squam1	94.9
nai_JAWWNI010001003.1:139023-139378(-)	sample_017.bnk	dar_squam1	94.9
mix_JAWWNH010000173.1:335318-335667(+)	sample_017.bnk	dar_squam1	95.4
dvl_JAIXNF010000357.1:2779511-2779867(+)	sample_017.bnk	dar_squam1	94.6
dvl_JAIXNF010025509.1:43621-43971(+)	sample_017.bnk	dar_squam1	95.1
unp_JAWDKN010000011.1:10364371-10364714(-)	sample_017.bnk	dar_squam1	96.5
dvl_JAIXNF010000222.1:13627432-13627782(-)	sample_017.bnk	dar_squam1	94.8
mix_JAWWNH010000104.1:19681-20036(-)	sample_017.bnk	dar_squam1	94.9
unm_JAWDKO010000021.1:39696854-39697188(+)	sample_017.bnk	dar_squam1	95.5
nai_JAWWNI010000250.1:1504504-1504855(-)	sample_017.bnk	dar_squam1	94.6
nai_JAWWNI010000606.1:204432-204787(-)	sample_017.bnk	dar_squam1	94.4
nai_JAWWNI010000219.1:7144793-7145144(-)	sample_017.bnk	dar_squam1	95.1
mix_JAWWNH010000055.1:262421-262776(-)	sample_017.bnk	dar_squam1	95.2
dva_JAWWNG010000035.1:1792047-1792403(+)	sample_017.bnk	dar_squam1	95.5
mix_JAWWNH010000135.1:5414594-5414938(-)	sample_017.bnk	dar_squam1	95.0
dva_JAWWNG010000327.1:10050-10406(+)	sample_017.bnk	dar_squam1	94.9
dva_JAWWNG010000615.1:362557-362900(-)	sample_017.bnk	dar_squam1	94.7
mix_JAWWNH010000008.1:2118016-2118372(+)	sample_017.bnk	dar_squam1	95.8
mix_JAWWNH010000029.1:2874119-2874468(-)	sample_017.bnk	dar_squam1	94.5
unp_JAWDKN010000008.1:774938-775295(+)	sample_017.bnk	dar_squam1	95.2
dva_JAWWNG010000228.1:7004946-7005298(-)	sample_017.bnk	dar_squam1	95.4
mix_JAWWNH010000136.1:135465-135814(-)	sample_017.bnk	dar_squam1	95.7
dvl_JAIXNF010000413.1:12999130-12999483(+)	sample_017.bnk	dar_squam1	95.5
dva_JAWWNG010000994.1:395312-395669(-)	sample_017.bnk	dar_squam1	95.8
unm_JAWDKO010000020.1:11701483-11701833(-)	sample_017.bnk	dar_squam1	96.0
unp_JAWDKN010000053.1:10553588-10553938(+)	sample_017.bnk	dar_squam1	95.7
nai_JAWWNI010000180.1:1152703-1153239(+)	sample_017.bnk	dar_squam1	95.5
mix_JAWWNH010000019.1:2030312-2030668(-)	sample_017.bnk	dar_squam1	96.1
dvl_JAIXNF010000186.1:75448-75802(+)	sample_017.bnk	dar_squam1	96.0
arm_JAWWNF010000464.1:676713-677064(+)	sample_017.bnk	dar_squam1	95.4
mix_JAWWNH010000061.1:311608-311940(-)	sample_017.bnk	dar_squam1	94.6
arm_JAWWNF010000015.1:5878119-5878475(-)	sample_017.bnk	dar_squam1	95.5
mix_JAWWNH010000075.1:2026999-2027350(-)	sample_017.bnk	dar_squam1	94.6
arm_JAWWNF010000130.1:2192819-2193170(+)	sample_017.bnk	dar_squam1	95.1
unp_JAWDKN010000128.1:496332-496687(-)	sample_017.bnk	dar_squam1	94.6
unp_JAWDKN010000019.1:289792-290130(+)	sample_017.bnk	dar_squam1	96.1
dvl_JAIXNF010000362.1:9846817-9847173(-)	sample_017.bnk	dar_squam1	95.8
arm_JAWWNF010000568.1:999332-999688(-)	sample_017.bnk	dar_squam1	95.2
dva_JAWWNG010001803.1:151775-152129(+)	sample_018.bnk	dar_squam1	94.3
dvl_JAIXNF010025640.1:991941-992004(+)	sample_018.bnk	dar_squam1	96.7
nai_JAWWNI010000116.1:1567101-1567462(+)	sample_018.bnk	dar_squam1	90.3
nai_JAWWNI010000528.1:443688-444041(-)	sample_018.bnk	dar_squam1	93.9
dvl_JAIXNF010000115.1:3776369-3776727(-)	sample_018.bnk	dar_squam1	92.7
nai_JAWWNI010000233.1:1105098-1105451(-)	sample_018.bnk	dar_squam1	94.0
unp_JAWDKN010000009.1:7193601-7193937(-)	sample_018.bnk	dar_squam1	94.3
arm_JAWWNF010000401.1:473467-473820(-)	sample_018.bnk	dar_squam1	96.3
arm_JAWWNF010000700.1:507949-508316(-)	sample_018.bnk	dar_squam1	94.9
dva_JAWWNG010001375.1:258417-258769(-)	sample_018.bnk	dar_squam1	95.0
dvl_JAIXNF010029832.1:16022-16383(+)	sample_018.bnk	dar_squam1	96.0
mix_JAWWNH010000058.1:13180135-13180496(-)	sample_018.bnk	dar_squam1	96.9
arm_JAWWNF010000420.1:1866837-1867199(+)	sample_018.bnk	dar_squam1	95.2
mix_JAWWNH010000042.1:8198338-8198691(+)	sample_018.bnk	dar_squam1	93.2
mix_JAWWNH010000160.1:99968-100325(+)	sample_018.bnk	dar_squam1	95.6
dvl_JAIXNF010000355.1:113523-113724(+)	sample_018.bnk	dar_squam1	96.0
arm_JAWWNF010000434.1:264848-265200(+)	sample_018.bnk	dar_squam1	94.9
nai_JAWWNI010000219.1:16521009-16521353(-)	sample_018.bnk	dar_squam1	95.3
nai_JAWWNI010000520.1:2080878-2081227(-)	sample_018.bnk	dar_squam1	95.4
mix_JAWWNH010000188.1:486484-486850(-)	sample_018.bnk	dar_squam1	96.1
unp_JAWDKN010000003.1:6477063-6477420(+)	sample_018.bnk	dar_squam1	95.1
dva_JAWWNG010000159.1:3551205-3551542(-)	sample_018.bnk	dar_squam1	95.2
dva_JAWWNG010002738.1:215469-215816(+)	sample_018.bnk	dar_squam1	96.8
nai_JAWWNI010000406.1:639353-639709(-)	sample_018.bnk	dar_squam1	95.8
nai_JAWWNI010001176.1:187315-187671(-)	sample_018.bnk	dar_squam1	94.4
unm_JAWDKO010000062.1:10812696-10813040(+)	sample_018.bnk	dar_squam1	96.8
mix_JAWWNH010000095.1:1321371-1321725(-)	sample_018.bnk	dar_squam1	95.5
dva_JAWWNG010000242.1:640440-640795(+)	sample_018.bnk	dar_squam1	95.5
mix_JAWWNH010000095.1:7222625-7222978(+)	sample_018.bnk	dar_squam1	95.2
nai_JAWWNI010000302.1:8396983-8397338(+)	sample_018.bnk	dar_squam1	95.5
arm_JAWWNF010000112.1:712854-713207(-)	sample_018.bnk	dar_squam1	95.7
unm_JAWDKO010000073.1:10767580-10767934(-)	sample_018.bnk	dar_squam1	97.1
mix_JAWWNH010000221.1:56282-56622(+)	sample_018.bnk	dar_squam1	96.7
mix_JAWWNH010000074.1:23235860-23236195(-)	sample_018.bnk	dar_squam1	94.9
unp_JAWDKN010000105.1:8409761-8410112(-)	sample_018.bnk	dar_squam1	95.7
unp_JAWDKN010000057.1:1608556-1608912(+)	sample_018.bnk	dar_squam1	95.8
mix_JAWWNH010000071.1:324425-324775(-)	sample_018.bnk	dar_squam1	96.0
nai_JAWWNI010000628.1:593670-594017(+)	sample_018.bnk	dar_squam1	96.5
unp_JAWDKN010000032.1:1950914-1951271(-)	sample_018.bnk	dar_squam1	96.3
nai_JAWWNI010000468.1:8270770-8271124(-)	sample_018.bnk	dar_squam1	95.2
unp_JAWDKN010000006.1:20490298-20490644(+)	sample_018.bnk	dar_squam1	97.1
unm_JAWDKO010000038.1:7377759-7378095(-)	sample_018.bnk	dar_squam1	96.4
unm_JAWDKO010000008.1:471767-472123(+)	sample_018.bnk	dar_squam1	95.8
unp_JAWDKN010000048.1:7368419-7368769(-)	sample_018.bnk	dar_squam1	95.7
unp_JAWDKN010000064.1:21442361-21442711(-)	sample_018.bnk	dar_squam1	94.6
unm_JAWDKO010000014.1:23242308-23242659(-)	sample_018.bnk	dar_squam1	94.6
dva_JAWWNG010000709.1:202754-203107(-)	sample_018.bnk	dar_squam1	96.0
unp_JAWDKN010000095.1:4871475-4871829(-)	sample_018.bnk	dar_squam1	94.9
mix_JAWWNH010000126.1:5761374-5761723(+)	sample_018.bnk	dar_squam1	96.0
dva_JAWWNG010000510.1:435954-436309(-)	sample_018.bnk	dar_squam1	95.8
nai_JAWWNI010000796.1:2028508-2028836(-)	sample_019.bnk	dar_squam1	96.3
mix_JAWWNH010000018.1:5545537-5545873(+)	sample_019.bnk	dar_squam1	95.5
arm_JAWWNF010000026.1:487856-488218(-)	sample_019.bnk	dar_squam1	95.8
unp_JAWDKN010000026.1:11017736-11018088(-)	sample_019.bnk	dar_squam1	95.2
unp_JAWDKN010000044.1:11980241-11980599(-)	sample_019.bnk	dar_squam1	94.9
mix_JAWWNH010000135.1:5396197-5396547(+)	sample_019.bnk	dar_squam1	95.1
unp_JAWDKN010000020.1:8075583-8075933(+)	sample_019.bnk	dar_squam1	95.1
unm_JAWDKO010000006.1:15321004-15321357(+)	sample_019.bnk	dar_squam1	94.9
dva_JAWWNG010001636.1:22772-23124(+)	sample_019.bnk	dar_squam1	94.9
nai_JAWWNI010000012.1:164815-165173(+)	sample_019.bnk	dar_squam1	94.1
unm_JAWDKO010000038.1:2292982-2293340(+)	sample_019.bnk	dar_squam1	95.5
unp_JAWDKN010000067.1:162495-162852(-)	sample_019.bnk	dar_squam1	95.8
arm_JAWWNF010000435.1:450343-450697(+)	sample_019.bnk	dar_squam1	95.5
dva_JAWWNG010002490.1:93970-94325(+)	sample_019.bnk	dar_squam1	94.9
nai_JAWWNI010000244.1:7353982-7354331(+)	sample_019.bnk	dar_squam1	95.4
dva_JAWWNG010001820.1:285690-286047(-)	sample_019.bnk	dar_squam1	95.4
dvl_JAIXNF010000144.1:6243590-6243945(+)	sample_019.bnk	dar_squam1	95.2
unm_JAWDKO010000053.1:10186967-10187323(+)	sample_019.bnk	dar_squam1	94.9
nai_JAWWNI010000190.1:368012-368362(+)	sample_019.bnk	dar_squam1	94.6
unm_JAWDKO010000009.1:13735932-13736289(+)	sample_019.bnk	dar_squam1	94.4
nai_JAWWNI010000390.1:11856216-11856562(+)	sample_019.bnk	dar_squam1	94.7
mix_JAWWNH010000011.1:382273-382628(-)	sample_019.bnk	dar_squam1	94.9
dva_JAWWNG010000144.1:618345-618698(+)	sample_019.bnk	dar_squam1	93.8
mix_JAWWNH010000085.1:7169809-7170148(-)	sample_019.bnk	dar_squam1	95.0
unp_JAWDKN010000002.1:1113607-1113957(-)	sample_019.bnk	dar_squam1	95.4
mix_JAWWNH010000121.1:2443545-2443897(+)	sample_019.bnk	dar_squam1	94.9
mix_JAWWNH010000042.1:1013050-1013401(-)	sample_019.bnk	dar_squam1	95.7
unp_JAWDKN010000048.1:25017679-25018039(-)	sample_019.bnk	dar_squam1	94.4
unm_JAWDKO010000054.1:11477616-11477965(+)	sample_019.bnk	dar_squam1	95.4
dvl_JAIXNF010000021.1:5511147-5511489(+)	sample_019.bnk	dar_squam1	95.0
nai_JAWWNI010000284.1:1376242-1376585(+)	sample_019.bnk	dar_squam1	94.7
mix_JAWWNH010000060.1:8246194-8246549(-)	sample_019.bnk	dar_squam1	95.5
dvl_JAIXNF010000490.1:100648-101005(+)	sample_019.bnk	dar_squam1	94.9
dvl_JAIXNF010025275.1:154191-154548(+)	sample_019.bnk	dar_squam1	95.5
unm_JAWDKO010000018.1:21989344-21989701(+)	sample_019.bnk	dar_squam1	95.5
dvl_JAIXNF010009335.1:6750-7104(+)	sample_019.bnk	dar_squam1	94.3
unp_JAWDKN010000137.1:4648936-4649298(-)	sample_019.bnk	dar_squam1	95.4
dvl_JAIXNF010000029.1:4694305-4694658(-)	sample_019.bnk	dar_squam1	95.2
mix_JAWWNH010000033.1:11575870-11576204(-)	sample_019.bnk	dar_squam1	94.6
dva_JAWWNG010000730.1:400801-401154(+)	sample_019.bnk	dar_squam1	94.9
dva_JAWWNG010000597.1:1193741-1194095(-)	sample_019.bnk	dar_squam1	95.2
dva_JAWWNG010000417.1:184423-184771(-)	sample_019.bnk	dar_squam1	96.3
nai_JAWWNI010000681.1:10233429-10233769(+)	sample_019.bnk	dar_squam1	95.9
dvl_JAIXNF010025636.1:2168846-2169201(+)	sample_019.bnk	dar_squam1	94.4
unp_JAWDKN010000006.1:16395712-16396058(+)	sample_019.bnk	dar_squam1	93.9
dva_JAWWNG010001990.1:244444-244787(+)	sample_019.bnk	dar_squam1	95.0
dva_JAWWNG010001748.1:422096-422448(+)	sample_019.bnk	dar_squam1	94.6
dvl_JAIXNF010000413.1:13177205-13177553(+)	sample_019.bnk	dar_squam1	96.0
unp_JAWDKN010000089.1:1796391-1796746(+)	sample_019.bnk	dar_squam1	95.2
dva_JAWWNG010001911.1:1052688-1053040(+)	sample_019.bnk	dar_squam1	95.7
mix_JAWWNH010000012.1:1010341-1010688(-)	sample_020.bnk	dar_squam1	96.3
dvl_JAIXNF010000041.1:3232568-3232925(+)	sample_020.bnk	dar_squam1	95.2
arm_JAWWNF010001282.1:56733-57089(-)	sample_020.bnk	dar_squam1	95.5
dva_JAWWNG010000242.1:512047-512389(-)	sample_020.bnk	dar_squam1	96.8
arm_JAWWNF010000969.1:274316-274671(-)	sample_020.bnk	dar_squam1	96.3
arm_JAWWNF010000019.1:2706193-2706548(-)	sample_020.bnk	dar_squam1	94.9
nai_JAWWNI010000329.1:2386454-2386807(-)	sample_020.bnk	dar_squam1	95.2
dva_JAWWNG010000391.1:23031-23386(-)	sample_020.bnk	dar_squam1	95.5
mix_JAWWNH010000018.1:26727259-26727603(-)	sample_020.bnk	dar_squam1	95.0
dvl_JAIXNF010000190.1:657567-657923(+)	sample_020.bnk	dar_squam1	95.8
dva_JAWWNG010000541.1:353573-353924(-)	sample_020.bnk	dar_squam1	94.9
mix_JAWWNH010000011.1:11210053-11210407(-)	sample_020.bnk	dar_squam1	94.3
nai_JAWWNI010000474.1:1112990-1113337(+)	sample_020.bnk	dar_squam1	93.9
arm_JAWWNF010000097.1:6649534-6649883(-)	sample_020.bnk	dar_squam1	94.5
dvl_JAIXNF010000072.1:1664934-1665283(+)	sample_020.bnk	dar_squam1	94.5
arm_JAWWNF010000353.1:509840-510175(-)	sample_020.bnk	dar_squam1	97.2
unm_JAWDKO010000003.1:3877516-3877864(+)	sample_020.bnk	dar_squam1	95.4
unp_JAWDKN010000073.1:8015710-8016066(+)	sample_020.bnk	dar_squam1	95.2
unp_JAWDKN010000139.1:1775691-1776047(-)	sample_020.bnk	dar_squam1	95.2
nai_JAWWNI010000144.1:180186-180519(+)	sample_020.bnk	dar_squam1	95.8
arm_JAWWNF010000302.1:865012-865365(+)	sample_020.bnk	dar_squam1	95.2
arm_JAWWNF010000182.1:1026074-1026410(+)	sample_020.bnk	dar_squam1	94.3
unm_JAWDKO010000008.1:17931978-17932333(-)	sample_020.bnk	dar_squam1	95.2
unm_JAWDKO010000025.1:11439760-11440115(+)	sample_020.bnk	dar_squam1	94.4
arm_JAWWNF010000762.1:1407674-1408020(+)	sample_020.bnk	dar_squam1	94.8
arm_JAWWNF010000934.1:471360-471708(+)	sample_020.bnk	dar_squam1	94.5
arm_JAWWNF010000159.1:1822918-1823275(-)	sample_020.bnk	dar_squam1	93.8
dvl_JAIXNF010025646.1:2035718-2036070(+)	sample_020.bnk	dar_squam1	94.9
arm_JAWWNF010000216.1:5395277-5395627(-)	sample_020.bnk	dar_squam1	94.8
mix_JAWWNH010000173.1:13162199-13162553(+)	sample_020.bnk	dar_squam1	94.9
mix_JAWWNH010000014.1:7054226-7054579(+)	sample_020.bnk	dar_squam1	94.9
unp_JAWDKN010000053.1:12340637-12340989(-)	sample_020.bnk	dar_squam1	94.9
arm_JAWWNF010000120.1:374621-374976(+)	sample_020.bnk	dar_squam1	95.2
dva_JAWWNG010000535.1:9025-9370(+)	sample_020.bnk	dar_squam1	94.2
dvl_JAIXNF010000020.1:13576856-13577206(+)	sample_020.bnk	dar_squam1	94.6
unm_JAWDKO010000025.1:10757484-10757834(-)	sample_020.bnk	dar_squam1	94.3
unp_JAWDKN010000107.1:2951557-2951913(+)	sample_020.bnk	dar_squam1	94.4
unp_JAWDKN010000006.1:17935465-17935821(-)	sample_020.bnk	dar_squam1	93.5
dva_JAWWNG010002176.1:446931-447280(+)	sample_020.bnk	dar_squam1	95.1
nai_JAWWNI010000380.1:455077-455432(+)	sample_020.bnk	dar_squam1	94.6
unp_JAWDKN010000071.1:255205-255560(-)	sample_020.bnk	dar_squam1	94.6
dvl_JAIXNF010011211.1:4523-4843(+)	sample_020.bnk	dar_squam1	95.0
dvl_JAIXNF010025764.1:6789250-6789514(+)	sample_020.bnk	dar_squam1	96.2
dvl_JAIXNF010026068.1:11598-11952(-)	sample_020.bnk	dar_squam1	95.2
arm_JAWWNF010000841.1:478169-478505(-)	sample_020.bnk	dar_squam1	95.2
mix_JAWWNH010000179.1:375737-376090(-)	sample_020.bnk	dar_squam1	94.3
dvl_JAIXNF010025818.1:1424565-1424922(+)	sample_020.bnk	dar_squam1	94.7
dvl_JAIXNF010025784.1:10350822-10351058(-)	sample_020.bnk	dar_squam1	95.3
nai_JAWWNI010000880.1:298928-299285(+)	sample_020.bnk	dar_squam1	95.8
arm_JAWWNF010000179.1:3745536-3745884(+)	sample_020.bnk	dar_squam1	94.2
unm_JAWDKO010000041.1:2235517-2235869(+)	sample_021.bnk	dar_squam1	95.7
mix_JAWWNH010000118.1:260384-260741(-)	sample_021.bnk	dar_squam1	93.8
nai_JAWWNI010000221.1:2625703-2626052(+)	sample_021.bnk	dar_squam1	94.8
dva_JAWWNG010000984.1:148944-149289(-)	sample_021.bnk	dar_squam1	95.3
nai_JAWWNI010001215.1:657056-657409(-)	sample_021.bnk	dar_squam1	94.8
unp_JAWDKN010000018.1:7917721-7918072(+)	sample_021.bnk	dar_squam1	94.9
dva_JAWWNG010001750.1:133574-133929(-)	sample_021.bnk	dar_squam1	94.1
dvl_JAIXNF010000532.1:1866645-1866874(+)	sample_021.bnk	dar_squam1	93.4
unm_JAWDKO010000045.1:3483925-3484281(-)	sample_021.bnk	dar_squam1	93.0
mix_JAWWNH010000029.1:54696388-54696735(+)	sample_021.bnk	dar_squam1	95.1
arm_JAWWNF010000022.1:2018937-2019284(-)	sample_021.bnk	dar_squam1	93.1
mix_JAWWNH010000058.1:15329580-15329929(-)	sample_021.bnk	dar_squam1	94.8
unp_JAWDKN010000049.1:18549549-18549898(+)	sample_021.bnk	dar_squam1	94.0
dvl_JAIXNF010000027.1:1086990-1087345(+)	sample_021.bnk	dar_squam1	94.4
nai_JAWWNI010000238.1:8372818-8373171(-)	sample_021.bnk	dar_squam1	94.3
nai_JAWWNI010000544.1:2962106-2962461(-)	sample_021.bnk	dar_squam1	94.1
unp_JAWDKN010000007.1:3673113-3673474(-)	sample_021.bnk	dar_squam1	94.4
unp_JAWDKN010000015.1:4911668-4912023(-)	sample_021.bnk	dar_squam1	94.4
mix_JAWWNH010000056.1:464953-465309(-)	sample_021.bnk	dar_squam1	94.9
unm_JAWDKO010000001.1:23726558-23726913(-)	sample_021.bnk	dar_squam1	93.5
arm_JAWWNF010000112.1:5894709-5895065(+)	sample_021.bnk	dar_squam1	94.9
unp_JAWDKN010000049.1:15654183-15654534(+)	sample_021.bnk	dar_squam1	94.9
unp_JAWDKN010000103.1:4211218-4211574(-)	sample_021.bnk	dar_squam1	94.6
unm_JAWDKO010000045.1:25575583-25575932(+)	sample_021.bnk	dar_squam1	94.8
dva_JAWWNG010000004.1:372954-373291(-)	sample_021.bnk	dar_squam1	96.4
dva_JAWWNG010000062.1:176080-176429(-)	sample_021.bnk	dar_squam1	96.6
dvl_JAIXNF010025818.1:8853965-8854319(+)	sample_021.bnk	dar_squam1	96.3
unp_JAWDKN010000056.1:3320841-3321180(+)	sample_021.bnk	dar_squam1	95.3
unm_JAWDKO010000012.1:6666965-6667316(-)	sample_021.bnk	dar_squam1	95.1
unp_JAWDKN010000101.1:469138-469480(+)	sample_021.bnk	dar_squam1	95.6
dvl_JAIXNF010025849.1:415918-416266(+)	sample_021.bnk	dar_squam1	94.8
mix_JAWWNH010000054.1:18159288-18159627(-)	sample_021.bnk	dar_squam1	95.0
dva_JAWWNG010001571.1:168030-168379(-)	sample_021.bnk	dar_squam1	96.0
mix_JAWWNH010000151.1:8817-9173(+)	sample_021.bnk	dar_squam1	96.9
dvl_JAIXNF010000029.1:176784-177134(-)	sample_021.bnk	dar_squam1	95.7
unm_JAWDKO010000009.1:14147358-14147715(-)	sample_021.bnk	dar_squam1	95.5
nai_JAWWNI010000039.1:252911-253266(+)	sample_021.bnk	dar_squam1	95.5
unm_JAWDKO010000039.1:40171590-40171943(+)	sample_021.bnk	dar_squam1	94.9
unm_JAWDKO010000002.1:14957040-14957369(-)	sample_021.bnk	dar_squam1	95.7
unp_JAWDKN010000073.1:577306-577663(-)	sample_021.bnk	dar_squam1	95.8
dvl_JAIXNF010000144.1:9194215-9194570(-)	sample_021.bnk	dar_squam1	94.3
mix_JAWWNH010000054.1:17914930-17915278(-)	sample_021.bnk	dar_squam1	94.8
arm_JAWWNF010000875.1:147905-148259(+)	sample_021.bnk	dar_squam1	95.2
dvl_JAIXNF010024540.1:13225-13571(-)	sample_021.bnk	dar_squam1	95.1
nai_JAWWNI010001613.1:20700-21044(-)	sample_021.bnk	dar_squam1	95.3
nai_JAWWNI010000027.1:2715742-2716095(-)	sample_021.bnk	dar_squam1	94.0
nai_JAWWNI010000175.1:1384280-1384635(-)	sample_021.bnk	dar_squam1	95.8
mix_JAWWNH010000136.1:1269438-1269776(-)	sample_021.bnk	dar_squam1	95.5
unp_JAWDKN010000033.1:324111-324461(+)	sample_021.bnk	dar_squam1	95.1
unm_JAWDKO010000042.1:5520430-5520789(-)	sample_021.bnk	dar_squam1	95.8
unp_JAWDKN010000038.1:1843681-1844009(-)	sample_022.bnk	dar_squam1	95.4
unp_JAWDKN010000049.1:21242636-21242982(-)	sample_022.bnk	dar_squam1	94.8
nai_JAWWNI010000210.1:1568837-1569203(-)	sample_022.bnk	dar_squam1	94.9
nai_JAWWNI010000711.1:553439-553853(+)	sample_022.bnk	dar_squam1	93.8
unm_JAWDKO010000061.1:3975203-3975553(+)	sample_022.bnk	dar_squam1	94.8
nai_JAWWNI010000743.1:436328-436680(+)	sample_022.bnk	dar_squam1	95.2
mix_JAWWNH010000260.1:2825057-2825400(-)	sample_022.bnk	dar_squam1	94.7
mix_JAWWNH010000117.1:522568-522920(+)	sample_022.bnk	dar_squam1	93.7
mix_JAWWNH010000054.1:11299510-11299849(-)	sample_022.bnk	dar_squam1	92.9
nai_JAWWNI010000688.1:25040-25397(+)	sample_022.bnk	dar_squam1	94.7
arm_JAWWNF010000708.1:718883-719227(+)	sample_022.bnk	dar_squam1	95.0
arm_JAWWNF010000660.1:3129466-3129813(-)	sample_022.bnk	dar_squam1	94.8
nai_JAWWNI010000090.1:201164-201516(-)	sample_022.bnk	dar_squam1	94.0
nai_JAWWNI010000032.1:7125773-7126119(-)	sample_022.bnk	dar_squam1	95.1
unp_JAWDKN010000041.1:490493-490848(-)	sample_022.bnk	dar_squam1	94.9
dva_JAWWNG010001553.1:114988-115337(+)	sample_022.bnk	dar_squam1	93.3
dvl_JAIXNF010025631.1:3033244-3033530(-)	sample_022.bnk	dar_squam1	95.4
unp_JAWDKN010000093.1:15057869-15058224(-)	sample_022.bnk	dar_squam1	94.9
unm_JAWDKO010000003.1:11973863-11974217(-)	sample_022.bnk	dar_squam1	95.1
unm_JAWDKO010000012.1:11456463-11456820(-)	sample_022.bnk	dar_squam1	94.1
mix_JAWWNH010000019.1:3868533-3868888(-)	sample_022.bnk	dar_squam1	94.4
arm_JAWWNF010000288.1:1436752-1437106(-)	sample_022.bnk	dar_squam1	94.6
arm_JAWWNF010000560.1:328176-328527(-)	sample_022.bnk	dar_squam1	94.3
mix_JAWWNH010000060.1:5932130-5932477(-)	sample_022.bnk	dar_squam1	94.2
unm_JAWDKO010000031.1:7857304-7857659(-)	sample_022.bnk	dar_squam1	94.9
dvl_JAIXNF010000365.1:257972-258314(+)	sample_022.bnk	dar_squam1	94.4
unp_JAWDKN010000033.1:7387812-7388167(+)	sample_022.bnk	dar_squam1	95.8
nai_JAWWNI010000146.1:1186734-1187088(-)	sample_022.bnk	dar_squam1	94.6
mix_JAWWNH010000060.1:6869343-6869679(-)	sample_022.bnk	dar_squam1	95.2
dva_JAWWNG010000122.1:676950-677307(+)	sample_022.bnk	dar_squam1	95.2
arm_JAWWNF010000877.1:124774-125119(+)	sample_022.bnk	dar_squam1	94.8
unp_JAWDKN010000069.1:16316542-16316897(+)	sample_022.bnk	dar_squam1	94.4
dva_JAWWNG010000154.1:1392689-1393045(-)	sample_022.bnk	dar_squam1	95.8
unp_JAWDKN010000087.1:18390642-18391004(-)	sample_022.bnk	dar_squam1	95.5
dva_JAWWNG010001061.1:39920-40265(-)	sample_022.bnk	dar_squam1	93.9
dva_JAWWNG010001709.1:716828-717173(-)	sample_022.bnk	dar_squam1	93.6
mix_JAWWNH010000105.1:5169732-5170083(-)	sample_022.bnk	dar_squam1	94.3
arm_JAWWNF010000464.1:778052-778408(+)	sample_022.bnk	dar_squam1	94.6
unm_JAWDKO010000060.1:9132265-9132616(+)	sample_022.bnk	dar_squam1	94.0
mix_JAWWNH010000109.1:2526854-2527212(+)	sample_022.bnk	dar_squam1	94.7
arm_JAWWNF010000324.1:1742746-1743094(-)	sample_022.bnk	dar_squam1	95.4
nai_JAWWNI010000359.1:581339-581697(-)	sample_022.bnk	dar_squam1	94.0
nai_JAWWNI010000457.1:1565492-1565847(-)	sample_022.bnk	dar_squam1	94.4
mix_JAWWNH010000017.1:19670477-19670820(-)	sample_022.bnk	dar_squam1	94.7
arm_JAWWNF010000521.1:473273-473631(+)	sample_022.bnk	dar_squam1	94.0
unm_JAWDKO010000026.1:20762673-20763026(+)	sample_022.bnk	dar_squam1	94.6
mix_JAWWNH010000133.1:1982279-1982637(+)	sample_022.bnk	dar_squam1	95.5
unm_JAWDKO010000047.1:7422645-7422998(-)	sample_022.bnk	dar_squam1	95.2
dva_JAWWNG010000473.1:874337-874686(-)	sample_022.bnk	dar_squam1	95.3
dvl_JAIXNF010000209.1:436106-436405(-)	sample_022.bnk	dar_squam1	95.6
arm_JAWWNF010000579.1:2303927-2304281(-)	sample_023.bnk	dar_squam1	94.3
arm_JAWWNF010000836.1:843554-843908(-)	sample_023.bnk	dar_squam1	95.2
nai_JAWWNI010000865.1:162210-162559(+)	sample_023.bnk	dar_squam1	95.4
arm_JAWWNF010000025.1:9626223-9626575(+)	sample_023.bnk	dar_squam1	95.2
dvl_JAIXNF010025801.1:1389123-1389479(-)	sample_023.bnk	dar_squam1	94.1
mix_JAWWNH010000073.1:1197416-1197777(-)	sample_023.bnk	dar_squam1	95.1
arm_JAWWNF010000202.1:4607363-4607715(-)	sample_023.bnk	dar_squam1	95.2
dva_JAWWNG010001840.1:286928-287281(+)	sample_023.bnk	dar_squam1	96.3
dvl_JAIXNF010000219.1:1750632-1750980(+)	sample_023.bnk	dar_squam1	93.9
unp_JAWDKN010000037.1:2913631-2913984(+)	sample_023.bnk	dar_squam1	94.9
unp_JAWDKN010000064.1:22046227-22046572(-)	sample_023.bnk	dar_squam1	94.8
nai_JAWWNI010000226.1:746699-747046(+)	sample_023.bnk	dar_squam1	94.5
nai_JAWWNI010000485.1:1121410-1121775(-)	sample_023.bnk	dar_squam1	94.6
unp_JAWDKN010000070.1:2180185-2180547(+)	sample_023.bnk	dar_squam1	94.9
unm_JAWDKO010000012.1:11783503-11783863(+)	sample_023.bnk	dar_squam1	93.1
unm_JAWDKO010000037.1:17111067-17111433(-)	sample_023.bnk	dar_squam1	94.6
unm_JAWDKO010000040.1:11931129-11931494(+)	sample_023.bnk	dar_squam1	95.8
arm_JAWWNF010000030.1:2817697-2818054(-)	sample_023.bnk	dar_squam1	94.7
dvl_JAIXNF010025551.1:243112-243463(-)	sample_023.bnk	dar_squam1	94.9
mix_JAWWNH010000105.1:1007236-1007597(-)	sample_023.bnk	dar_squam1	93.4
unp_JAWDKN010000070.1:11034301-11034667(+)	sample_023.bnk	dar_squam1	93.5
unp_JAWDKN010000069.1:7142877-7143220(+)	sample_023.bnk	dar_squam1	94.4
unm_JAWDKO010000077.1:563686-564039(-)	sample_023.bnk	dar_squam1	94.6
arm_JAWWNF010000377.1:923728-924084(-)	sample_023.bnk	dar_squam1	95.2
arm_JAWWNF010000230.1:3305944-3306289(-)	sample_023.bnk	dar_squam1	94.8
unp_JAWDKN010000002.1:5582157-5582508(+)	sample_023.bnk	dar_squam1	95.1
dvl_JAIXNF010025678.1:1587467-1587803(-)	sample_023.bnk	dar_squam1	94.9
unm_JAWDKO010000009.1:14144208-14144563(-)	sample_023.bnk	dar_squam1	94.3
dva_JAWWNG010000013.1:2404466-2404821(+)	sample_023.bnk	dar_squam1	95.7
dva_JAWWNG010000250.1:8185159-8185511(-)	sample_023.bnk	dar_squam1	94.6
nai_JAWWNI010000243.1:1318487-1318845(-)	sample_023.bnk	dar_squam1	94.4
nai_JAWWNI010000665.1:747485-747828(-)	sample_023.bnk	dar_squam1	95.0
mix_JAWWNH010000011.1:24874051-24874403(-)	sample_023.bnk	dar_squam1	94.6
dva_JAWWNG010000657.1:128650-129002(+)	sample_023.bnk	dar_squam1	94.6
nai_JAWWNI010000588.1:4484565-4484907(+)	sample_023.bnk	dar_squam1	94.1
dvl_JAIXNF010000049.1:2322167-2322493(+)	sample_023.bnk	dar_squam1	94.5
unm_JAWDKO010000035.1:29075664-29076014(+)	sample_023.bnk	dar_squam1	94.8
nai_JAWWNI010000047.1:7067355-7067708(+)	sample_023.bnk	dar_squam1	94.6
nai_JAWWNI010000336.1:314565-314920(-)	sample_023.bnk	dar_squam1	94.1
unp_JAWDKN010000116.1:257552-257903(+)	sample_023.bnk	dar_squam1	94.0
nai_JAWWNI010000597.1:409070-409426(-)	sample_023.bnk	dar_squam1	96.1
mix_JAWWNH010000029.1:28781474-28781807(-)	sample_023.bnk	dar_squam1	96.1
unp_JAWDKN010000016.1:14692844-14693201(+)	sample_023.bnk	dar_squam1	95.2
unp_JAWDKN010000020.1:6193770-6194123(-)	sample_023.bnk	dar_squam1	95.7
mix_JAWWNH010000071.1:4558124-4558476(+)	sample_023.bnk	dar_squam1	94.0
dvl_JAIXNF010000159.1:97396-97749(+)	sample_023.bnk	dar_squam1	95.2
unm_JAWDKO010000011.1:8122559-8122915(-)	sample_023.bnk	dar_squam1	93.8
nai_JAWWNI010000080.1:4910390-4910747(-)	sample_023.bnk	dar_squam1	95.2
dvl_JAIXNF010025682.1:3562572-3562921(-)	sample_023.bnk	dar_squam1	95.4
mix_JAWWNH010000074.1:978813-979165(+)	sample_023.bnk	dar_squam1	95.4
mix_JAWWNH010000054.1:3641632-3641984(-)	sample_024.bnk	dar_squam1	94.9
arm_JAWWNF010000503.1:3516426-3516767(-)	sample_024.bnk	dar_squam1	93.5
unp_JAWDKN010000059.1:2346296-2346636(+)	sample_024.bnk	dar_squam1	95.0
mix_JAWWNH010000136.1:3808945-3809302(-)	sample_024.bnk	dar_squam1	95.8
arm_JAWWNF010000721.1:1394605-1394961(+)	sample_024.bnk	dar_squam1	96.0
arm_JAWWNF010000001.1:8463971-8464328(-)	sample_024.bnk	dar_squam1	94.4
unp_JAWDKN010000087.1:17298508-17298846(+)	sample_024.bnk	dar_squam1	95.3
unm_JAWDKO010000066.1:2713164-2713521(-)	sample_024.bnk	dar_squam1	95.5
dva_JAWWNG010001133.1:114941-115292(+)	sample_024.bnk	dar_squam1	95.4
dva_JAWWNG010001352.1:507557-507906(+)	sample_024.bnk	dar_squam1	94.5
arm_JAWWNF010000308.1:250095-250452(+)	sample_024.bnk	dar_squam1	94.1
arm_JAWWNF010000465.1:294671-295029(+)	sample_024.bnk	dar_squam1	94.4
nai_JAWWNI010000199.1:1799566-1799921(+)	sample_024.bnk	dar_squam1	96.0
nai_JAWWNI010000497.1:145561-145911(-)	sample_024.bnk	dar_squam1	94.3
mix_JAWWNH010000054.1:24774975-24775332(-)	sample_024.bnk	dar_squam1	94.9
mix_JAWWNH010000072.1:1490608-1490964(-)	sample_024.bnk	dar_squam1	94.9
arm_JAWWNF010000874.1:1217340-1217697(-)	sample_024.bnk	dar_squam1	95.2
unp_JAWDKN010000001.1:21678153-21678496(-)	sample_024.bnk	dar_squam1	94.7
dva_JAWWNG010000027.1:2325328-2325679(-)	sample_024.bnk	dar_squam1	95.1
unm_JAWDKO010000012.1:54477091-54477422(-)	sample_024.bnk	dar_squam1	96.4
dvl_JAIXNF010025581.1:510101-510459(-)	sample_024.bnk	dar_squam1	95.8
nai_JAWWNI010000598.1:3608008-3608344(+)	sample_024.bnk	dar_squam1	94.3
mix_JAWWNH010000003.1:11290108-11290465(+)	sample_024.bnk	dar_squam1	93.5
mix_JAWWNH010000049.1:5141395-5141752(+)	sample_024.bnk	dar_squam1	94.7
unp_JAWDKN010000033.1:9420143-9420499(-)	sample_024.bnk	dar_squam1	95.5
dva_JAWWNG010000446.1:1256089-1256453(-)	sample_024.bnk	dar_squam1	94.0
dva_JAWWNG010003490.1:24209-24558(-)	sample_024.bnk	dar_squam1	94.0
unp_JAWDKN010000018.1:6028984-6029336(+)	sample_024.bnk	dar_squam1	95.2
arm_JAWWNF010000173.1:2263315-2263651(-)	sample_024.bnk	dar_squam1	94.3
unp_JAWDKN010000048.1:3418493-3418842(-)	sample_024.bnk	dar_squam1	94.3
arm_JAWWNF010000383.1:1506948-1507302(-)	sample_024.bnk	dar_squam1	93.8
dva_JAWWNG010002468.1:638389-638740(-)	sample_024.bnk	dar_squam1	95.4
mix_JAWWNH010000154.1:14901-15259(-)	sample_024.bnk	dar_squam1	95.2
mix_JAWWNH010000003.1:9617854-9618211(-)	sample_024.bnk	dar_squam1	94.9
unm_JAWDKO010000043.1:1364470-1364817(+)	sample_024.bnk	dar_squam1	93.6
dvl_JAIXNF010024171.1:9498-9845(+)	sample_024.bnk	dar_squam1	94.8
unp_JAWDKN010000044.1:3234820-3235163(+)	sample_024.bnk	dar_squam1	95.9
nai_JAWWNI010000487.1:1291107-1291458(+)	sample_024.bnk	dar_squam1	95.7
nai_JAWWNI010000135.1:233560-233904(-)	sample_024.bnk	dar_squam1	94.8
unm_JAWDKO010000045.1:9376748-9377098(+)	sample_024.bnk	dar_squam1	94.0
unp_JAWDKN010000067.1:5915187-5915543(+)	sample_024.bnk	dar_squam1	93.2
unm_JAWDKO010000006.1:20175949-20176300(+)	sample_024.bnk	dar_squam1	94.3
dva_JAWWNG010000090.1:7764229-7764580(-)	sample_024.bnk	dar_squam1	95.1
mix_JAWWNH010000073.1:2891110-2891461(+)	sample_024.bnk	dar_squam1	94.3
unm_JAWDKO010000030.1:10475909-10476252(+)	sample_024.bnk	dar_squam1	95.0
mix_JAWWNH010000058.1:6786112-6786464(-)	sample_024.bnk	dar_squam1	94.6
mix_JAWWNH010000078.1:722116-722468(-)	sample_024.bnk	dar_squam1	94.6
unm_JAWDKO010000014.1:1956276-1956622(-)	sample_024.bnk	dar_squam1	95.7
mix_JAWWNH010000194.1:411251-411605(+)	sample_024.bnk	dar_squam1	95.8
dva_JAWWNG010001024.1:655322-655671(-)	sample_024.bnk	dar_squam1	94.5
dvl_JAIXNF010000022.1:1985376-1985733(-)	sample_025.bnk	dar_squam1	94.7
dvl_JAIXNF010024519.1:2571-2767(-)	sample_025.bnk	dar_squam1	92.9
unp_JAWDKN010000067.1:16390307-16390640(-)	sample_025.bnk	dar_squam1	93.7
arm_JAWWNF010000247.1:951571-951927(-)	sample_025.bnk	dar_squam1	95.5
dva_JAWWNG010000043.1:7266136-7266488(+)	sample_025.bnk	dar_squam1	96.0
dva_JAWWNG010002058.1:338745-339092(+)	sample_025.bnk	dar_squam1	95.4
arm_JAWWNF010000091.1:2566910-2567243(+)	sample_025.bnk	dar_squam1	96.1
arm_JAWWNF010000131.1:3194140-3194489(+)	sample_025.bnk	dar_squam1	95.4
dva_JAWWNG010001407.1:985483-985827(+)	sample_025.bnk	dar_squam1	95.6
nai_JAWWNI010000025.1:1098510-1098865(-)	sample_025.bnk	dar_squam1	96.0
nai_JAWWNI010001049.1:72508-72859(-)	sample_025.bnk	dar_squam1	94.6
mix_JAWWNH010000292.1:161942-162284(+)	sample_025.bnk	dar_squam1	94.4
unp_JAWDKN010000094.1:2128671-2129020(-)	sample_025.bnk	dar_squam1	94.8
nai_JAWWNI010001076.1:5122-5467(-)	sample_025.bnk	dar_squam1	95.6
arm_JAWWNF010000176.1:427046-427398(-)	sample_025.bnk	dar_squam1	95.4
dva_JAWWNG010000056.1:2350258-2350609(+)	sample_025.bnk	dar_squam1	95.7
dvl_JAIXNF010025640.1:2069299-2069433(+)	sample_025.bnk	dar_squam1	97.0
dvl_JAIXNF010000130.1:517888-518244(-)	sample_025.bnk	dar_squam1	95.2
dvl_JAIXNF010025849.1:449817-449906(-)	sample_025.bnk	dar_squam1	94.4
arm_JAWWNF010000455.1:39262-39613(-)	sample_025.bnk	dar_squam1	92.6
nai_JAWWNI010000011.1:515698-516050(-)	sample_025.bnk	dar_squam1	94.3
mix_JAWWNH010000085.1:9822609-9822950(+)	sample_025.bnk	dar_squam1	95.3
mix_JAWWNH010000074.1:23567129-23567483(+)	sample_025.bnk	dar_squam1	95.8
nai_JAWWNI010000008.1:330916-331271(-)	sample_025.bnk	dar_squam1	96.0
nai_JAWWNI010000568.1:1321236-1321592(-)	sample_025.bnk	dar_squam1	94.4
unp_JAWDKN010000050.1:11016875-11017231(+)	sample_025.bnk	dar_squam1	96.1
unp_JAWDKN010000070.1:6777530-6777886(+)	sample_025.bnk	dar_squam1	95.5
dvl_JAIXNF010025320.1:171496-171841(-)	sample_025.bnk	dar_squam1	94.2
arm_JAWWNF010000575.1:719922-720278(+)	sample_025.bnk	dar_squam1	96.3
arm_JAWWNF010000075.1:2414706-2415058(+)	sample_025.bnk	dar_squam1	93.7
dva_JAWWNG010000944.1:1404-1766(+)	sample_025.bnk	dar_squam1	96.6
dva_JAWWNG010000665.1:703703-704057(-)	sample_025.bnk	dar_squam1	95.8
dvl_JAIXNF010025519.1:318037-318127(-)	sample_025.bnk	dar_squam1	95.5
unp_JAWDKN010000103.1:4012825-4013175(-)	sample_025.bnk	dar_squam1	93.4
nai_JAWWNI010000211.1:1814691-1815035(+)	sample_025.bnk	dar_squam1	93.9
mix_JAWWNH010000190.1:748734-749077(-)	sample_025.bnk	dar_squam1	93.9
nai_JAWWNI010000390.1:10442157-10442511(-)	sample_025.bnk	dar_squam1	95.2
unp_JAWDKN010000061.1:16391235-16391591(-)	sample_025.bnk	dar_squam1	95.7
nai_JAWWNI010000648.1:877268-877619(-)	sample_025.bnk	dar_squam1	95.4
dva_JAWWNG010001496.1:448998-449343(-)	sample_025.bnk	dar_squam1	96.5
unp_JAWDKN010000069.1:4250023-4250376(+)	sample_025.bnk	dar_squam1	96.3
dvl_JAIXNF010000001.1:24395271-24395628(+)	sample_025.bnk	dar_squam1	95.2
dvl_JAIXNF010025847.1:1973320-1973665(-)	sample_025.bnk	dar_squam1	95.9
nai_JAWWNI010000238.1:959137-959481(+)	sample_025.bnk	dar_squam1	97.4
unm_JAWDKO010000065.1:5094956-5095310(+)	sample_025.bnk	dar_squam1	96.0
arm_JAWWNF010000858.1:438387-438743(-)	sample_025.bnk	dar_squam1	95.2
unm_JAWDKO010000049.1:25234404-25234761(+)	sample_025.bnk	dar_squam1	95.5
dva_JAWWNG010000215.1:1227870-1228225(+)	sample_025.bnk	dar_squam1	95.8
mix_JAWWNH010000058.1:3160727-3161083(-)	sample_025.bnk	dar_squam1	96.0
mix_JAWWNH010000224.1:13449753-13450103(-)	sample_025.bnk	dar_squam1	96.8
unm_JAWDKO010000082.1:3346929-3347269(+)	sample_026.bnk	dar_squam1	97.9
dva_JAWWNG010000997.1:95550-95908(+)	sample_026.bnk	dar_squam1	95.2
mix_JAWWNH010000018.1:9984920-9985248(+)	sample_026.bnk	dar_squam1	95.7
unp_JAWDKN010000003.1:57019714-57020066(+)	sample_026.bnk	dar_squam1	94.9
unp_JAWDKN010000069.1:15419824-15420174(-)	sample_026.bnk	dar_squam1	96.6
dvl_JAIXNF010000357.1:5340492-5340845(-)	sample_026.bnk	dar_squam1	96.0
mix_JAWWNH010000018.1:13353448-13353799(+)	sample_026.bnk	dar_squam1	96.0
arm_JAWWNF010000159.1:5132514-5132870(-)	sample_026.bnk	dar_squam1	95.8
arm_JAWWNF010000257.1:1185948-1186308(+)	sample_026.bnk	dar_squam1	95.8
nai_JAWWNI010000207.1:2756300-2756648(+)	sample_026.bnk	dar_squam1	95.1
unp_JAWDKN010000021.1:2651397-2651752(-)	sample_026.bnk	dar_squam1	96.3
unm_JAWDKO010000037.1:14872661-14873001(-)	sample_026.bnk	dar_squam1	96.2
mix_JAWWNH010000050.1:22598785-22599141(-)	sample_026.bnk	dar_squam1	95.8
arm_JAWWNF010000632.1:502687-503045(+)	sample_026.bnk	dar_squam1	96.1
nai_JAWWNI010000399.1:1818746-1819083(-)	sample_026.bnk	dar_squam1	96.1
dva_JAWWNG010000692.1:42057-42414(-)	sample_026.bnk	dar_squam1	95.5
dva_JAWWNG010000926.1:990701-991058(+)	sample_026.bnk	dar_squam1	94.1
dvl_JAIXNF010022138.1:2963-3150(-)	sample_026.bnk	dar_squam1	95.2
unm_JAWDKO010000032.1:18606009-18606365(-)	sample_026.bnk	dar_squam1	95.5
unp_JAWDKN010000069.1:3807951-3808301(+)	sample_026.bnk	dar_squam1	95.7
arm_JAWWNF010000158.1:942091-942442(-)	sample_026.bnk	dar_squam1	96.3
unm_JAWDKO010000032.1:7210756-7211105(-)	sample_026.bnk	dar_squam1	96.3
dvl_JAIXNF010000157.1:1270710-1270843(-)	sample_026.bnk	dar_squam1	95.5
mix_JAWWNH010000013.1:28595355-28595709(+)	sample_026.bnk	dar_squam1	96.0
unm_JAWDKO010000073.1:9077036-9077389(-)	sample_026.bnk	dar_squam1	95.2
mix_JAWWNH010000151.1:4857580-4857933(+)	sample_026.bnk	dar_squam1	95.2
unp_JAWDKN010000050.1:9318383-9318740(+)	sample_026.bnk	dar_squam1	96.3
nai_JAWWNI010000829.1:61103-61458(-)	sample_026.bnk	dar_squam1	96.9
unm_JAWDKO010000039.1:34998009-34998359(-)	sample_026.bnk	dar_squam1	96.3
dvl_JAIXNF010025683.1:3224205-3224553(-)	sample_026.bnk	dar_squam1	94.8
dva_JAWWNG010000262.1:1224862-1225206(-)	sample_026.bnk	dar_squam1	97.7
mix_JAWWNH010000207.1:3922574-3922929(+)	sample_026.bnk	dar_squam1	96.9
mix_JAWWNH010000014.1:11442186-11442538(-)	sample_026.bnk	dar_squam1	96.0
mix_JAWWNH010000015.1:223977-224333(-)	sample_026.bnk	dar_squam1	95.8
dva_JAWWNG010000653.1:1723758-1724089(-)	sample_026.bnk	dar_squam1	95.8
unm_JAWDKO010000064.1:1804096-1804452(-)	sample_026.bnk	dar_squam1	96.3
unm_JAWDKO010000074.1:19475073-19475430(+)	sample_026.bnk	dar_squam1	94.7
dva_JAWWNG010000068.1:889420-889772(+)	sample_026.bnk	dar_squam1	96.0
dva_JAWWNG010000067.1:481511-481850(-)	sample_026.bnk	dar_squam1	97.0
dvl_JAIXNF010025764.1:1316878-1317049(-)	sample_026.bnk	dar_squam1	95.3
mix_JAWWNH010000035.1:105582-105938(+)	sample_026.bnk	dar_squam1	95.5
mix_JAWWNH010000149.1:3574684-3575040(-)	sample_026.bnk	dar_squam1	95.5
dvl_JAIXNF010028680.1:2714-3002(-)	sample_026.bnk	dar_squam1	95.4
mix_JAWWNH010000056.1:20578625-20578982(+)	sample_026.bnk	dar_squam1	96.1
mix_JAWWNH010000181.1:6526786-6527121(+)	sample_026.bnk	dar_squam1	95.8
nai_JAWWNI010000074.1:898785-899142(-)	sample_026.bnk	dar_squam1	93.3
mix_JAWWNH010000024.1:20067091-20067440(-)	sample_026.bnk	dar_squam1	96.0
dvl_JAIXNF010000028.1:9924401-9924748(-)	sample_026.bnk	dar_squam1	96.2
arm_JAWWNF010000579.1:2901971-2902313(-)	sample_026.bnk	dar_squam1	96.5
dva_JAWWNG010002314.1:272238-272592(-)	sample_026.bnk	dar_squam1	95.2
dvl_JAIXNF010000221.1:493127-493446(-)	sample_027.bnk	dar_squam1	95.6
arm_JAWWNF010000726.1:260096-260434(+)	sample_027.bnk	dar_squam1	94.7
unp_JAWDKN010000239.1:141175-141528(+)	sample_027.bnk	dar_squam1	94.9
mix_JAWWNH010000029.1:2294506-2294854(+)	sample_027.bnk	dar_squam1	94.5
dva_JAWWNG010000757.1:61446-61803(+)	sample_027.bnk	dar_squam1	96.6
dva_JAWWNG010000928.1:1299433-1299789(-)	sample_027.bnk	dar_squam1	96.6
dva_JAWWNG010000703.1:723871-724222(-)	sample_027.bnk	dar_squam1	96.3
dva_JAWWNG010002709.1:18386-18730(-)	sample_027.bnk	dar_squam1	97.1
unp_JAWDKN010000115.1:2510124-2510483(-)	sample_027.bnk	dar_squam1	96.3
dva_JAWWNG010000926.1:373615-373972(+)	sample_027.bnk	dar_squam1	96.6
dva_JAWWNG010000002.1:383063-383426(-)	sample_027.bnk	dar_squam1	93.3
dvl_JAIXNF010000103.1:865304-865548(-)	sample_027.bnk	dar_squam1	96.3
unp_JAWDKN010000062.1:10055908-10056262(+)	sample_027.bnk	dar_squam1	94.3
nai_JAWWNI010000057.1:425731-426068(-)	sample_027.bnk	dar_squam1	94.9
unm_JAWDKO010000036.1:6481783-6482138(+)	sample_027.bnk	dar_squam1	94.9
nai_JAWWNI010000799.1:1392335-1392690(-)	sample_027.bnk	dar_squam1	95.8
dvl_JAIXNF010014906.1:1092-1441(+)	sample_027.bnk	dar_squam1	94.5
unp_JAWDKN010000096.1:2567808-2568138(+)	sample_027.bnk	dar_squam1	97.3
unm_JAWDKO010000016.1:10376894-10377240(-)	sample_027.bnk	dar_squam1	96.8
nai_JAWWNI010000662.1:1212497-1212837(+)	sample_027.bnk	dar_squam1	95.2
mix_JAWWNH010000017.1:21665447-21665792(+)	sample_027.bnk	dar_squam1	96.5
dvl_JAIXNF010000049.1:2782781-2783030(+)	sample_027.bnk	dar_squam1	96.3
dvl_JAIXNF010000573.1:28626-28774(+)	sample_027.bnk	dar_squam1	95.9
unm_JAWDKO010000018.1:4755275-4755628(+)	sample_027.bnk	dar_squam1	92.3
unp_JAWDKN010000026.1:6042915-6043271(+)	sample_027.bnk	dar_squam1	96.6
dvl_JAIXNF010025628.1:1031139-1031501(+)	sample_027.bnk	dar_squam1	95.2
nai_JAWWNI010000055.1:740787-741144(+)	sample_027.bnk	dar_squam1	95.8
unm_JAWDKO010000003.1:11239178-11239515(-)	sample_027.bnk	dar_squam1	95.2
mix_JAWWNH010000181.1:8853055-8853410(+)	sample_027.bnk	dar_squam1	93.8
dvl_JAIXNF010000265.1:3537792-3538134(+)	sample_027.bnk	dar_squam1	95.6
dvl_JAIXNF010000285.1:153203-153558(+)	sample_027.bnk	dar_squam1	95.2
dvl_JAIXNF010000354.1:177239-177591(+)	sample_027.bnk	dar_squam1	94.9
dvl_JAIXNF010028321.1:33562-33876(+)	sample_027.bnk	dar_squam1	97.4
nai_JAWWNI010000280.1:239907-240258(+)	sample_027.bnk	dar_squam1	96.0
nai_JAWWNI010001341.1:27029-27384(+)	sample_027.bnk	dar_squam1	97.5
nai_JAWWNI010000111.1:291926-292278(+)	sample_027.bnk	dar_squam1	96.6
nai_JAWWNI010000833.1:1218772-1219130(-)	sample_027.bnk	dar_squam1	96.3
nai_JAWWNI010000482.1:285856-286204(+)	sample_027.bnk	dar_squam1	96.5
mix_JAWWNH010000187.1:456409-456761(+)	sample_027.bnk	dar_squam1	95.1
dvl_JAIXNF010000112.1:3818723-3819079(-)	sample_027.bnk	dar_squam1	96.3
arm_JAWWNF010000656.1:2821379-2821724(-)	sample_027.bnk	dar_squam1	96.5
unp_JAWDKN010000007.1:5624146-5624482(+)	sample_027.bnk	dar_squam1	96.1
dva_JAWWNG010001709.1:2432469-2432822(+)	sample_027.bnk	dar_squam1	95.2
dvl_JAIXNF010000012.1:2091549-2091880(+)	sample_027.bnk	dar_squam1	95.2
dvl_JAIXNF010025646.1:291042-291399(-)	sample_027.bnk	dar_squam1	94.4
dvl_JAIXNF010001888.1:0-119(+)	sample_027.bnk	dar_squam1	91.6
dvl_JAIXNF010025718.1:3378567-3378923(+)	sample_027.bnk	dar_squam1	95.2
unm_JAWDKO010000021.1:11701628-11701982(-)	sample_027.bnk	dar_squam1	95.5
nai_JAWWNI010000304.1:227420-227777(-)	sample_027.bnk	dar_squam1	94.7
unp_JAWDKN010000048.1:7548924-7549273(-)	sample_027.bnk	dar_squam1	95.7
dva_JAWWNG010001751.1:350811-351164(+)	sample_028.bnk	dar_squam1	95.7
unm_JAWDKO010000010.1:1347879-1348236(-)	sample_028.bnk	dar_squam1	94.4
mix_JAWWNH010000064.1:2393524-2393878(+)	sample_028.bnk	dar_squam1	95.7
mix_JAWWNH010000071.1:4775992-4776340(+)	sample_028.bnk	dar_squam1	95.7
unp_JAWDKN010000105.1:2629730-2630081(+)	sample_028.bnk	dar_squam1	95.4
nai_JAWWNI010000657.1:543126-543474(-)	sample_028.bnk	dar_squam1	96.3
arm_JAWWNF010000796.1:1097706-1098050(-)	sample_028.bnk	dar_squam1	95.9
dva_JAWWNG010002105.1:121219-121573(+)	sample_028.bnk	dar_squam1	94.6
dvl_JAIXNF010000115.1:437785-438136(-)	sample_028.bnk	dar_squam1	95.1
mix_JAWWNH010000091.1:9978977-9979334(+)	sample_028.bnk	dar_squam1	95.2
unm_JAWDKO010000030.1:3671210-3671564(-)	sample_028.bnk	dar_squam1	96.6
nai_JAWWNI010000249.1:1643223-1643578(+)	sample_028.bnk	dar_squam1	94.9
unm_JAWDKO010000025.1:40505877-40506207(-)	sample_028.bnk	dar_squam1	95.4
dva_JAWWNG010000242.1:630128-630484(-)	sample_028.bnk	dar_squam1	95.8
mix_JAWWNH010000126.1:5237850-5238198(-)	sample_028.bnk	dar_squam1	94.8
unp_JAWDKN010000053.1:11565731-11566085(-)	sample_028.bnk	dar_squam1	93.8
unm_JAWDKO010000084.1:1019776-1020118(+)	sample_028.bnk	dar_squam1	95.6
mix_JAWWNH010000149.1:5127130-5127463(-)	sample_028.bnk	dar_squam1	95.8
arm_JAWWNF010000606.1:210505-210861(+)	sample_028.bnk	dar_squam1	95.8
dva_JAWWNG010000287.1:2188654-2189008(-)	sample_028.bnk	dar_squam1	95.2
unm_JAWDKO010000014.1:25036643-25036997(-)	sample_028.bnk	dar_squam1	95.7
arm_JAWWNF010000215.1:46144-46484(+)	sample_028.bnk	dar_squam1	95.6
arm_JAWWNF010000737.1:905808-906165(+)	sample_028.bnk	dar_squam1	94.7
arm_JAWWNF010000073.1:1244637-1244995(-)	sample_028.bnk	dar_squam1	94.1
unp_JAWDKN010000061.1:3151025-3151369(+)	sample_028.bnk	dar_squam1	95.3
arm_JAWWNF010000299.1:152301-152661(-)	sample_028.bnk	dar_squam1	93.8
nai_JAWWNI010000171.1:162678-163035(-)	sample_028.bnk	dar_squam1	94.9
mix_JAWWNH010000092.1:4334312-4334665(+)	sample_028.bnk	dar_squam1	94.6
mix_JAWWNH010000020.1:6038407-6038759(-)	sample_028.bnk	dar_squam1	94.5
unm_JAWDKO010000035.1:17509710-17510040(-)	sample_028.bnk	dar_squam1	95.1
dvl_JAIXNF010025120.1:21380-21729(+)	sample_028.bnk	dar_squam1	94.8
dvl_JAIXNF010000071.1:2604376-2604733(-)	sample_028.bnk	dar_squam1	94.9
mix_JAWWNH010000164.1:1990302-1990652(+)	sample_028.bnk	dar_squam1	96.0
arm_JAWWNF010000863.1:402564-402920(-)	sample_028.bnk	dar_squam1	94.6
unp_JAWDKN010000053.1:5386864-5387216(-)	sample_028.bnk	dar_squam1	94.0
dva_JAWWNG010000067.1:610920-611271(+)	sample_028.bnk	dar_squam1	95.1
mix_JAWWNH010000082.1:93996-94346(+)	sample_028.bnk	dar_squam1	96.0
dva_JAWWNG010000472.1:1054681-1055032(+)	sample_028.bnk	dar_squam1	94.6
dvl_JAIXNF010025541.1:815779-816137(+)	sample_028.bnk	dar_squam1	95.2
unp_JAWDKN010000212.1:189435-189786(-)	sample_028.bnk	dar_squam1	95.4
nai_JAWWNI010001123.1:267544-267901(-)	sample_028.bnk	dar_squam1	94.1
unm_JAWDKO010000069.1:473370-473727(+)	sample_028.bnk	dar_squam1	94.7
unm_JAWDKO010000011.1:2946650-2947007(+)	sample_028.bnk	dar_squam1	94.6
dva_JAWWNG010000709.1:64642-65000(-)	sample_028.bnk	dar_squam1	95.5
dvl_JAIXNF010000423.1:7958-8305(+)	sample_028.bnk	dar_squam1	96.2
mix_JAWWNH010000006.1:813851-814205(-)	sample_028.bnk	dar_squam1	94.9
nai_JAWWNI010000781.1:2435162-2435516(-)	sample_028.bnk	dar_squam1	93.5
mix_JAWWNH010000026.1:2295984-2296322(+)	sample_028.bnk	dar_squam1	94.1
dvl_JAIXNF010024316.1:17692-18040(-)	sample_028.bnk	dar_squam1	94.5
nai_JAWWNI010000560.1:527114-527454(-)	sample_028.bnk	dar_squam1	94.1
mix_JAWWNH010000277.1:20766-21120(-)	sample_029.bnk	dar_squam1	95.2
mix_JAWWNH010000132.1:644109-644438(+)	sample_029.bnk	dar_squam1	94.2
unm_JAWDKO010000035.1:10191612-10191963(-)	sample_029.bnk	dar_squam1	94.3
mix_JAWWNH010000151.1:1361617-1361974(+)	sample_029.bnk	dar_squam1	95.5
unp_JAWDKN010000038.1:9389567-9389911(-)	sample_029.bnk	dar_squam1	96.2
dvl_JAIXNF010000053.1:325821-326156(-)	sample_029.bnk	dar_squam1	94.3
dvl_JAIXNF010000249.1:796207-796564(-)	sample_029.bnk	dar_squam1	95.2
unm_JAWDKO010000002.1:900793-901140(-)	sample_029.bnk	dar_squam1	95.1
unm_JAWDKO010000020.1:34386825-34387183(-)	sample_029.bnk	dar_squam1	93.8
mix_JAWWNH010000029.1:1097390-1097745(+)	sample_029.bnk	dar_squam1	94.6
unp_JAWDKN010000064.1:18673428-18673770(+)	sample_029.bnk	dar_squam1	93.8
dva_JAWWNG010000038.1:8424167-8424522(-)	sample_029.bnk	dar_squam1	94.9
arm_JAWWNF010000207.1:237265-237593(+)	sample_029.bnk	dar_squam1	95.1
unm_JAWDKO010000031.1:8898461-8898811(-)	sample_029.bnk	dar_squam1	95.4
nai_JAWWNI010001050.1:278793-279148(+)	sample_029.bnk	dar_squam1	94.3
unp_JAWDKN010000067.1:319506-319852(+)	sample_029.bnk	dar_squam1	94.8
unm_JAWDKO010000028.1:9599412-9599763(+)	sample_029.bnk	dar_squam1	94.8
dva_JAWWNG010000418.1:45644-45983(+)	sample_029.bnk	dar_squam1	93.8
unm_JAWDKO010000006.1:36683459-36683816(-)	sample_029.bnk	dar_squam1	95.2
unp_JAWDKN010000056.1:4045739-4046094(-)	sample_029.bnk	dar_squam1	95.5
arm_JAWWNF010000439.1:1416045-1416396(+)	sample_029.bnk	dar_squam1	96.0
dva_JAWWNG010000288.1:1210799-1211157(-)	sample_029.bnk	dar_squam1	93.8
dva_JAWWNG010001090.1:263803-264155(-)	sample_029.bnk	dar_squam1	95.4
nai_JAWWNI010000428.1:743215-743569(+)	sample_029.bnk	dar_squam1	94.3
unm_JAWDKO010000021.1:25785518-25785881(+)	sample_029.bnk	dar_squam1	95.2
unp_JAWDKN010000183.1:813850-814185(+)	sample_029.bnk	dar_squam1	95.5
unm_JAWDKO010000055.1:9122246-9122595(+)	sample_029.bnk	dar_squam1	96.0
unm_JAWDKO010000004.1:2807664-2808010(-)	sample_029.bnk	dar_squam1	95.4
nai_JAWWNI010000231.1:3311753-3312097(+)	sample_029.bnk	dar_squam1	95.0
arm_JAWWNF010000298.1:151315-151663(-)	sample_029.bnk	dar_squam1	95.1
dvl_JAIXNF010025320.1:130227-130432(+)	sample_029.bnk	dar_squam1	94.1
unm_JAWDKO010000038.1:2540804-2541161(-)	sample_029.bnk	dar_squam1	94.1
arm_JAWWNF010000224.1:591151-591507(+)	sample_029.bnk	dar_squam1	94.6
arm_JAWWNF010000273.1:310891-311245(+)	sample_029.bnk	dar_squam1	94.3
unm_JAWDKO010000002.1:13691674-13692027(+)	sample_029.bnk	dar_squam1	93.8
unm_JAWDKO010000011.1:15132035-15132391(+)	sample_029.bnk	dar_squam1	93.5
arm_JAWWNF010000195.1:1746781-1747138(-)	sample_029.bnk	dar_squam1	94.9
unm_JAWDKO010000040.1:29793061-29793411(-)	sample_029.bnk	dar_squam1	95.1
nai_JAWWNI010000178.1:866103-866460(+)	sample_029.bnk	dar_squam1	94.4
dva_JAWWNG010000031.1:196026-196369(-)	sample_029.bnk	dar_squam1	94.4
dva_JAWWNG010000043.1:7671295-7671651(-)	sample_029.bnk	dar_squam1	94.9
arm_JAWWNF010000122.1:374114-374459(+)	sample_029.bnk	dar_squam1	93.0
arm_JAWWNF010000030.1:338615-338969(-)	sample_029.bnk	dar_squam1	95.2
unp_JAWDKN010000035.1:19603628-19603970(-)	sample_029.bnk	dar_squam1	95.6
unm_JAWDKO010000039.1:26544999-26545354(-)	sample_029.bnk	dar_squam1	95.8
arm_JAWWNF010000136.1:1728134-1728476(+)	sample_029.bnk	dar_squam1	95.3
unm_JAWDKO010000030.1:12251639-12251994(+)	sample_029.bnk	dar_squam1	94.6
unp_JAWDKN010000190.1:1240-1593(-)	sample_029.bnk	dar_squam1	95.2
unm_JAWDKO010000035.1:6702329-6702682(-)	sample_029.bnk	dar_squam1	93.5
arm_JAWWNF010000386.1:167857-168216(-)	sample_029.bnk	dar_squam1	94.1
unm_JAWDKO010000006.1:16244294-16244648(-)	sample_030.bnk	dar_squam1	93.8
dva_JAWWNG010000150.1:201217-201574(-)	sample_030.bnk	dar_squam1	93.5
dva_JAWWNG010001779.1:17167-17512(-)	sample_030.bnk	dar_squam1	93.6
dvl_JAIXNF010030141.1:17372-17738(+)	sample_030.bnk	dar_squam1	92.1
dvl_JAIXNF010000001.1:31343199-31343245(-)	sample_030.bnk	dar_squam1	93.5
dvl_JAIXNF010000084.1:1249150-1249522(-)	sample_030.bnk	dar_squam1	91.0
dvl_JAIXNF010025930.1:198294-198645(-)	sample_030.bnk	dar_squam1	91.2
mix_JAWWNH010000017.1:21229426-21229785(+)	sample_030.bnk	dar_squam1	86.7
unm_JAWDKO010000035.1:18749870-18750240(+)	sample_030.bnk	dar_squam1	90.4
dvl_JAIXNF010000011.1:11118384-11118747(-)	sample_030.bnk	dar_squam1	89.9
nai_JAWWNI010000090.1:2356371-2356722(+)	sample_030.bnk	dar_squam1	95.7
dva_JAWWNG010000327.1:2707372-2707724(-)	sample_030.bnk	dar_squam1	94.3
dvl_JAIXNF010024646.1:19462-19812(+)	sample_030.bnk	dar_squam1	94.6
dvl_JAIXNF010000046.1:7562559-7562916(+)	sample_030.bnk	dar_squam1	93.8
mix_JAWWNH010000038.1:5713913-5714266(+)	sample_030.bnk	dar_squam1	94.0
arm_JAWWNF010000498.1:3274934-3275273(+)	sample_030.bnk	dar_squam1	94.7
unp_JAWDKN010000048.1:10618709-10619060(-)	sample_030.bnk	dar_squam1	94.3
arm_JAWWNF010000199.1:3559828-3560185(+)	sample_030.bnk	dar_squam1	94.6
unm_JAWDKO010000025.1:10898311-10898667(+)	sample_030.bnk	dar_squam1	94.6
nai_JAWWNI010000168.1:118079-118436(-)	sample_030.bnk	dar_squam1	93.3
dvl_JAIXNF010000031.1:7785203-7785553(+)	sample_030.bnk	dar_squam1	95.1
mix_JAWWNH010000126.1:8959095-8959536(+)	sample_030.bnk	dar_squam1	93.5
arm_JAWWNF010000262.1:198211-198570(+)	sample_030.bnk	dar_squam1	94.4
unp_JAWDKN010000003.1:13287782-13288135(+)	sample_030.bnk	dar_squam1	94.0
unp_JAWDKN010000006.1:7008734-7009077(+)	sample_030.bnk	dar_squam1	94.4
unp_JAWDKN010000067.1:1125851-1126206(-)	sample_030.bnk	dar_squam1	94.9
dva_JAWWNG010001961.1:262314-262667(+)	sample_030.bnk	dar_squam1	94.3
dva_JAWWNG010000758.1:206435-206786(-)	sample_030.bnk	dar_squam1	94.3
dvl_JAIXNF010000481.1:46368-46717(+)	sample_030.bnk	dar_squam1	94.5
nai_JAWWNI010001292.1:250342-250701(-)	sample_030.bnk	dar_squam1	93.5
dvl_JAIXNF010000020.1:4640107-4640456(+)	sample_030.bnk	dar_squam1	94.3
arm_JAWWNF010000403.1:637682-638017(+)	sample_030.bnk	dar_squam1	94.3
unp_JAWDKN010000056.1:3166776-3167120(-)	sample_030.bnk	dar_squam1	95.6
arm_JAWWNF010000439.1:2162126-2162457(+)	sample_030.bnk	dar_squam1	94.8
unm_JAWDKO010000012.1:22446431-22446786(+)	sample_030.bnk	dar_squam1	94.9
dvl_JAIXNF010000020.1:10367106-10367462(+)	sample_030.bnk	dar_squam1	93.5
unm_JAWDKO010000038.1:12256295-12256636(+)	sample_030.bnk	dar_squam1	93.8
dva_JAWWNG010002334.1:112489-112851(+)	sample_030.bnk	dar_squam1	94.9
arm_JAWWNF010000516.1:3639166-3639517(+)	sample_030.bnk	dar_squam1	92.9
dva_JAWWNG010000657.1:477014-477349(-)	sample_030.bnk	dar_squam1	94.3
arm_JAWWNF010000532.1:246310-246666(-)	sample_030.bnk	dar_squam1	94.6
dvl_JAIXNF010000407.1:477240-477493(+)	sample_030.bnk	dar_squam1	93.7
mix_JAWWNH010000029.1:16269418-16269775(-)	sample_030.bnk	dar_squam1	94.9
mix_JAWWNH010000058.1:15604702-15605045(-)	sample_030.bnk	dar_squam1	94.7
dva_JAWWNG010000215.1:673957-674306(+)	sample_030.bnk	dar_squam1	93.9
unm_JAWDKO010000028.1:14400464-14400817(+)	sample_030.bnk	dar_squam1	94.3
dva_JAWWNG010000430.1:587780-588125(+)	sample_030.bnk	dar_squam1	93.6
mix_JAWWNH010000066.1:50817377-50817726(-)	sample_030.bnk	dar_squam1	93.4
dva_JAWWNG010000505.1:775584-775944(+)	sample_030.bnk	dar_squam1	93.5
unp_JAWDKN010000003.1:62347313-62347660(-)	sample_030.bnk	dar_squam1	94.5
dva_JAWWNG010002964.1:84630-84987(-)	sample_031.bnk	dar_squam1	94.9
dvl_JAIXNF010007145.1:8102-8457(+)	sample_031.bnk	dar_squam1	93.8
dvl_JAIXNF010010751.1:0-78(-)	sample_031.bnk	dar_squam1	91.0
unm_JAWDKO010000015.1:21024953-21025320(-)	sample_031.bnk	dar_squam1	93.5
nai_JAWWNI010000833.1:1118630-1118980(-)	sample_031.bnk	dar_squam1	95.1
arm_JAWWNF010000998.1:139901-140232(+)	sample_031.bnk	dar_squam1	93.6
dvl_JAIXNF010000047.1:11562274-11562613(+)	sample_031.bnk	dar_squam1	95.0
unm_JAWDKO010000062.1:3619941-3620298(+)	sample_031.bnk	dar_squam1	93.3
nai_JAWWNI010000337.1:2582173-2582536(+)	sample_031.bnk	dar_squam1	93.2
dva_JAWWNG010001575.1:175327-175674(+)	sample_031.bnk	dar_squam1	94.5
dvl_JAIXNF010025818.1:8895122-8895479(+)	sample_031.bnk	dar_squam1	94.4
arm_JAWWNF010000733.1:204579-204936(+)	sample_031.bnk	dar_squam1	94.1
nai_JAWWNI010000047.1:2315451-2315800(+)	sample_031.bnk	dar_squam1	94.5
mix_JAWWNH010000060.1:10647208-10647574(+)	sample_031.bnk	dar_squam1	94.9
arm_JAWWNF010000273.1:332369-332697(-)	sample_031.bnk	dar_squam1	95.1
unp_JAWDKN010000124.1:4564583-4564928(-)	sample_031.bnk	dar_squam1	95.3
mix_JAWWNH010000030.1:3890281-3890627(+)	sample_031.bnk	dar_squam1	93.6
unp_JAWDKN010000045.1:1372388-1372737(-)	sample_031.bnk	dar_squam1	94.8
unm_JAWDKO010000004.1:4133998-4134352(+)	sample_031.bnk	dar_squam1	94.9
arm_JAWWNF010000202.1:3637462-3637809(+)	sample_031.bnk	dar_squam1	93.9
dva_JAWWNG010000035.1:985424-985781(-)	sample_031.bnk	dar_squam1	94.1
mix_JAWWNH010000156.1:1092443-1092800(-)	sample_031.bnk	dar_squam1	95.2
arm_JAWWNF010000162.1:4435626-4435980(+)	sample_031.bnk	dar_squam1	94.6
dva_JAWWNG010001751.1:937086-937420(-)	sample_031.bnk	dar_squam1	95.2
unp_JAWDKN010000128.1:3583372-3583727(-)	sample_031.bnk	dar_squam1	94.1
dva_JAWWNG010002267.1:215043-215400(-)	sample_031.bnk	dar_squam1	94.4
dvl_JAIXNF010000051.1:2553962-2554305(-)	sample_031.bnk	dar_squam1	95.0
dvl_JAIXNF010029865.1:27564-27920(-)	sample_031.bnk	dar_squam1	94.1
nai_JAWWNI010000918.1:363523-363874(-)	sample_031.bnk	dar_squam1	95.4
unm_JAWDKO010000025.1:57050634-57050975(-)	sample_031.bnk	dar_squam1	95.6
dvl_JAIXNF010025049.1:110525-110874(+)	sample_031.bnk	dar_squam1	95.7
arm_JAWWNF010000949.1:297778-298118(+)	sample_031.bnk	dar_squam1	94.4
nai_JAWWNI010001190.1:284699-285046(+)	sample_031.bnk	dar_squam1	95.4
arm_JAWWNF010001198.1:25811-26163(-)	sample_031.bnk	dar_squam1	95.7
arm_JAWWNF010000444.1:1929343-1929691(-)	sample_031.bnk	dar_squam1	94.5
unp_JAWDKN010000095.1:7403968-7404319(-)	sample_031.bnk	dar_squam1	94.3
dva_JAWWNG010000112.1:9682-10034(+)	sample_031.bnk	dar_squam1	94.0
nai_JAWWNI010000033.1:1767743-1768098(+)	sample_031.bnk	dar_squam1	94.6
arm_JAWWNF010000047.1:1610016-1610367(-)	sample_031.bnk	dar_squam1	94.6
arm_JAWWNF010000498.1:6255878-6256225(+)	sample_031.bnk	dar_squam1	95.1
dva_JAWWNG010000222.1:1917646-1918020(+)	sample_031.bnk	dar_squam1	94.3
dvl_JAIXNF010025818.1:13457352-13457432(-)	sample_031.bnk	dar_squam1	94.9
mix_JAWWNH010000189.1:16651-17007(+)	sample_031.bnk	dar_squam1	93.5
dva_JAWWNG010000784.1:867877-868229(+)	sample_031.bnk	dar_squam1	95.0
dvl_JAIXNF010000021.1:3036399-3036756(+)	sample_031.bnk	dar_squam1	91.9
dvl_JAIXNF010000362.1:11608551-11608799(+)	sample_031.bnk	dar_squam1	93.1
unp_JAWDKN010000188.1:405886-406226(+)	sample_031.bnk	dar_squam1	93.6
mix_JAWWNH010000166.1:1072975-1073332(+)	sample_031.bnk	dar_squam1	92.4
dva_JAWWNG010002630.1:408667-409024(-)	sample_031.bnk	dar_squam1	92.4
dvl_JAIXNF010000137.1:1599076-1599145(-)	sample_031.bnk	dar_squam1	92.6
unp_JAWDKN010000019.1:6132000-6132357(-)	sample_032.bnk	dar_squam1	95.5
unp_JAWDKN010000081.1:6065358-6065714(+)	sample_032.bnk	dar_squam1	95.2
unm_JAWDKO010000015.1:21425536-21425891(+)	sample_032.bnk	dar_squam1	92.9
arm_JAWWNF010000094.1:8297519-8297854(-)	sample_032.bnk	dar_squam1	95.2
nai_JAWWNI010000638.1:185721-186089(+)	sample_032.bnk	dar_squam1	93.6
dva_JAWWNG010000988.1:408000-408355(-)	sample_032.bnk	dar_squam1	93.5
unm_JAWDKO010000053.1:5025445-5025801(+)	sample_032.bnk	dar_squam1	93.8
dvl_JAIXNF010000357.1:3612863-3613035(-)	sample_032.bnk	dar_squam1	93.6
unp_JAWDKN010000015.1:748637-748982(+)	sample_032.bnk	dar_squam1	93.6
nai_JAWWNI010000553.1:1900360-1900717(-)	sample_032.bnk	dar_squam1	96.3
unp_JAWDKN010000059.1:10242635-10242992(+)	sample_032.bnk	dar_squam1	94.6
unp_JAWDKN010000018.1:13819140-13819500(+)	sample_032.bnk	dar_squam1	95.4
arm_JAWWNF010000166.1:645998-646346(+)	sample_032.bnk	dar_squam1	94.5
unp_JAWDKN010000027.1:15274977-15275334(+)	sample_032.bnk	dar_squam1	94.1
nai_JAWWNI010000226.1:878700-879056(-)	sample_032.bnk	dar_squam1	96.9
mix_JAWWNH010000017.1:21319595-21319951(-)	sample_032.bnk	dar_squam1	94.1
unm_JAWDKO010000025.1:31534423-31534774(-)	sample_032.bnk	dar_squam1	93.7
nai_JAWWNI010000852.1:3681941-3682297(+)	sample_032.bnk	dar_squam1	93.5
unm_JAWDKO010000018.1:31835101-31835443(-)	sample_032.bnk	dar_squam1	94.7
mix_JAWWNH010000018.1:13280554-13280891(-)	sample_032.bnk	dar_squam1	94.4
mix_JAWWNH010000042.1:7446192-7446543(-)	sample_032.bnk	dar_squam1	94.0
arm_JAWWNF010000021.1:3199829-3200175(-)	sample_032.bnk	dar_squam1	94.8
arm_JAWWNF010000417.1:1649867-1650223(+)	sample_032.bnk	dar_squam1	93.8
unm_JAWDKO010000057.1:5148399-5148751(-)	sample_032.bnk	dar_squam1	94.3
unm_JAWDKO010000049.1:6491726-6492066(-)	sample_032.bnk	dar_squam1	95.0
unp_JAWDKN010000126.1:2834728-2835077(-)	sample_032.bnk	dar_squam1	93.4
dva_JAWWNG010000418.1:54473-54823(-)	sample_032.bnk	dar_squam1	94.0
dva_JAWWNG010000283.1:597884-598235(+)	sample_032.bnk	dar_squam1	94.6
nai_JAWWNI010000027.1:343012-343384(+)	sample_032.bnk	dar_squam1	93.8
dva_JAWWNG010000846.1:353166-353517(+)	sample_032.bnk	dar_squam1	94.6
unm_JAWDKO010000036.1:12289470-12289812(-)	sample_032.bnk	dar_squam1	94.7
unm_JAWDKO010000048.1:1829475-1829826(+)	sample_032.bnk	dar_squam1	94.9
unm_JAWDKO010000078.1:1062318-1062670(+)	sample_032.bnk	dar_squam1	96.0
unp_JAWDKN010000038.1:9419122-9419483(+)	sample_032.bnk	dar_squam1	95.2
mix_JAWWNH010000020.1:7727814-7728164(-)	sample_032.bnk	dar_squam1	95.1
dva_JAWWNG010000875.1:1783747-1784091(+)	sample_032.bnk	dar_squam1	95.3
nai_JAWWNI010000613.1:672487-672841(-)	sample_032.bnk	dar_squam1	94.9
unm_JAWDKO010000018.1:1307452-1307802(+)	sample_032.bnk	dar_squam1	93.9
dva_JAWWNG010000733.1:1052198-1052554(-)	sample_032.bnk	dar_squam1	94.4
unp_JAWDKN010000236.1:136105-136458(+)	sample_032.bnk	dar_squam1	95.7
unp_JAWDKN010000050.1:2237815-2238165(-)	sample_032.bnk	dar_squam1	96.0
unm_JAWDKO010000018.1:4333517-4333864(-)	sample_032.bnk	dar_squam1	93.9
dva_JAWWNG010000161.1:1149685-1150031(-)	sample_032.bnk	dar_squam1	94.8
unm_JAWDKO010000044.1:2702530-2702884(-)	sample_032.bnk	dar_squam1	94.8
dva_JAWWNG010001726.1:221470-221827(+)	sample_032.bnk	dar_squam1	95.2
dvl_JAIXNF010025757.1:4050979-4051223(+)	sample_032.bnk	dar_squam1	93.4
dvl_JAIXNF010031190.1:17408-17766(+)	sample_032.bnk	dar_squam1	93.3
unm_JAWDKO010000018.1:18123756-18124103(+)	sample_032.bnk	dar_squam1	94.5
nai_JAWWNI010000873.1:15648-16000(-)	sample_032.bnk	dar_squam1	94.3
dva_JAWWNG010000459.1:448547-448905(+)	sample_032.bnk	dar_squam1	93.3
mix_JAWWNH010000095.1:2786531-2786885(+)	sample_033.bnk	dar_squam1	94.3
dvl_JAIXNF010025937.1:49161-49519(+)	sample_033.bnk	dar_squam1	93.6
arm_JAWWNF010000128.1:2758797-2759148(-)	sample_033.bnk	dar_squam1	93.1
arm_JAWWNF010000248.1:1539126-1539474(-)	sample_033.bnk	dar_squam1	92.8
dva_JAWWNG010001100.1:177483-177840(-)	sample_033.bnk	dar_squam1	93.8
nai_JAWWNI010000009.1:104158-104517(+)	sample_033.bnk	dar_squam1	94.6
unp_JAWDKN010000007.1:1372698-1373039(-)	sample_033.bnk	dar_squam1	95.7
dva_JAWWNG010001718.1:393377-393719(+)	sample_033.bnk	dar_squam1	94.7
dva_JAWWNG010000078.1:488715-489067(-)	sample_033.bnk	dar_squam1	95.2
nai_JAWWNI010000307.1:283384-283741(+)	sample_033.bnk	dar_squam1	93.8
mix_JAWWNH010000063.1:9077540-9077881(+)	sample_033.bnk	dar_squam1	95.9
unm_JAWDKO010000003.1:13112270-13112621(+)	sample_033.bnk	dar_squam1	94.3
mix_JAWWNH010000066.1:35250291-35250619(-)	sample_033.bnk	dar_squam1	94.2
nai_JAWWNI010000380.1:331442-331793(-)	sample_033.bnk	dar_squam1	93.4
mix_JAWWNH010000029.1:53727788-53728145(+)	sample_033.bnk	dar_squam1	94.4
arm_JAWWNF010000377.1:4510042-4510398(-)	sample_033.bnk	dar_squam1	95.5
unm_JAWDKO010000011.1:9561378-9561721(-)	sample_033.bnk	dar_squam1	93.9
unp_JAWDKN010000061.1:8238596-8238941(+)	sample_033.bnk	dar_squam1	93.9
unm_JAWDKO010000045.1:3230962-3231318(+)	sample_033.bnk	dar_squam1	92.9
mix_JAWWNH010000066.1:33932864-33933203(+)	sample_033.bnk	dar_squam1	94.1
dva_JAWWNG010000492.1:5424-5780(+)	sample_033.bnk	dar_squam1	94.6
nai_JAWWNI010001042.1:245830-246169(+)	sample_033.bnk	dar_squam1	94.3
nai_JAWWNI010000046.1:1236178-1236534(-)	sample_033.bnk	dar_squam1	93.8
unp_JAWDKN010000206.1:1311782-1312132(-)	sample_033.bnk	dar_squam1	95.3
dva_JAWWNG010000038.1:7524983-7525340(+)	sample_033.bnk	dar_squam1	93.5
dva_JAWWNG010001886.1:169524-169866(+)	sample_033.bnk	dar_squam1	94.1
arm_JAWWNF010000180.1:2959401-2959751(-)	sample_033.bnk	dar_squam1	94.0
nai_JAWWNI010000081.1:640455-640814(-)	sample_033.bnk	dar_squam1	94.7
mix_JAWWNH010000039.1:6368552-6368898(+)	sample_033.bnk	dar_squam1	93.3
mix_JAWWNH010000029.1:14852268-14852625(-)	sample_033.bnk	dar_squam1	94.1
mix_JAWWNH010000061.1:21047826-21048173(-)	sample_033.bnk	dar_squam1	93.9
arm_JAWWNF010000561.1:650964-651310(-)	sample_033.bnk	dar_squam1	94.8
dva_JAWWNG010000110.1:4035083-4035435(-)	sample_033.bnk	dar_squam1	94.0
dvl_JAIXNF010000413.1:4067584-4067939(-)	sample_033.bnk	dar_squam1	94.9
nai_JAWWNI010000649.1:8563033-8563364(-)	sample_033.bnk	dar_squam1	93.9
dvl_JAIXNF010000011.1:12797324-12797651(+)	sample_033.bnk	dar_squam1	94.2
unp_JAWDKN010000027.1:2474225-2474581(+)	sample_033.bnk	dar_squam1	93.0
dva_JAWWNG010000147.1:5939839-5940194(+)	sample_033.bnk	dar_squam1	93.2
dva_JAWWNG010001078.1:155946-156304(-)	sample_033.bnk	dar_squam1	93.0
dvl_JAIXNF010000532.1:29738-29789(-)	sample_033.bnk	dar_squam1	90.0
nai_JAWWNI010000468.1:2137030-2137382(-)	sample_033.bnk	dar_squam1	93.7
mix_JAWWNH010000064.1:719386-719740(-)	sample_033.bnk	dar_squam1	94.2
unm_JAWDKO010000055.1:602939-603281(-)	sample_033.bnk	dar_squam1	92.4
arm_JAWWNF010000204.1:1387796-1388138(-)	sample_033.bnk	dar_squam1	95.9
mix_JAWWNH010000016.1:4274597-4274953(+)	sample_033.bnk	dar_squam1	92.9
nai_JAWWNI010000207.1:5487576-5487935(+)	sample_033.bnk	dar_squam1	93.8
unm_JAWDKO010000026.1:13758620-13758987(+)	sample_033.bnk	dar_squam1	91.6
dvl_JAIXNF010025718.1:1664177-1664529(+)	sample_033.bnk	dar_squam1	93.4
unp_JAWDKN010000003.1:72438683-72439031(+)	sample_033.bnk	dar_squam1	93.3
mix_JAWWNH010000014.1:21349563-21349936(+)	sample_033.bnk	dar_squam1	93.2
dva_JAWWNG010000141.1:2843378-2843744(-)	sample_034.bnk	dar_squam1	94.6
nai_JAWWNI010000034.1:16999945-17000312(+)	sample_034.bnk	dar_squam1	93.2
nai_JAWWNI010000852.1:5910710-5911055(+)	sample_034.bnk	dar_squam1	92.2
dvl_JAIXNF010000611.1:360643-360782(-)	sample_034.bnk	dar_squam1	91.2
unm_JAWDKO010000005.1:5186767-5187122(-)	sample_034.bnk	dar_squam1	90.7
dva_JAWWNG010001778.1:163856-164204(-)	sample_034.bnk	dar_squam1	93.9
mix_JAWWNH010000030.1:9490948-9491304(-)	sample_034.bnk	dar_squam1	94.4
unm_JAWDKO010000056.1:3326436-3326788(+)	sample_034.bnk	dar_squam1	93.7
unp_JAWDKN010000019.1:8406404-8406771(-)	sample_034.bnk	dar_squam1	93.4
dva_JAWWNG010001752.1:606854-607191(+)	sample_034.bnk	dar_squam1	92.3
nai_JAWWNI010000558.1:98036-98393(-)	sample_034.bnk	dar_squam1	93.8
unm_JAWDKO010000099.1:299755-300102(-)	sample_034.bnk	dar_squam1	94.5
dva_JAWWNG010001087.1:1351467-1351838(-)	sample_034.bnk	dar_squam1	93.5
unm_JAWDKO010000055.1:10190346-10190701(+)	sample_034.bnk	dar_squam1	93.5
dva_JAWWNG010000581.1:158672-159037(-)	sample_034.bnk	dar_squam1	92.9
dva_JAWWNG010001327.1:848031-848576(-)	sample_034.bnk	dar_squam1	93.8
nai_JAWWNI010000677.1:296692-297045(-)	sample_034.bnk	dar_squam1	93.8
unm_JAWDKO010000018.1:2353793-2354156(+)	sample_034.bnk	dar_squam1	96.2
unm_JAWDKO010000006.1:61943264-61943599(-)	sample_034.bnk	dar_squam1	93.7
dva_JAWWNG010000355.1:1486777-1487130(+)	sample_034.bnk	dar_squam1	92.6
dva_JAWWNG010002613.1:172023-172352(-)	sample_034.bnk	dar_squam1	93.9
dvl_JAIXNF010025734.1:4802091-4802232(-)	sample_034.bnk	dar_squam1	90.8
mix_JAWWNH010000001.1:4580133-4580489(+)	sample_034.bnk	dar_squam1	93.0
mix_JAWWNH010000029.1:29196003-29196361(-)	sample_034.bnk	dar_squam1	93.6
unp_JAWDKN010000001.1:10887307-10887667(-)	sample_034.bnk	dar_squam1	94.5
dva_JAWWNG010000143.1:1181292-1181650(+)	sample_034.bnk	dar_squam1	93.6
dva_JAWWNG010001179.1:52085-52442(-)	sample_034.bnk	dar_squam1	95.2
mix_JAWWNH010000092.1:4172020-4172379(+)	sample_034.bnk	dar_squam1	94.4
mix_JAWWNH010000013.1:35269430-35269777(-)	sample_034.bnk	dar_squam1	95.0
dva_JAWWNG010000287.1:1682338-1682688(-)	sample_034.bnk	dar_squam1	92.6
mix_JAWWNH010000014.1:17266021-17266378(+)	sample_034.bnk	dar_squam1	93.8
mix_JAWWNH010000224.1:10928381-10928739(+)	sample_034.bnk	dar_squam1	93.6
arm_JAWWNF010000123.1:1510449-1510806(+)	sample_034.bnk	dar_squam1	93.3
dva_JAWWNG010000678.1:1148697-1149054(+)	sample_034.bnk	dar_squam1	93.0
dvl_JAIXNF010000199.1:1057517-1057867(+)	sample_034.bnk	dar_squam1	94.6
nai_JAWWNI010000068.1:3477505-3477858(-)	sample_034.bnk	dar_squam1	95.4
arm_JAWWNF010000293.1:970757-971112(+)	sample_034.bnk	dar_squam1	94.6
arm_JAWWNF010000171.1:602029-602385(-)	sample_034.bnk	dar_squam1	93.5
dva_JAWWNG010001182.1:47245-47600(+)	sample_034.bnk	dar_squam1	94.3
mix_JAWWNH010000124.1:3928638-3928995(+)	sample_034.bnk	dar_squam1	94.6
nai_JAWWNI010000215.1:277738-278081(+)	sample_034.bnk	dar_squam1	94.7
nai_JAWWNI010000337.1:5716262-5716608(-)	sample_034.bnk	dar_squam1	91.9
unm_JAWDKO010000009.1:30560303-30560646(-)	sample_034.bnk	dar_squam1	94.4
unm_JAWDKO010000035.1:21544500-21544835(-)	sample_034.bnk	dar_squam1	95.2
nai_JAWWNI010000529.1:368896-369260(+)	sample_034.bnk	dar_squam1	92.9
arm_JAWWNF010000279.1:2260457-2260805(-)	sample_034.bnk	dar_squam1	93.4
unp_JAWDKN010000035.1:11665393-11665750(-)	sample_034.bnk	dar_squam1	93.8
mix_JAWWNH010000054.1:7588965-7589319(+)	sample_034.bnk	dar_squam1	93.8
dvl_JAIXNF010000357.1:611295-611497(-)	sample_034.bnk	dar_squam1	92.8
arm_JAWWNF010000542.1:1694593-1694940(-)	sample_034.bnk	dar_squam1	93.9
mix_JAWWNH010000023.1:2345123-2345472(+)	sample_035.bnk	dar_squam1	94.2
dvl_JAIXNF010025518.1:694849-695162(+)	sample_035.bnk	dar_squam1	95.8
unp_JAWDKN010000061.1:3810882-3811237(+)	sample_035.bnk	dar_squam1	94.9
arm_JAWWNF010001170.1:55133-55478(+)	sample_035.bnk	dar_squam1	93.9
dvl_JAIXNF010000331.1:1785167-1785522(-)	sample_035.bnk	dar_squam1	94.4
unm_JAWDKO010000049.1:2944452-2944807(-)	sample_035.bnk	dar_squam1	93.5
unm_JAWDKO010000077.1:3134386-3134733(-)	sample_035.bnk	dar_squam1	94.8
nai_JAWWNI010001082.1:280032-280387(+)	sample_035.bnk	dar_squam1	92.9
arm_JAWWNF010000908.1:905888-906245(+)	sample_035.bnk	dar_squam1	93.8
nai_JAWWNI010000387.1:2439220-2439573(+)	sample_035.bnk	dar_squam1	94.0
nai_JAWWNI010000012.1:5710-6062(+)	sample_035.bnk	dar_squam1	92.0
mix_JAWWNH010000039.1:3521538-3521891(-)	sample_035.bnk	dar_squam1	94.9
unm_JAWDKO010000037.1:14515590-14515946(-)	sample_035.bnk	dar_squam1	93.2
unm_JAWDKO010000057.1:5214228-5214573(+)	sample_035.bnk	dar_squam1	94.4
dva_JAWWNG010000720.1:3800436-3800777(-)	sample_035.bnk	dar_squam1	92.9
dvl_JAIXNF010000011.1:16514550-16514886(-)	sample_035.bnk	dar_squam1	92.2
dvl_JAIXNF010000015.1:4176553-4176681(-)	sample_035.bnk	dar_squam1	93.8
mix_JAWWNH010000145.1:2346156-2346484(+)	sample_035.bnk	dar_squam1	93.6
unp_JAWDKN010000058.1:592539-592893(+)	sample_035.bnk	dar_squam1	94.6
unp_JAWDKN010000014.1:5186521-5186857(-)	sample_035.bnk	dar_squam1	95.2
unp_JAWDKN010000095.1:6237380-6237729(-)	sample_035.bnk	dar_squam1	94.3
unm_JAWDKO010000015.1:5337171-5337532(-)	sample_035.bnk	dar_squam1	92.0
unp_JAWDKN010000097.1:1642313-1642665(+)	sample_035.bnk	dar_squam1	93.7
dva_JAWWNG010000115.1:410594-410949(+)	sample_035.bnk	dar_squam1	93.8
unp_JAWDKN010000048.1:13646892-13647232(+)	sample_035.bnk	dar_squam1	94.1
unp_JAWDKN010000128.1:264638-264999(-)	sample_035.bnk	dar_squam1	94.6
unp_JAWDKN010000019.1:8129398-8129746(-)	sample_035.bnk	dar_squam1	93.9
mix_JAWWNH010000029.1:57929436-57929779(+)	sample_035.bnk	dar_squam1	94.4
dva_JAWWNG010000027.1:5571060-5571417(+)	sample_035.bnk	dar_squam1	93.8
dvl_JAIXNF010000413.1:26769280-26769623(-)	sample_035.bnk	dar_squam1	93.9
arm_JAWWNF010000146.1:506942-507298(-)	sample_035.bnk	dar_squam1	94.1
arm_JAWWNF010000333.1:1533931-1534289(-)	sample_035.bnk	dar_squam1	93.8
mix_JAWWNH010000013.1:35575160-35575507(+)	sample_035.bnk	dar_squam1	93.4
arm_JAWWNF010000635.1:475552-475889(+)	sample_035.bnk	dar_squam1	94.3
dva_JAWWNG010000044.1:80028-80364(-)	sample_035.bnk	dar_squam1	94.0
unm_JAWDKO010000019.1:5853132-5853480(-)	sample_035.bnk	dar_squam1	95.1
unm_JAWDKO010000003.1:22536885-22537243(+)	sample_035.bnk	dar_squam1	93.3
dva_JAWWNG010000527.1:1416933-1417288(-)	sample_035.bnk	dar_squam1	94.1
nai_JAWWNI010000386.1:2113562-2113921(-)	sample_035.bnk	dar_squam1	94.7
unp_JAWDKN010000089.1:2424371-2424720(-)	sample_035.bnk	dar_squam1	94.3
dva_JAWWNG010000141.1:583120-583472(+)	sample_035.bnk	dar_squam1	94.0
unp_JAWDKN010000070.1:17338314-17338672(-)	sample_035.bnk	dar_squam1	94.1
arm_JAWWNF010000655.1:1804819-1805173(+)	sample_035.bnk	dar_squam1	94.1
unm_JAWDKO010000073.1:5645883-5646218(-)	sample_035.bnk	dar_squam1	94.5
dva_JAWWNG010001810.1:165557-165915(+)	sample_035.bnk	dar_squam1	92.0
dva_JAWWNG010000091.1:819736-820082(-)	sample_035.bnk	dar_squam1	93.9
unm_JAWDKO010000048.1:1644492-1644849(+)	sample_035.bnk	dar_squam1	94.1
unp_JAWDKN010000044.1:5619485-5619836(-)	sample_035.bnk	dar_squam1	93.7
dva_JAWWNG010001351.1:42226-42582(-)	sample_035.bnk	dar_squam1	93.5
dvl_JAIXNF010025849.1:2508623-2508942(+)	sample_035.bnk	dar_squam1	92.8
arm_JAWWNF010000109.1:824805-825163(+)	sample_036.bnk	dar_squam1	95.5
mix_JAWWNH010000042.1:8859162-8859512(-)	sample_036.bnk	dar_squam1	94.8
dvl_JAIXNF010025663.1:16155-16480(-)	sample_036.bnk	dar_squam1	95.9
arm_JAWWNF010000352.1:564992-565348(+)	sample_036.bnk	dar_squam1	95.2
dvl_JAIXNF010025561.1:1096893-1097123(-)	sample_036.bnk	dar_squam1	93.9
mix_JAWWNH010000260.1:2150546-2150905(+)	sample_036.bnk	dar_squam1	90.6
arm_JAWWNF010000379.1:423110-423457(+)	sample_036.bnk	dar_squam1	92.8
unm_JAWDKO010000072.1:3231955-3232299(+)	sample_036.bnk	dar_squam1	94.4
dvl_JAIXNF010000048.1:1534136-1534488(+)	sample_036.bnk	dar_squam1	93.7
mix_JAWWNH010000013.1:8969615-8969969(-)	sample_036.bnk	dar_squam1	91.8
unp_JAWDKN010000012.1:4063063-4063430(-)	sample_036.bnk	dar_squam1	92.7
arm_JAWWNF010000369.1:2702100-2702431(+)	sample_036.bnk	dar_squam1	93.9
arm_JAWWNF010000611.1:1064075-1064438(+)	sample_036.bnk	dar_squam1	93.7
dvl_JAIXNF010000054.1:1934940-1935293(-)	sample_036.bnk	dar_squam1	94.6
dvl_JAIXNF010000118.1:555598-555931(-)	sample_036.bnk	dar_squam1	94.5
unp_JAWDKN010000064.1:9277327-9277678(+)	sample_036.bnk	dar_squam1	94.9
mix_JAWWNH010000003.1:15314792-15315143(-)	sample_036.bnk	dar_squam1	93.4
dvl_JAIXNF010025683.1:2196828-2197179(-)	sample_036.bnk	dar_squam1	94.3
nai_JAWWNI010000578.1:437423-437779(+)	sample_036.bnk	dar_squam1	94.9
unp_JAWDKN010000059.1:4511447-4511775(-)	sample_036.bnk	dar_squam1	94.2
nai_JAWWNI010000532.1:722456-722804(-)	sample_036.bnk	dar_squam1	94.5
unp_JAWDKN010000003.1:2872360-2872712(+)	sample_036.bnk	dar_squam1	94.0
unp_JAWDKN010000044.1:18126482-18126834(+)	sample_036.bnk	dar_squam1	93.7
nai_JAWWNI010000495.1:256504-256856(+)	sample_036.bnk	dar_squam1	92.6
dva_JAWWNG010001449.1:307773-308112(+)	sample_036.bnk	dar_squam1	94.4
dvl_JAIXNF010000413.1:14361778-14362124(-)	sample_036.bnk	dar_squam1	93.3
dvl_JAIXNF010005664.1:167-524(+)	sample_036.bnk	dar_squam1	93.3
nai_JAWWNI010000178.1:564579-564934(+)	sample_036.bnk	dar_squam1	94.1
unp_JAWDKN010000098.1:1081026-1081385(-)	sample_036.bnk	dar_squam1	94.4
nai_JAWWNI010000573.1:726897-727247(+)	sample_036.bnk	dar_squam1	94.3
dva_JAWWNG010000360.1:558015-558355(+)	sample_036.bnk	dar_squam1	94.4
unm_JAWDKO010000065.1:4432854-4433210(-)	sample_036.bnk	dar_squam1	94.3
unp_JAWDKN010000046.1:75943-76274(+)	sample_036.bnk	dar_squam1	93.0
unm_JAWDKO010000021.1:19162873-19163222(+)	sample_036.bnk	dar_squam1	94.2
dva_JAWWNG010003474.1:8432-8784(+)	sample_036.bnk	dar_squam1	94.8
arm_JAWWNF010000281.1:2717601-2717936(+)	sample_036.bnk	dar_squam1	93.4
dva_JAWWNG010000912.1:338753-339110(-)	sample_036.bnk	dar_squam1	93.8
dvl_JAIXNF010025918.1:84087-84442(+)	sample_036.bnk	dar_squam1	95.2
unm_JAWDKO010000049.1:5327263-5327619(-)	sample_036.bnk	dar_squam1	94.4
mix_JAWWNH010000095.1:7468845-7469184(-)	sample_036.bnk	dar_squam1	94.7
mix_JAWWNH010000126.1:1342600-1342951(-)	sample_036.bnk	dar_squam1	93.7
dva_JAWWNG010002245.1:78559-78915(-)	sample_036.bnk	dar_squam1	93.0
unp_JAWDKN010000052.1:5261507-5261853(+)	sample_036.bnk	dar_squam1	92.8
nai_JAWWNI010000297.1:872770-873122(-)	sample_036.bnk	dar_squam1	91.7
unm_JAWDKO010000037.1:22909789-22910129(+)	sample_036.bnk	dar_squam1	93.8
mix_JAWWNH010000173.1:3457166-3457494(-)	sample_036.bnk	dar_squam1	93.0
arm_JAWWNF010000772.1:231969-232312(-)	sample_036.bnk	dar_squam1	93.9
unm_JAWDKO010000065.1:2310434-2310792(+)	sample_036.bnk	dar_squam1	92.7
mix_JAWWNH010000039.1:3921211-3921569(-)	sample_036.bnk	dar_squam1	93.6
unm_JAWDKO010000049.1:2322027-2322370(+)	sample_036.bnk	dar_squam1	94.4
unm_JAWDKO010000049.1:10747318-10747647(-)	sample_037.bnk	dar_squam1	92.7
nai_JAWWNI010000250.1:1618621-1618972(-)	sample_037.bnk	dar_squam1	93.7
arm_JAWWNF010000026.1:1182574-1182930(+)	sample_037.bnk	dar_squam1	93.0
unm_JAWDKO010000013.1:12224661-12225018(+)	sample_037.bnk	dar_squam1	93.2
unm_JAWDKO010000054.1:13580940-13581302(-)	sample_037.bnk	dar_squam1	93.4
dva_JAWWNG010000923.1:714572-714939(+)	sample_037.bnk	dar_squam1	93.5
nai_JAWWNI010000088.1:1061372-1061735(-)	sample_037.bnk	dar_squam1	92.6
unp_JAWDKN010000064.1:16446642-16447003(+)	sample_037.bnk	dar_squam1	91.7
dvl_JAIXNF010000057.1:2520981-2521106(-)	sample_037.bnk	dar_squam1	90.4
unm_JAWDKO010000040.1:3292481-3292844(+)	sample_037.bnk	dar_squam1	91.2
arm_JAWWNF010000202.1:655482-655841(+)	sample_037.bnk	dar_squam1	93.4
arm_JAWWNF010000401.1:896647-897001(-)	sample_037.bnk	dar_squam1	90.7
dvl_JAIXNF010000173.1:1258692-1258933(-)	sample_037.bnk	dar_squam1	93.0
arm_JAWWNF010000019.1:630678-631039(+)	sample_037.bnk	dar_squam1	92.6
dvl_JAIXNF010000195.1:1858455-1858785(-)	sample_037.bnk	dar_squam1	94.7
nai_JAWWNI010000417.1:600554-600916(+)	sample_037.bnk	dar_squam1	93.4
arm_JAWWNF010000169.1:545888-546252(+)	sample_037.bnk	dar_squam1	93.2
mix_JAWWNH010000035.1:9156257-9156609(+)	sample_037.bnk	dar_squam1	94.7
mix_JAWWNH010000014.1:22578640-22579002(+)	sample_037.bnk	dar_squam1	91.7
mix_JAWWNH010000066.1:59230544-59230882(+)	sample_037.bnk	dar_squam1	92.9
arm_JAWWNF010000655.1:2479410-2479776(+)	sample_037.bnk	dar_squam1	92.6
arm_JAWWNF010000169.1:10613892-10614254(+)	sample_037.bnk	dar_squam1	90.6
unp_JAWDKN010000015.1:1169916-1170279(-)	sample_037.bnk	dar_squam1	92.0
unp_JAWDKN010000064.1:13033642-13033999(-)	sample_037.bnk	dar_squam1	93.5
unp_JAWDKN010000177.1:1093248-1093618(-)	sample_037.bnk	dar_squam1	92.9
nai_JAWWNI010001101.1:153139-153497(+)	sample_037.bnk	dar_squam1	94.1
mix_JAWWNH010000074.1:10447367-10447720(-)	sample_037.bnk	dar_squam1	94.9
arm_JAWWNF010000778.1:988720-989073(+)	sample_037.bnk	dar_squam1	94.9
nai_JAWWNI010000681.1:11773264-11773620(-)	sample_037.bnk	dar_squam1	93.5
nai_JAWWNI010000851.1:99229-99586(-)	sample_037.bnk	dar_squam1	93.5
mix_JAWWNH010000030.1:3828811-3829175(-)	sample_037.bnk	dar_squam1	92.1
dva_JAWWNG010000501.1:568056-568407(-)	sample_037.bnk	dar_squam1	93.4
unp_JAWDKN010000166.1:1801896-1802250(+)	sample_037.bnk	dar_squam1	94.3
unp_JAWDKN010000048.1:17115604-17115960(+)	sample_037.bnk	dar_squam1	93.2
dvl_JAIXNF010025316.1:335015-335368(+)	sample_037.bnk	dar_squam1	92.9
nai_JAWWNI010000229.1:2205256-2205604(+)	sample_037.bnk	dar_squam1	94.2
unm_JAWDKO010000006.1:9023602-9023938(+)	sample_037.bnk	dar_squam1	93.7
unm_JAWDKO010000002.1:25609247-25609601(-)	sample_037.bnk	dar_squam1	92.9
unp_JAWDKN010000004.1:5752317-5752649(+)	sample_037.bnk	dar_squam1	94.8
dva_JAWWNG010000508.1:384072-384437(-)	sample_037.bnk	dar_squam1	94.9
arm_JAWWNF010000074.1:3112152-3112491(-)	sample_037.bnk	dar_squam1	93.2
unp_JAWDKN010000069.1:9817757-9818113(-)	sample_037.bnk	dar_squam1	94.1
dva_JAWWNG010001718.1:205357-205715(-)	sample_037.bnk	dar_squam1	93.5
unm_JAWDKO010000012.1:51325891-51326219(+)	sample_037.bnk	dar_squam1	94.2
nai_JAWWNI010000250.1:1024811-1025162(+)	sample_037.bnk	dar_squam1	92.9
dvl_JAIXNF010003682.1:2807-3013(+)	sample_037.bnk	dar_squam1	93.7
unp_JAWDKN010000073.1:4692356-4692694(+)	sample_037.bnk	dar_squam1	93.7
dvl_JAIXNF010000220.1:1196936-1197285(-)	sample_037.bnk	dar_squam1	92.8
nai_JAWWNI010000047.1:2934334-2934686(+)	sample_037.bnk	dar_squam1	95.4
unp_JAWDKN010000077.1:8033863-8034215(-)	sample_037.bnk	dar_squam1	95.1
dvl_JAIXNF010000068.1:1159081-1159438(+)	sample_038.bnk	dar_squam1	92.7
dva_JAWWNG010000147.1:6044585-6044943(+)	sample_038.bnk	dar_squam1	93.3
nai_JAWWNI010000337.1:5588381-5588734(+)	sample_038.bnk	dar_squam1	94.3
unp_JAWDKN010000095.1:2817899-2818251(-)	sample_038.bnk	dar_squam1	94.6
dva_JAWWNG010002738.1:128839-129195(-)	sample_038.bnk	dar_squam1	95.2
dvl_JAIXNF010000433.1:119224-119392(+)	sample_038.bnk	dar_squam1	93.4
mix_JAWWNH010000136.1:3837479-3837814(+)	sample_038.bnk	dar_squam1	94.0
nai_JAWWNI010000240.1:6517998-6518338(-)	sample_038.bnk	dar_squam1	94.1
unm_JAWDKO010000033.1:297379-297736(+)	sample_038.bnk	dar_squam1	93.5
mix_JAWWNH010000001.1:12174854-12175194(-)	sample_038.bnk	dar_squam1	95.0
arm_JAWWNF010000131.1:1301363-1301715(-)	sample_038.bnk	dar_squam1	93.4
arm_JAWWNF010000248.1:3491255-3491611(-)	sample_038.bnk	dar_squam1	93.5
unp_JAWDKN010000068.1:6575953-6576300(-)	sample_038.bnk	dar_squam1	93.1
unp_JAWDKN010000007.1:10427532-10427878(-)	sample_038.bnk	dar_squam1	93.0
dva_JAWWNG010001642.1:122649-122977(-)	sample_038.bnk	dar_squam1	93.9
unm_JAWDKO010000082.1:3494450-3494805(+)	sample_038.bnk	dar_squam1	94.4
dvl_JAIXNF010025734.1:5311853-5312151(-)	sample_038.bnk	dar_squam1	94.3
mix_JAWWNH010000023.1:6806496-6806853(-)	sample_038.bnk	dar_squam1	94.1
arm_JAWWNF010000016.1:2172740-2173095(-)	sample_038.bnk	dar_squam1	93.5
unm_JAWDKO010000006.1:45007587-45007932(-)	sample_038.bnk	dar_squam1	94.2
dvl_JAIXNF010000055.1:4390220-4390568(+)	sample_038.bnk	dar_squam1	92.8
nai_JAWWNI010000153.1:1458515-1458864(-)	sample_038.bnk	dar_squam1	94.3
unp_JAWDKN010000102.1:1844154-1844595(-)	sample_038.bnk	dar_squam1	92.7
mix_JAWWNH010000067.1:7513591-7513948(-)	sample_038.bnk	dar_squam1	93.3
arm_JAWWNF010000995.1:23262-23618(+)	sample_038.bnk	dar_squam1	95.3
unp_JAWDKN010000177.1:167643-167987(+)	sample_038.bnk	dar_squam1	94.8
unp_JAWDKN010000025.1:935068-935407(-)	sample_038.bnk	dar_squam1	95.3
dvl_JAIXNF010000413.1:23893522-23893879(+)	sample_038.bnk	dar_squam1	93.8
arm_JAWWNF010000323.1:1206568-1206916(-)	sample_038.bnk	dar_squam1	94.5
unp_JAWDKN010000069.1:14852770-14853125(+)	sample_038.bnk	dar_squam1	95.1
dvl_JAIXNF010000055.1:4579097-4579438(+)	sample_038.bnk	dar_squam1	94.1
mix_JAWWNH010000018.1:25778884-25779213(-)	sample_038.bnk	dar_squam1	94.2
arm_JAWWNF010000158.1:1085535-1085870(-)	sample_038.bnk	dar_squam1	94.3
dvl_JAIXNF010000118.1:374326-374683(+)	sample_038.bnk	dar_squam1	93.5
dvl_JAIXNF010000635.1:7404712-7405064(-)	sample_038.bnk	dar_squam1	92.9
mix_JAWWNH010000011.1:34468190-34468539(-)	sample_038.bnk	dar_squam1	94.2
unp_JAWDKN010000018.1:7145953-7146288(-)	sample_038.bnk	dar_squam1	92.7
arm_JAWWNF010001136.1:397790-398142(+)	sample_038.bnk	dar_squam1	94.0
dva_JAWWNG010000495.1:2761570-2761930(+)	sample_038.bnk	dar_squam1	94.6
dva_JAWWNG010001146.1:170927-171278(-)	sample_038.bnk	dar_squam1	94.6
nai_JAWWNI010000117.1:160592-160941(+)	sample_038.bnk	dar_squam1	93.1
nai_JAWWNI010000155.1:634591-634948(-)	sample_038.bnk	dar_squam1	92.4
mix_JAWWNH010000018.1:22449558-22449911(+)	sample_038.bnk	dar_squam1	94.0
arm_JAWWNF010000683.1:1354549-1354902(+)	sample_038.bnk	dar_squam1	93.5
unp_JAWDKN010000053.1:12449117-12449466(-)	sample_038.bnk	dar_squam1	94.3
dva_JAWWNG010001187.1:27191-27546(+)	sample_038.bnk	dar_squam1	91.8
dvl_JAIXNF010025847.1:623501-623854(-)	sample_038.bnk	dar_squam1	92.6
dvl_JAIXNF010000330.1:150646-150973(-)	sample_038.bnk	dar_squam1	94.1
arm_JAWWNF010000708.1:48372-48729(+)	sample_038.bnk	dar_squam1	93.3
dva_JAWWNG010001667.1:31768-32125(+)	sample_038.bnk	dar_squam1	93.5
dvl_JAIXNF010000049.1:1591821-1592058(-)	sample_039.bnk	dar_squam1	94.5
dvl_JAIXNF010000170.1:821428-821773(-)	sample_039.bnk	dar_squam1	95.2
unp_JAWDKN010000003.1:36888422-36888776(+)	sample_039.bnk	dar_squam1	94.6
unp_JAWDKN010000048.1:1586375-1586725(-)	sample_039.bnk	dar_squam1	93.7
dvl_JAIXNF010025854.1:25933-26284(-)	sample_039.bnk	dar_squam1	95.4
dvl_JAIXNF010000010.1:3441753-3442104(+)	sample_039.bnk	dar_squam1	94.8
arm_JAWWNF010000227.1:1568205-1568560(+)	sample_039.bnk	dar_squam1	94.3
unm_JAWDKO010000035.1:29483241-29483596(-)	sample_039.bnk	dar_squam1	93.8
dvl_JAIXNF010025784.1:8657417-8657774(-)	sample_039.bnk	dar_squam1	93.3
nai_JAWWNI010000281.1:645080-645432(+)	sample_039.bnk	dar_squam1	93.4
dva_JAWWNG010000424.1:203779-204131(-)	sample_039.bnk	dar_squam1	94.9
nai_JAWWNI010000062.1:862709-863064(-)	sample_039.bnk	dar_squam1	94.6
unm_JAWDKO010000035.1:28804990-28805329(+)	sample_039.bnk	dar_squam1	95.0
arm_JAWWNF010000996.1:960245-960607(-)	sample_039.bnk	dar_squam1	94.0
arm_JAWWNF010000207.1:2922388-2922734(-)	sample_039.bnk	dar_squam1	93.6
nai_JAWWNI010000964.1:548184-548533(-)	sample_039.bnk	dar_squam1	94.8
unp_JAWDKN010000064.1:23620122-23620474(-)	sample_039.bnk	dar_squam1	93.7
unm_JAWDKO010000018.1:45795982-45796323(+)	sample_039.bnk	dar_squam1	93.8
nai_JAWWNI010000042.1:60165-60518(+)	sample_039.bnk	dar_squam1	94.0
nai_JAWWNI010000664.1:477741-478096(+)	sample_039.bnk	dar_squam1	94.3
dva_JAWWNG010001458.1:467952-468324(+)	sample_039.bnk	dar_squam1	92.7
arm_JAWWNF010000401.1:711993-712339(+)	sample_039.bnk	dar_squam1	95.4
unm_JAWDKO010000036.1:16464699-16465054(-)	sample_039.bnk	dar_squam1	93.5
unp_JAWDKN010000069.1:10282410-10282740(+)	sample_039.bnk	dar_squam1	93.9
unp_JAWDKN010000215.1:745590-745946(+)	sample_039.bnk	dar_squam1	94.3
unp_JAWDKN010000066.1:1066862-1067202(+)	sample_039.bnk	dar_squam1	94.4
nai_JAWWNI010000075.1:11060-11399(+)	sample_039.bnk	dar_squam1	94.6
mix_JAWWNH010000010.1:6572469-6572808(-)	sample_039.bnk	dar_squam1	93.8
unm_JAWDKO010000055.1:4522657-4523006(-)	sample_039.bnk	dar_squam1	93.7
dva_JAWWNG010001534.1:279315-279657(+)	sample_039.bnk	dar_squam1	93.8
nai_JAWWNI010000233.1:242739-243129(+)	sample_039.bnk	dar_squam1	94.1
mix_JAWWNH010000088.1:2681826-2682185(-)	sample_039.bnk	dar_squam1	93.0
dvl_JAIXNF010000260.1:375692-376038(+)	sample_039.bnk	dar_squam1	94.2
nai_JAWWNI010000886.1:1385548-1385903(+)	sample_039.bnk	dar_squam1	93.5
mix_JAWWNH010000003.1:8089391-8089733(-)	sample_039.bnk	dar_squam1	92.9
dvl_JAIXNF010000413.1:23110971-23111216(+)	sample_039.bnk	dar_squam1	93.0
dvl_JAIXNF010025610.1:1412123-1412480(+)	sample_039.bnk	dar_squam1	93.5
arm_JAWWNF010000938.1:406987-407358(-)	sample_039.bnk	dar_squam1	94.6
unp_JAWDKN010000115.1:4896378-4896722(+)	sample_039.bnk	dar_squam1	94.2
arm_JAWWNF010000248.1:3984865-3985219(-)	sample_039.bnk	dar_squam1	93.8
nai_JAWWNI010000025.1:1749312-1749667(+)	sample_039.bnk	dar_squam1	93.2
unm_JAWDKO010000072.1:3219929-3220271(-)	sample_039.bnk	dar_squam1	93.5
nai_JAWWNI010000697.1:207668-208019(-)	sample_039.bnk	dar_squam1	93.1
unp_JAWDKN010000053.1:15680966-15681322(+)	sample_039.bnk	dar_squam1	95.2
dva_JAWWNG010000278.1:1422533-1422889(+)	sample_039.bnk	dar_squam1	94.1
nai_JAWWNI010000886.1:728860-729216(-)	sample_039.bnk	dar_squam1	93.8
unm_JAWDKO010000021.1:9016968-9017317(+)	sample_039.bnk	dar_squam1	93.4
dva_JAWWNG010001557.1:410558-410913(+)	sample_039.bnk	dar_squam1	94.6
dvl_JAIXNF010025722.1:1510641-1510991(+)	sample_039.bnk	dar_squam1	94.0
nai_JAWWNI010000032.1:2602377-2602734(+)	sample_039.bnk	dar_squam1	93.5
unm_JAWDKO010000035.1:24917401-24917737(-)	sample_040.bnk	dar_squam1	94.0
dva_JAWWNG010000876.1:227481-227835(+)	sample_040.bnk	dar_squam1	94.9
unp_JAWDKN010000026.1:7726437-7726767(+)	sample_040.bnk	dar_squam1	92.6
dvl_JAIXNF010000537.1:131791-132151(-)	sample_040.bnk	dar_squam1	94.1
dvl_JAIXNF010025818.1:9578060-9578402(-)	sample_040.bnk	dar_squam1	93.8
unm_JAWDKO010000029.1:334505-334863(+)	sample_040.bnk	dar_squam1	94.3
nai_JAWWNI010000636.1:339053-339405(+)	sample_040.bnk	dar_squam1	93.7
dva_JAWWNG010002990.1:169801-170151(-)	sample_040.bnk	dar_squam1	93.4
arm_JAWWNF010000155.1:2083490-2083848(+)	sample_040.bnk	dar_squam1	94.9
nai_JAWWNI010000643.1:1156812-1157165(+)	sample_040.bnk	dar_squam1	95.4
mix_JAWWNH010000064.1:3253316-3253648(+)	sample_040.bnk	dar_squam1	95.1
unp_JAWDKN010000003.1:2729596-2729944(+)	sample_040.bnk	dar_squam1	93.1
nai_JAWWNI010000942.1:470691-471030(+)	sample_040.bnk	dar_squam1	92.9
unp_JAWDKN010000012.1:7143571-7143927(+)	sample_040.bnk	dar_squam1	93.5
unp_JAWDKN010000053.1:11495505-11495842(+)	sample_040.bnk	dar_squam1	94.9
mix_JAWWNH010000224.1:11647823-11648178(+)	sample_040.bnk	dar_squam1	94.4
arm_JAWWNF010000058.1:967608-967955(-)	sample_040.bnk	dar_squam1	93.9
unp_JAWDKN010000049.1:7975139-7975493(+)	sample_040.bnk	dar_squam1	92.9
nai_JAWWNI010000625.1:1034214-1034563(-)	sample_040.bnk	dar_squam1	94.0
arm_JAWWNF010000377.1:2015217-2015575(-)	sample_040.bnk	dar_squam1	94.1
arm_JAWWNF010000404.1:2460096-2460437(-)	sample_040.bnk	dar_squam1	94.7
dva_JAWWNG010000926.1:623931-624275(+)	sample_040.bnk	dar_squam1	95.3
dva_JAWWNG010000046.1:1755755-1756103(+)	sample_040.bnk	dar_squam1	93.4
nai_JAWWNI010000362.1:1831075-1831416(-)	sample_040.bnk	dar_squam1	92.9
mix_JAWWNH010000013.1:7861226-7861583(+)	sample_040.bnk	dar_squam1	94.6
mix_JAWWNH010000023.1:3000366-3000714(-)	sample_040.bnk	dar_squam1	93.9
arm_JAWWNF010000470.1:24248-24605(+)	sample_040.bnk	dar_squam1	94.7
unp_JAWDKN010000026.1:19074958-19075314(+)	sample_040.bnk	dar_squam1	92.7
unp_JAWDKN010000044.1:2314572-2314928(-)	sample_040.bnk	dar_squam1	92.7
unm_JAWDKO010000009.1:7409643-7409997(+)	sample_040.bnk	dar_squam1	93.5
dva_JAWWNG010002079.1:17347-17683(-)	sample_040.bnk	dar_squam1	92.2
dvl_JAIXNF010000335.1:34355-34710(+)	sample_040.bnk	dar_squam1	93.5
mix_JAWWNH010000066.1:12257066-12257414(-)	sample_040.bnk	dar_squam1	93.1
dva_JAWWNG010000320.1:1750020-1750383(+)	sample_040.bnk	dar_squam1	93.5
dvl_JAIXNF010000211.1:949936-950286(+)	sample_040.bnk	dar_squam1	94.0
unp_JAWDKN010000004.1:38017-38358(-)	sample_040.bnk	dar_squam1	93.2
nai_JAWWNI010000207.1:4161975-4162325(+)	sample_040.bnk	dar_squam1	93.1
mix_JAWWNH010000173.1:9470155-9470485(-)	sample_040.bnk	dar_squam1	93.9
mix_JAWWNH010000116.1:2376891-2377242(-)	sample_040.bnk	dar_squam1	93.7
unm_JAWDKO010000011.1:7769784-7770113(-)	sample_040.bnk	dar_squam1	94.1
unm_JAWDKO010000009.1:780035-780365(+)	sample_040.bnk	dar_squam1	94.2
arm_JAWWNF010001063.1:308339-308691(+)	sample_040.bnk	dar_squam1	92.8
dva_JAWWNG010001028.1:515852-516190(+)	sample_040.bnk	dar_squam1	94.0
dva_JAWWNG010000010.1:8667827-8668158(-)	sample_040.bnk	dar_squam1	93.6
nai_JAWWNI010000612.1:1443115-1443453(-)	sample_040.bnk	dar_squam1	94.3
dvl_JAIXNF010000011.1:23358417-23358761(+)	sample_040.bnk	dar_squam1	93.0
arm_JAWWNF010000047.1:4582341-4582692(-)	sample_040.bnk	dar_squam1	93.1
mix_JAWWNH010000121.1:2692142-2692488(-)	sample_040.bnk	dar_squam1	93.3
arm_JAWWNF010000176.1:796660-797003(+)	sample_040.bnk	dar_squam1	94.4
unp_JAWDKN010000107.1:14204648-14205006(-)	sample_040.bnk	dar_squam1	93.3
arm_JAWWNF010000179.1:4746832-4747182(+)	sample_041.bnk	dar_squam1	93.7
dvl_JAIXNF010025581.1:1137639-1137997(-)	sample_041.bnk	dar_squam1	91.3
nai_JAWWNI010000048.1:5541934-5542281(+)	sample_041.bnk	dar_squam1	93.1
nai_JAWWNI010000063.1:25656-26009(+)	sample_041.bnk	dar_squam1	93.5
arm_JAWWNF010000731.1:231831-232184(-)	sample_041.bnk	dar_squam1	94.5
dvl_JAIXNF010000022.1:7260560-7260919(+)	sample_041.bnk	dar_squam1	93.3
dva_JAWWNG010001248.1:54894-55248(+)	sample_041.bnk	dar_squam1	93.8
unp_JAWDKN010000011.1:9723082-9723438(-)	sample_041.bnk	dar_squam1	93.8
unm_JAWDKO010000049.1:41447779-41448116(-)	sample_041.bnk	dar_squam1	93.4
dvl_JAIXNF010000321.1:360795-361147(-)	sample_041.bnk	dar_squam1	92.3
dvl_JAIXNF010025018.1:22778-23019(-)	sample_041.bnk	dar_squam1	92.1
unp_JAWDKN010000067.1:4312914-4313270(-)	sample_041.bnk	dar_squam1	94.1
arm_JAWWNF010000033.1:2010336-2010684(+)	sample_041.bnk	dar_squam1	93.7
dvl_JAIXNF010000333.1:147136-147459(+)	sample_041.bnk	dar_squam1	92.2
dvl_JAIXNF010025405.1:230870-231228(+)	sample_041.bnk	dar_squam1	93.3
nai_JAWWNI010000392.1:3738662-3739010(-)	sample_041.bnk	dar_squam1	94.5
mix_JAWWNH010000112.1:5610169-5610514(+)	sample_041.bnk	dar_squam1	93.6
unp_JAWDKN010000007.1:621285-621641(-)	sample_041.bnk	dar_squam1	94.1
dva_JAWWNG010000431.1:1988382-1988736(+)	sample_041.bnk	dar_squam1	94.3
dvl_JAIXNF010025275.1:245295-245667(-)	sample_041.bnk	dar_squam1	95.8
arm_JAWWNF010000411.1:1047798-1048157(+)	sample_041.bnk	dar_squam1	94.1
arm_JAWWNF010000067.1:8124004-8124373(-)	sample_041.bnk	dar_squam1	92.7
unm_JAWDKO010000049.1:23941048-23941401(+)	sample_041.bnk	dar_squam1	93.4
nai_JAWWNI010001593.1:87080-87430(-)	sample_041.bnk	dar_squam1	92.0
unp_JAWDKN010000070.1:1804548-1804892(+)	sample_041.bnk	dar_squam1	94.2
arm_JAWWNF010000106.1:6924801-6925158(+)	sample_041.bnk	dar_squam1	93.8
dva_JAWWNG010002281.1:94566-94919(+)	sample_041.bnk	dar_squam1	93.0
mix_JAWWNH010000029.1:613717-614053(+)	sample_041.bnk	dar_squam1	92.9
arm_JAWWNF010000047.1:647055-647417(+)	sample_041.bnk	dar_squam1	92.6
dvl_JAIXNF010031591.1:20658-21013(-)	sample_041.bnk	dar_squam1	93.0
dvl_JAIXNF010000155.1:198848-199206(-)	sample_041.bnk	dar_squam1	93.7
unm_JAWDKO010000060.1:9284829-9285186(-)	sample_041.bnk	dar_squam1	93.3
nai_JAWWNI010000331.1:6043222-6043550(-)	sample_041.bnk	dar_squam1	93.3
unm_JAWDKO010000041.1:4018308-4018662(-)	sample_041.bnk	dar_squam1	94.3
unm_JAWDKO010000018.1:44429038-44429395(-)	sample_041.bnk	dar_squam1	93.3
mix_JAWWNH010000005.1:3561987-3562338(+)	sample_041.bnk	dar_squam1	92.3
unp_JAWDKN010000060.1:1668120-1668478(-)	sample_041.bnk	dar_squam1	93.3
unm_JAWDKO010000015.1:8213372-8213715(+)	sample_041.bnk	dar_squam1	93.9
unm_JAWDKO010000010.1:13980670-13981021(-)	sample_041.bnk	dar_squam1	93.4
arm_JAWWNF010000722.1:2393870-2394224(+)	sample_041.bnk	dar_squam1	93.7
arm_JAWWNF010000204.1:340568-340935(-)	sample_041.bnk	dar_squam1	90.7
unm_JAWDKO010000039.1:33223128-33223481(-)	sample_041.bnk	dar_squam1	92.4
unm_JAWDKO010000052.1:10091647-10092002(-)	sample_041.bnk	dar_squam1	93.2
dvl_JAIXNF010000028.1:4207970-4208329(+)	sample_041.bnk	dar_squam1	93.0
dvl_JAIXNF010000071.1:4058631-4058951(+)	sample_041.bnk	dar_squam1	94.0
mix_JAWWNH010000061.1:3694873-3695218(+)	sample_041.bnk	dar_squam1	92.7
dvl_JAIXNF010000047.1:10538471-10538705(-)	sample_041.bnk	dar_squam1	93.1
arm_JAWWNF010000288.1:255377-255734(-)	sample_041.bnk	dar_squam1	91.6
unp_JAWDKN010000117.1:1764045-1764395(+)	sample_041.bnk	dar_squam1	92.8
dva_JAWWNG010003171.1:31366-31723(-)	sample_041.bnk	dar_squam1	92.4
dva_JAWWNG010001527.1:55093-55442(+)	sample_042.bnk	dar_squam1	94.8
mix_JAWWNH010000008.1:4536144-4536489(+)	sample_042.bnk	dar_squam1	94.4
arm_JAWWNF010000202.1:4864365-4864720(+)	sample_042.bnk	dar_squam1	94.6
unp_JAWDKN010000006.1:15737284-15737642(-)	sample_042.bnk	dar_squam1	93.2
dva_JAWWNG010000234.1:1629927-1630285(+)	sample_042.bnk	dar_squam1	93.6
mix_JAWWNH010000011.1:26841520-26841871(+)	sample_042.bnk	dar_squam1	94.1
dva_JAWWNG010000428.1:809192-809548(+)	sample_042.bnk	dar_squam1	93.9
unm_JAWDKO010000037.1:4796573-4796926(-)	sample_042.bnk	dar_squam1	93.5
dva_JAWWNG010001099.1:1212488-1212845(-)	sample_042.bnk	dar_squam1	94.8
dvl_JAIXNF010000067.1:671404-671762(+)	sample_042.bnk	dar_squam1	94.2
arm_JAWWNF010000506.1:444989-445342(+)	sample_042.bnk	dar_squam1	95.6
unp_JAWDKN010000091.1:7524409-7524766(+)	sample_042.bnk	dar_squam1	95.1
arm_JAWWNF010000420.1:6604015-6604372(-)	sample_042.bnk	dar_squam1	94.5
mix_JAWWNH010000017.1:7963899-7964252(-)	sample_042.bnk	dar_squam1	94.7
unp_JAWDKN010000033.1:3573516-3573871(+)	sample_042.bnk	dar_squam1	94.2
nai_JAWWNI010000351.1:179975-180330(+)	sample_042.bnk	dar_squam1	94.8
arm_JAWWNF010000546.1:858877-859230(+)	sample_042.bnk	dar_squam1	94.4
unm_JAWDKO010000036.1:426344-426701(-)	sample_042.bnk	dar_squam1	94.8
unm_JAWDKO010000029.1:783578-783929(+)	sample_042.bnk	dar_squam1	94.7
arm_JAWWNF010000144.1:1430487-1430836(+)	sample_042.bnk	dar_squam1	95.0
arm_JAWWNF010000169.1:10830251-10830608(+)	sample_042.bnk	dar_squam1	94.5
mix_JAWWNH010000050.1:33928494-33928850(+)	sample_042.bnk	dar_squam1	95.7
unp_JAWDKN010000014.1:3044036-3044394(-)	sample_042.bnk	dar_squam1	95.7
dvl_JAIXNF010000362.1:9277459-9277815(+)	sample_042.bnk	dar_squam1	94.5
unp_JAWDKN010000091.1:3788579-3788935(-)	sample_042.bnk	dar_squam1	94.8
unm_JAWDKO010000022.1:3608191-3608548(-)	sample_042.bnk	dar_squam1	94.2
nai_JAWWNI010000287.1:464457-464809(-)	sample_042.bnk	dar_squam1	95.0
mix_JAWWNH010000020.1:924659-925016(-)	sample_042.bnk	dar_squam1	95.4
mix_JAWWNH010000081.1:1091562-1091910(-)	sample_042.bnk	dar_squam1	93.8
unp_JAWDKN010000099.1:1945386-1945736(+)	sample_042.bnk	dar_squam1	95.3
unp_JAWDKN010000064.1:2885216-2885573(-)	sample_042.bnk	dar_squam1	95.4
nai_JAWWNI010000062.1:4172640-4172999(+)	sample_042.bnk	dar_squam1	94.2
unp_JAWDKN010000079.1:1439646-1440004(+)	sample_042.bnk	dar_squam1	95.7
mix_JAWWNH010000198.1:20735-21092(-)	sample_042.bnk	dar_squam1	95.1
arm_JAWWNF010000097.1:6355719-6356070(-)	sample_042.bnk	dar_squam1	94.4
unp_JAWDKN010000003.1:75091317-75091674(+)	sample_042.bnk	dar_squam1	94.5
dvl_JAIXNF010000111.1:1294744-1295099(-)	sample_042.bnk	dar_squam1	94.5
arm_JAWWNF010001212.1:21995-22342(+)	sample_042.bnk	dar_squam1	94.9
unp_JAWDKN010000123.1:1344576-1344919(-)	sample_042.bnk	dar_squam1	93.7
unm_JAWDKO010000006.1:43635526-43635893(+)	sample_042.bnk	dar_squam1	94.1
dvl_JAIXNF010000001.1:27446841-27447192(-)	sample_042.bnk	dar_squam1	93.8
dvl_JAIXNF010000413.1:9660472-9660830(-)	sample_042.bnk	dar_squam1	93.9
arm_JAWWNF010000169.1:3832864-3833216(+)	sample_042.bnk	dar_squam1	93.8
unm_JAWDKO010000049.1:19891492-19891848(+)	sample_042.bnk	dar_squam1	92.8
nai_JAWWNI010000219.1:2720690-2721030(-)	sample_042.bnk	dar_squam1	93.9
nai_JAWWNI010000662.1:870577-870952(+)	sample_042.bnk	dar_squam1	93.9
unm_JAWDKO010000021.1:18459388-18459745(+)	sample_042.bnk	dar_squam1	93.6
mix_JAWWNH010000066.1:48765998-48766348(-)	sample_042.bnk	dar_squam1	95.3
unp_JAWDKN010000048.1:27012977-27013336(-)	sample_042.bnk	dar_squam1	94.5
unm_JAWDKO010000014.1:282282-282636(-)	sample_042.bnk	dar_squam1	94.4
nai_JAWWNI010000178.1:375663-376020(-)	sample_043.bnk	dar_squam1	94.2
dvl_JAIXNF010000189.1:153810-154067(+)	sample_043.bnk	dar_squam1	93.1
arm_JAWWNF010000275.1:1617020-1617375(+)	sample_043.bnk	dar_squam1	94.2
unm_JAWDKO010000035.1:1518232-1518587(-)	sample_043.bnk	dar_squam1	94.2
unp_JAWDKN010000064.1:8856583-8856940(+)	sample_043.bnk	dar_squam1	95.1
dvl_JAIXNF010000188.1:222967-223324(-)	sample_043.bnk	dar_squam1	93.9
arm_JAWWNF010000136.1:79365-79723(+)	sample_043.bnk	dar_squam1	93.4
mix_JAWWNH010000130.1:2680683-2681028(+)	sample_043.bnk	dar_squam1	94.0
dvl_JAIXNF010011774.1:1586-1947(+)	sample_043.bnk	dar_squam1	95.1
arm_JAWWNF010000034.1:2022722-2023074(+)	sample_043.bnk	dar_squam1	93.3
dvl_JAIXNF010007820.1:811-1169(-)	sample_043.bnk	dar_squam1	95.1
unp_JAWDKN010000026.1:21233506-21233865(-)	sample_043.bnk	dar_squam1	94.8
unp_JAWDKN010000192.1:863367-863722(-)	sample_043.bnk	dar_squam1	93.0
nai_JAWWNI010000052.1:21944034-21944391(-)	sample_043.bnk	dar_squam1	92.5
nai_JAWWNI010000273.1:771699-772056(-)	sample_043.bnk	dar_squam1	92.5
nai_JAWWNI010000513.1:146764-147121(+)	sample_043.bnk	dar_squam1	93.3
unp_JAWDKN010000019.1:7134176-7134528(+)	sample_043.bnk	dar_squam1	93.5
dvl_JAIXNF010000090.1:468144-468485(+)	sample_043.bnk	dar_squam1	93.5
unm_JAWDKO010000025.1:28622577-28622929(-)	sample_043.bnk	dar_squam1	94.2
unm_JAWDKO010000047.1:2870998-2871356(+)	sample_043.bnk	dar_squam1	92.2
dvl_JAIXNF010024358.1:425-744(-)	sample_043.bnk	dar_squam1	93.6
mix_JAWWNH010000069.1:812781-813138(+)	sample_043.bnk	dar_squam1	93.8
dva_JAWWNG010000921.1:310477-310832(+)	sample_043.bnk	dar_squam1	91.5
nai_JAWWNI010000713.1:56849-57197(+)	sample_043.bnk	dar_squam1	92.5
unp_JAWDKN010000004.1:3557253-3557604(-)	sample_043.bnk	dar_squam1	92.8
dva_JAWWNG010000002.1:14928352-14928709(-)	sample_043.bnk	dar_squam1	93.2
unp_JAWDKN010000056.1:4156032-4156389(-)	sample_043.bnk	dar_squam1	93.2
nai_JAWWNI010000660.1:401733-402089(+)	sample_043.bnk	dar_squam1	92.4
mix_JAWWNH010000023.1:4091462-4091818(+)	sample_043.bnk	dar_squam1	93.2
unp_JAWDKN010000020.1:3895454-3895807(+)	sample_043.bnk	dar_squam1	93.4
unp_JAWDKN010000057.1:2017912-2018269(+)	sample_043.bnk	dar_squam1	94.6
nai_JAWWNI010000823.1:45916-46269(-)	sample_043.bnk	dar_squam1	93.8
unp_JAWDKN010000070.1:10981035-10981381(+)	sample_043.bnk	dar_squam1	92.8
arm_JAWWNF010000144.1:380639-380991(-)	sample_043.bnk	dar_squam1	91.1
nai_JAWWNI010001171.1:54264-54611(-)	sample_043.bnk	dar_squam1	93.4
dva_JAWWNG010000122.1:4308968-4309331(+)	sample_043.bnk	dar_squam1	91.8
nai_JAWWNI010001023.1:131027-131390(-)	sample_043.bnk	dar_squam1	92.2
mix_JAWWNH010000025.1:1967222-1967550(+)	sample_043.bnk	dar_squam1	93.0
dva_JAWWNG010001415.1:851741-852095(-)	sample_043.bnk	dar_squam1	92.1
nai_JAWWNI010000999.1:851313-851677(-)	sample_043.bnk	dar_squam1	92.0
arm_JAWWNF010000150.1:3463688-3464040(-)	sample_043.bnk	dar_squam1	91.2
mix_JAWWNH010000056.1:16155355-16155708(-)	sample_043.bnk	dar_squam1	94.6
unp_JAWDKN010000018.1:15861956-15862318(-)	sample_043.bnk	dar_squam1	90.9
mix_JAWWNH010000013.1:26365770-26366131(+)	sample_043.bnk	dar_squam1	91.4
arm_JAWWNF010000008.1:1237886-1238225(-)	sample_043.bnk	dar_squam1	91.1
unm_JAWDKO010000077.1:2644181-2644547(-)	sample_043.bnk	dar_squam1	91.3
unm_JAWDKO010000082.1:4803429-4803793(+)	sample_043.bnk	dar_squam1	91.8
unm_JAWDKO010000041.1:9207255-9207613(-)	sample_043.bnk	dar_squam1	92.6
dva_JAWWNG010000897.1:121657-122015(-)	sample_043.bnk	dar_squam1	91.6
mix_JAWWNH010000019.1:5320875-5321237(+)	sample_043.bnk	dar_squam1	91.7
dvl_JAIXNF010000212.1:339978-340272(+)	sample_044.bnk	dar_squam1	93.8
mix_JAWWNH010000055.1:1719242-1719595(+)	sample_044.bnk	dar_squam1	92.1
mix_JAWWNH010000061.1:14090639-14090992(+)	sample_044.bnk	dar_squam1	92.6
unm_JAWDKO010000008.1:674187-674551(-)	sample_044.bnk	dar_squam1	91.5
arm_JAWWNF010000316.1:339809-340162(+)	sample_044.bnk	dar_squam1	93.1
nai_JAWWNI010000576.1:2492752-2493117(-)	sample_044.bnk	dar_squam1	90.4
mix_JAWWNH010000126.1:2060364-2060718(-)	sample_044.bnk	dar_squam1	92.0
arm_JAWWNF010000526.1:790822-791174(-)	sample_044.bnk	dar_squam1	91.8
arm_JAWWNF010000021.1:4108584-4108917(+)	sample_044.bnk	dar_squam1	91.8
dvl_JAIXNF010000222.1:11980795-11981171(+)	sample_044.bnk	dar_squam1	90.9
unp_JAWDKN010000128.1:1079762-1080099(-)	sample_044.bnk	dar_squam1	92.6
dva_JAWWNG010000962.1:1634031-1634392(+)	sample_044.bnk	dar_squam1	92.3
nai_JAWWNI010000096.1:466276-466643(-)	sample_044.bnk	dar_squam1	93.5
mix_JAWWNH010000025.1:3002032-3002398(-)	sample_044.bnk	dar_squam1	93.4
arm_JAWWNF010000332.1:1412395-1412737(-)	sample_044.bnk	dar_squam1	93.9
dvl_JAIXNF010000532.1:97155-97487(-)	sample_044.bnk	dar_squam1	93.3
arm_JAWWNF010000120.1:1868095-1868465(-)	sample_044.bnk	dar_squam1	93.5
unp_JAWDKN010000102.1:3268518-3268856(-)	sample_044.bnk	dar_squam1	93.5
mix_JAWWNH010000001.1:1795459-1795818(+)	sample_044.bnk	dar_squam1	92.2
dvl_JAIXNF010000594.1:94065-94413(+)	sample_044.bnk	dar_squam1	92.2
dva_JAWWNG010000278.1:1700478-1700822(-)	sample_044.bnk	dar_squam1	92.4
mix_JAWWNH010000137.1:1045967-1046334(+)	sample_044.bnk	dar_squam1	91.9
mix_JAWWNH010000029.1:18132411-18132768(+)	sample_044.bnk	dar_squam1	91.9
unm_JAWDKO010000006.1:25545970-25546307(+)	sample_044.bnk	dar_squam1	92.6
mix_JAWWNH010000014.1:23051349-23051711(+)	sample_044.bnk	dar_squam1	91.7
dvl_JAIXNF010031624.1:33007-33374(+)	sample_044.bnk	dar_squam1	92.4
unp_JAWDKN010000003.1:12199147-12199512(-)	sample_044.bnk	dar_squam1	92.6
mix_JAWWNH010000105.1:6936753-6937117(+)	sample_044.bnk	dar_squam1	91.7
dva_JAWWNG010000815.1:360187-360545(+)	sample_044.bnk	dar_squam1	92.1
nai_JAWWNI010001044.1:783197-783553(-)	sample_044.bnk	dar_squam1	91.8
dva_JAWWNG010000956.1:115480-115823(+)	sample_044.bnk	dar_squam1	94.2
dvl_JAIXNF010000171.1:818878-819226(+)	sample_044.bnk	dar_squam1	93.0
mix_JAWWNH010000210.1:1169392-1169744(+)	sample_044.bnk	dar_squam1	92.3
nai_JAWWNI010000717.1:747973-748322(-)	sample_044.bnk	dar_squam1	92.8
mix_JAWWNH010000063.1:13639693-13640043(-)	sample_044.bnk	dar_squam1	92.8
unp_JAWDKN010000077.1:3219292-3219650(-)	sample_044.bnk	dar_squam1	91.6
dva_JAWWNG010000485.1:469865-470222(-)	sample_044.bnk	dar_squam1	93.3
arm_JAWWNF010000899.1:21976-22332(-)	sample_044.bnk	dar_squam1	92.4
dva_JAWWNG010000873.1:25423-25753(-)	sample_044.bnk	dar_squam1	93.0
unp_JAWDKN010000087.1:4814247-4814594(+)	sample_044.bnk	dar_squam1	94.5
unm_JAWDKO010000049.1:47718594-47718949(-)	sample_044.bnk	dar_squam1	93.2
arm_JAWWNF010000712.1:2613-2953(+)	sample_044.bnk	dar_squam1	94.4
dvl_JAIXNF010025617.1:6523-6874(+)	sample_044.bnk	dar_squam1	92.3
dvl_JAIXNF010025721.1:4437532-4437672(-)	sample_044.bnk	dar_squam1	90.6
unm_JAWDKO010000003.1:12928111-12928464(+)	sample_044.bnk	dar_squam1	94.6
unm_JAWDKO010000021.1:1110063-1110420(+)	sample_044.bnk	dar_squam1	93.5
unm_JAWDKO010000088.1:881680-882026(-)	sample_044.bnk	dar_squam1	93.0
unm_JAWDKO010000015.1:2499245-2499602(+)	sample_044.bnk	dar_squam1	93.2
dvl_JAIXNF010000028.1:10568842-10569191(+)	sample_044.bnk	dar_squam1	94.2
nai_JAWWNI010000323.1:245177-245523(-)	sample_044.bnk	dar_squam1	94.8
dvl_JAIXNF010000047.1:2818318-2818671(-)	sample_045.bnk	dar_squam1	94.6
dvl_JAIXNF010023867.1:546-901(-)	sample_045.bnk	dar_squam1	93.2
mix_JAWWNH010000066.1:34097985-34098340(+)	sample_045.bnk	dar_squam1	93.2
arm_JAWWNF010000048.1:2114851-2115218(-)	sample_045.bnk	dar_squam1	91.9
unm_JAWDKO010000039.1:14445025-14445372(-)	sample_045.bnk	dar_squam1	92.5
dvl_JAIXNF010027038.1:3798-4151(+)	sample_045.bnk	dar_squam1	93.7
nai_JAWWNI010000157.1:3022245-3022597(-)	sample_045.bnk	dar_squam1	92.3
arm_JAWWNF010000145.1:474667-474995(+)	sample_045.bnk	dar_squam1	94.1
unm_JAWDKO010000040.1:3924487-3924830(+)	sample_045.bnk	dar_squam1	93.0
arm_JAWWNF010000120.1:1095917-1096272(-)	sample_045.bnk	dar_squam1	93.5
unp_JAWDKN010000099.1:1244314-1244672(-)	sample_045.bnk	dar_squam1	94.4
unp_JAWDKN010000151.1:55197-55548(-)	sample_045.bnk	dar_squam1	94.3
arm_JAWWNF010000120.1:1245400-1245755(-)	sample_045.bnk	dar_squam1	93.5
arm_JAWWNF010001004.1:223748-224112(-)	sample_045.bnk	dar_squam1	92.6
dva_JAWWNG010001627.1:25869-26219(-)	sample_045.bnk	dar_squam1	93.4
mix_JAWWNH010000022.1:4045876-4046218(+)	sample_045.bnk	dar_squam1	93.2
dva_JAWWNG010000769.1:405282-405642(-)	sample_045.bnk	dar_squam1	92.8
dvl_JAIXNF010010786.1:1710-2077(-)	sample_045.bnk	dar_squam1	91.0
unp_JAWDKN010000069.1:733574-733909(+)	sample_045.bnk	dar_squam1	92.9
unm_JAWDKO010000061.1:3945639-3945993(-)	sample_045.bnk	dar_squam1	91.2
mix_JAWWNH010000106.1:7298925-7299277(+)	sample_045.bnk	dar_squam1	93.1
mix_JAWWNH010000019.1:14845097-14845462(+)	sample_045.bnk	dar_squam1	91.7
dva_JAWWNG010001909.1:18279-18638(-)	sample_045.bnk	dar_squam1	94.4
nai_JAWWNI010000368.1:3344402-3344756(-)	sample_045.bnk	dar_squam1	92.1
dvl_JAIXNF010000122.1:801452-801810(+)	sample_045.bnk	dar_squam1	93.0
mix_JAWWNH010000026.1:1793981-1794327(-)	sample_045.bnk	dar_squam1	94.5
unm_JAWDKO010000073.1:8643198-8643553(-)	sample_045.bnk	dar_squam1	94.9
unp_JAWDKN010000012.1:11945751-11946101(-)	sample_045.bnk	dar_squam1	94.6
dvl_JAIXNF010013926.1:1242-1329(+)	sample_045.bnk	dar_squam1	88.4
unp_JAWDKN010000002.1:10327477-10327837(+)	sample_045.bnk	dar_squam1	92.8
unm_JAWDKO010000025.1:34011367-34011722(-)	sample_045.bnk	dar_squam1	91.5
unp_JAWDKN010000044.1:15200430-15200766(+)	sample_045.bnk	dar_squam1	92.5
dvl_JAIXNF010025818.1:7807612-7807978(-)	sample_045.bnk	dar_squam1	91.0
unm_JAWDKO010000048.1:1507789-1508140(+)	sample_045.bnk	dar_squam1	93.4
unm_JAWDKO010000018.1:21372334-21372668(-)	sample_045.bnk	dar_squam1	91.6
unp_JAWDKN010000179.1:439609-439957(+)	sample_045.bnk	dar_squam1	93.1
arm_JAWWNF010000346.1:50320-50682(+)	sample_045.bnk	dar_squam1	90.9
unp_JAWDKN010000056.1:3392442-3392797(+)	sample_045.bnk	dar_squam1	93.5
dva_JAWWNG010000530.1:421235-421577(+)	sample_045.bnk	dar_squam1	91.7
arm_JAWWNF010000244.1:2664700-2665050(-)	sample_045.bnk	dar_squam1	91.1
arm_JAWWNF010000308.1:2717374-2717741(-)	sample_045.bnk	dar_squam1	91.8
mix_JAWWNH010000050.1:2558380-2558741(+)	sample_045.bnk	dar_squam1	91.6
arm_JAWWNF010000663.1:572242-572600(-)	sample_045.bnk	dar_squam1	92.9
unp_JAWDKN010000003.1:10782998-10783363(-)	sample_045.bnk	dar_squam1	92.0
dva_JAWWNG010000873.1:11035-11377(-)	sample_045.bnk	dar_squam1	92.1
arm_JAWWNF010000656.1:1755314-1755669(-)	sample_045.bnk	dar_squam1	93.2
mix_JAWWNH010000050.1:2105057-2105405(+)	sample_045.bnk	dar_squam1	92.8
dvl_JAIXNF010025801.1:5072862-5073160(+)	sample_045.bnk	dar_squam1	91.6
mix_JAWWNH010000056.1:18213794-18214155(-)	sample_045.bnk	dar_squam1	93.7
arm_JAWWNF010000503.1:3503468-3503798(-)	sample_045.bnk	dar_squam1	92.4
dva_JAWWNG010000776.1:121235-121582(+)	sample_046.bnk	dar_squam1	93.4
unm_JAWDKO010000018.1:4575614-4575963(+)	sample_046.bnk	dar_squam1	94.5
dvl_JAIXNF010000044.1:2284533-2284886(+)	sample_046.bnk	dar_squam1	93.5
nai_JAWWNI010000886.1:650230-650585(+)	sample_046.bnk	dar_squam1	93.8
mix_JAWWNH010000188.1:6204405-6204767(-)	sample_046.bnk	dar_squam1	95.1
unp_JAWDKN010000053.1:13425434-13425795(-)	sample_046.bnk	dar_squam1	92.2
nai_JAWWNI010000581.1:56004-56357(-)	sample_046.bnk	dar_squam1	93.4
mix_JAWWNH010000002.1:958089-958441(+)	sample_046.bnk	dar_squam1	93.4
nai_JAWWNI010000333.1:115911-116259(+)	sample_046.bnk	dar_squam1	92.2
dvl_JAIXNF010000407.1:269766-270124(-)	sample_046.bnk	dar_squam1	94.2
mix_JAWWNH010000143.1:609868-610230(+)	sample_046.bnk	dar_squam1	92.0
mix_JAWWNH010000035.1:1689082-1689435(-)	sample_046.bnk	dar_squam1	93.3
arm_JAWWNF010000660.1:1692239-1692587(+)	sample_046.bnk	dar_squam1	91.9
unp_JAWDKN010000093.1:13737398-13737744(+)	sample_046.bnk	dar_squam1	91.9
dvl_JAIXNF010025119.1:70074-70414(+)	sample_046.bnk	dar_squam1	93.2
mix_JAWWNH010000018.1:20640687-20641038(+)	sample_046.bnk	dar_squam1	93.4
dva_JAWWNG010000237.1:120082-120430(-)	sample_046.bnk	dar_squam1	91.7
dva_JAWWNG010000395.1:823747-824107(-)	sample_046.bnk	dar_squam1	90.5
mix_JAWWNH010000038.1:3921216-3921579(-)	sample_046.bnk	dar_squam1	90.9
dvl_JAIXNF010029976.1:44248-44583(+)	sample_046.bnk	dar_squam1	92.6
mix_JAWWNH010000089.1:2836664-2837026(+)	sample_046.bnk	dar_squam1	93.1
arm_JAWWNF010000216.1:3572107-3572456(+)	sample_046.bnk	dar_squam1	91.7
unm_JAWDKO010000008.1:20536715-20537080(+)	sample_046.bnk	dar_squam1	92.3
dvl_JAIXNF010000047.1:10299621-10299977(+)	sample_046.bnk	dar_squam1	91.3
dvl_JAIXNF010000055.1:4620033-4620159(+)	sample_046.bnk	dar_squam1	87.3
nai_JAWWNI010000319.1:949158-949514(+)	sample_046.bnk	dar_squam1	93.5
unm_JAWDKO010000026.1:19533964-19534319(+)	sample_046.bnk	dar_squam1	92.7
unm_JAWDKO010000061.1:6548516-6548862(+)	sample_046.bnk	dar_squam1	93.3
mix_JAWWNH010000060.1:4303130-4303491(+)	sample_046.bnk	dar_squam1	92.6
unm_JAWDKO010000020.1:13922652-13923007(-)	sample_046.bnk	dar_squam1	90.4
unp_JAWDKN010000016.1:9100527-9100879(-)	sample_046.bnk	dar_squam1	90.6
arm_JAWWNF010000135.1:2104112-2104443(+)	sample_046.bnk	dar_squam1	93.9
unp_JAWDKN010000204.1:138981-139331(-)	sample_046.bnk	dar_squam1	92.8
dvl_JAIXNF010000222.1:5950825-5951156(+)	sample_046.bnk	dar_squam1	93.9
unp_JAWDKN010000015.1:17147916-17148266(-)	sample_046.bnk	dar_squam1	93.7
dvl_JAIXNF010000183.1:3869-4217(-)	sample_046.bnk	dar_squam1	93.9
mix_JAWWNH010000155.1:2752852-2753196(+)	sample_046.bnk	dar_squam1	94.1
unp_JAWDKN010000048.1:27859285-27859631(+)	sample_046.bnk	dar_squam1	93.0
nai_JAWWNI010000679.1:3226475-3226833(+)	sample_046.bnk	dar_squam1	91.6
dvl_JAIXNF010025640.1:1401328-1401522(+)	sample_046.bnk	dar_squam1	90.9
arm_JAWWNF010001101.1:204521-204871(-)	sample_046.bnk	dar_squam1	93.4
dva_JAWWNG010000371.1:3186287-3186645(+)	sample_046.bnk	dar_squam1	91.5
dvl_JAIXNF010025628.1:294269-294626(-)	sample_046.bnk	dar_squam1	91.5
nai_JAWWNI010000244.1:15430789-15431138(+)	sample_046.bnk	dar_squam1	92.2
dva_JAWWNG010000023.1:161472-161814(-)	sample_046.bnk	dar_squam1	93.2
dva_JAWWNG010001149.1:184254-184596(-)	sample_046.bnk	dar_squam1	93.2
unp_JAWDKN010000001.1:3158905-3159235(-)	sample_046.bnk	dar_squam1	94.2
dva_JAWWNG010000025.1:1152430-1152780(-)	sample_046.bnk	dar_squam1	92.6
dva_JAWWNG010002737.1:70164-70513(-)	sample_046.bnk	dar_squam1	92.8
dvl_JAIXNF010023251.1:8182-8544(+)	sample_046.bnk	dar_squam1	91.1
dvl_JAIXNF010025279.1:150684-151052(+)	sample_047.bnk	dar_squam1	89.3
mix_JAWWNH010000042.1:7149724-7150071(-)	sample_047.bnk	dar_squam1	91.0
arm_JAWWNF010000203.1:1381208-1381579(+)	sample_047.bnk	dar_squam1	90.4
dvl_JAIXNF010000070.1:8687728-8688034(+)	sample_047.bnk	dar_squam1	91.1
arm_JAWWNF010000701.1:639665-640007(-)	sample_047.bnk	dar_squam1	92.4
mix_JAWWNH010000163.1:3969908-3970252(-)	sample_047.bnk	dar_squam1	92.7
arm_JAWWNF010000037.1:2669260-2669588(+)	sample_047.bnk	dar_squam1	94.5
nai_JAWWNI010000006.1:785996-786354(-)	sample_047.bnk	dar_squam1	92.1
dva_JAWWNG010000977.1:368783-369129(-)	sample_047.bnk	dar_squam1	94.4
dvl_JAIXNF010000045.1:4701044-4701377(+)	sample_047.bnk	dar_squam1	94.0
dva_JAWWNG010000009.1:6771382-6771711(-)	sample_047.bnk	dar_squam1	92.9
unm_JAWDKO010000030.1:2573454-2573814(+)	sample_047.bnk	dar_squam1	94.6
arm_JAWWNF010000180.1:2403764-2404114(-)	sample_047.bnk	dar_squam1	93.4
dva_JAWWNG010000021.1:2662555-2662884(-)	sample_047.bnk	dar_squam1	93.3
dva_JAWWNG010000326.1:271292-271640(-)	sample_047.bnk	dar_squam1	93.3
nai_JAWWNI010001083.1:386449-386782(-)	sample_047.bnk	dar_squam1	94.5
arm_JAWWNF010000394.1:1420312-1420665(+)	sample_047.bnk	dar_squam1	94.0
unp_JAWDKN010000004.1:13022255-13022612(-)	sample_047.bnk	dar_squam1	93.2
unp_JAWDKN010000104.1:2748-3086(-)	sample_047.bnk	dar_squam1	94.6
unm_JAWDKO010000061.1:4018124-4018479(+)	sample_047.bnk	dar_squam1	92.9
unp_JAWDKN010000029.1:4598193-4598534(-)	sample_047.bnk	dar_squam1	92.1
dva_JAWWNG010001185.1:497067-497398(+)	sample_047.bnk	dar_squam1	93.9
dvl_JAIXNF010000040.1:380786-381111(-)	sample_047.bnk	dar_squam1	91.0
mix_JAWWNH010000096.1:2949351-2949699(-)	sample_047.bnk	dar_squam1	93.0
unp_JAWDKN010000029.1:5523148-5523501(-)	sample_047.bnk	dar_squam1	94.5
unp_JAWDKN010000039.1:1295227-1295585(-)	sample_047.bnk	dar_squam1	93.6
unm_JAWDKO010000007.1:8099672-8100017(+)	sample_047.bnk	dar_squam1	94.3
dva_JAWWNG010000702.1:363478-363835(+)	sample_047.bnk	dar_squam1	93.0
dvl_JAIXNF010000215.1:693452-693666(+)	sample_047.bnk	dar_squam1	93.1
nai_JAWWNI010000441.1:385839-386205(-)	sample_047.bnk	dar_squam1	92.1
dvl_JAIXNF010025038.1:158935-159301(+)	sample_047.bnk	dar_squam1	91.5
nai_JAWWNI010000129.1:3501184-3501539(-)	sample_047.bnk	dar_squam1	90.9
dva_JAWWNG010000115.1:292030-292401(-)	sample_047.bnk	dar_squam1	90.5
nai_JAWWNI010000468.1:1250301-1250680(-)	sample_047.bnk	dar_squam1	92.5
mix_JAWWNH010000011.1:39366092-39366453(-)	sample_047.bnk	dar_squam1	91.7
dvl_JAIXNF010000304.1:2546-2915(+)	sample_047.bnk	dar_squam1	92.4
dvl_JAIXNF010000010.1:7029384-7029749(-)	sample_047.bnk	dar_squam1	91.4
mix_JAWWNH010000020.1:9990453-9990804(+)	sample_047.bnk	dar_squam1	93.1
mix_JAWWNH010000126.1:7636444-7636800(+)	sample_047.bnk	dar_squam1	92.4
mix_JAWWNH010000017.1:13235995-13236327(-)	sample_047.bnk	dar_squam1	93.6
dva_JAWWNG010001036.1:1314509-1314906(-)	sample_047.bnk	dar_squam1	94.9
unp_JAWDKN010000053.1:13261843-13262199(+)	sample_047.bnk	dar_squam1	93.5
unp_JAWDKN010000062.1:11652653-11652991(+)	sample_047.bnk	dar_squam1	93.4
nai_JAWWNI010000735.1:435593-435946(+)	sample_047.bnk	dar_squam1	92.9
dvl_JAIXNF010000028.1:21931588-21931938(+)	sample_047.bnk	dar_squam1	92.6
unm_JAWDKO010000070.1:404734-405091(-)	sample_047.bnk	dar_squam1	92.7
arm_JAWWNF010000149.1:1182783-1183138(+)	sample_047.bnk	dar_squam1	92.4
unm_JAWDKO010000006.1:49431219-49431573(+)	sample_047.bnk	dar_squam1	92.3
mix_JAWWNH010000144.1:1027662-1028015(+)	sample_047.bnk	dar_squam1	93.5
unp_JAWDKN010000070.1:11385762-11386094(-)	sample_047.bnk	dar_squam1	93.3
unm_JAWDKO010000009.1:31654987-31655340(+)	sample_048.bnk	dar_squam1	93.2
mix_JAWWNH010000042.1:7828783-7829127(-)	sample_048.bnk	dar_squam1	92.1
nai_JAWWNI010000713.1:491599-491945(+)	sample_048.bnk	dar_squam1	93.9
dva_JAWWNG010001960.1:57206-57572(-)	sample_048.bnk	dar_squam1	92.3
nai_JAWWNI010000125.1:845698-846061(+)	sample_048.bnk	dar_squam1	93.6
mix_JAWWNH010000012.1:737145-737501(-)	sample_048.bnk	dar_squam1	93.5
nai_JAWWNI010000129.1:2514807-2515156(-)	sample_048.bnk	dar_squam1	94.3
mix_JAWWNH010000020.1:12434871-12435236(+)	sample_048.bnk	dar_squam1	94.4
arm_JAWWNF010000841.1:1096617-1096980(+)	sample_048.bnk	dar_squam1	92.6
unp_JAWDKN010000109.1:426518-426875(+)	sample_048.bnk	dar_squam1	93.5
arm_JAWWNF010000117.1:1125910-1126249(-)	sample_048.bnk	dar_squam1	93.2
mix_JAWWNH010000260.1:1455863-1456219(-)	sample_048.bnk	dar_squam1	92.9
dva_JAWWNG010000250.1:494646-495000(+)	sample_048.bnk	dar_squam1	92.6
mix_JAWWNH010000145.1:3762275-3762632(-)	sample_048.bnk	dar_squam1	92.7
dva_JAWWNG010000537.1:946576-946918(+)	sample_048.bnk	dar_squam1	92.4
nai_JAWWNI010000157.1:469341-469693(+)	sample_048.bnk	dar_squam1	93.2
mix_JAWWNH010000060.1:3939155-3939506(+)	sample_048.bnk	dar_squam1	93.4
mix_JAWWNH010000149.1:3403134-3403468(+)	sample_048.bnk	dar_squam1	94.0
arm_JAWWNF010000319.1:782592-782933(-)	sample_048.bnk	dar_squam1	94.1
unp_JAWDKN010000003.1:61586319-61586676(-)	sample_048.bnk	dar_squam1	93.8
arm_JAWWNF010000908.1:777910-778260(-)	sample_048.bnk	dar_squam1	94.0
dva_JAWWNG010000750.1:756181-756526(+)	sample_048.bnk	dar_squam1	93.9
arm_JAWWNF010000152.1:2078596-2078963(+)	sample_048.bnk	dar_squam1	93.5
unp_JAWDKN010000062.1:2370552-2370908(+)	sample_048.bnk	dar_squam1	93.5
nai_JAWWNI010000032.1:3759897-3760251(+)	sample_048.bnk	dar_squam1	93.5
nai_JAWWNI010000301.1:15850089-15850432(-)	sample_048.bnk	dar_squam1	93.0
nai_JAWWNI010000362.1:1799315-1799669(-)	sample_048.bnk	dar_squam1	92.3
dvl_JAIXNF010025551.1:1244701-1245050(-)	sample_048.bnk	dar_squam1	92.2
unm_JAWDKO010000029.1:12959970-12960309(+)	sample_048.bnk	dar_squam1	92.9
unm_JAWDKO010000035.1:22825857-22826185(-)	sample_048.bnk	dar_squam1	93.9
arm_JAWWNF010000498.1:1283499-1283843(-)	sample_048.bnk	dar_squam1	93.1
unp_JAWDKN010000163.1:553318-553669(+)	sample_048.bnk	dar_squam1	93.1
dvl_JAIXNF010025338.1:306075-306257(+)	sample_048.bnk	dar_squam1	91.1
nai_JAWWNI010000796.1:1350831-1351184(-)	sample_048.bnk	dar_squam1	92.6
unp_JAWDKN010000048.1:4898960-4899306(+)	sample_048.bnk	dar_squam1	93.9
unp_JAWDKN010000026.1:6679734-6680080(+)	sample_048.bnk	dar_squam1	92.4
unp_JAWDKN010000036.1:11917477-11917833(-)	sample_048.bnk	dar_squam1	93.2
mix_JAWWNH010000066.1:56507713-56508069(-)	sample_048.bnk	dar_squam1	95.4
arm_JAWWNF010000498.1:615135-615477(-)	sample_048.bnk	dar_squam1	92.9
arm_JAWWNF010000465.1:1177403-1177750(+)	sample_048.bnk	dar_squam1	93.5
dva_JAWWNG010000009.1:12519927-12520281(-)	sample_048.bnk	dar_squam1	93.2
nai_JAWWNI010000302.1:2149315-2149650(-)	sample_048.bnk	dar_squam1	93.1
unp_JAWDKN010000064.1:8349875-8350224(+)	sample_048.bnk	dar_squam1	92.0
dvl_JAIXNF010025801.1:7820225-7820582(+)	sample_048.bnk	dar_squam1	93.0
arm_JAWWNF010000119.1:1501736-1502090(+)	sample_048.bnk	dar_squam1	93.8
dva_JAWWNG010000975.1:595628-595988(+)	sample_048.bnk	dar_squam1	92.6
mix_JAWWNH010000002.1:2350098-2350427(-)	sample_048.bnk	dar_squam1	93.9
unm_JAWDKO010000056.1:2817391-2817740(+)	sample_048.bnk	dar_squam1	94.5
nai_JAWWNI010000283.1:1398571-1398923(-)	sample_048.bnk	dar_squam1	93.2
mix_JAWWNH010000091.1:16950170-16950519(+)	sample_048.bnk	dar_squam1	92.8
unm_JAWDKO010000039.1:12791859-12792213(+)	sample_049.bnk	dar_squam1	92.4
dvl_JAIXNF010000047.1:8951700-8952050(+)	sample_049.bnk	dar_squam1	91.9
mix_JAWWNH010000002.1:3498332-3498694(+)	sample_049.bnk	dar_squam1	92.8
dva_JAWWNG010002147.1:20655-20993(-)	sample_049.bnk	dar_squam1	93.2
unm_JAWDKO010000018.1:40992126-40992473(-)	sample_049.bnk	dar_squam1	92.7
dva_JAWWNG010001502.1:647177-647521(+)	sample_049.bnk	dar_squam1	94.2
mix_JAWWNH010000054.1:27470250-27470602(-)	sample_049.bnk	dar_squam1	93.4
unm_JAWDKO010000009.1:14578638-14578984(+)	sample_049.bnk	dar_squam1	93.3
mix_JAWWNH010000053.1:2526414-2526893(-)	sample_049.bnk	dar_squam1	92.6
dva_JAWWNG010001828.1:37597-37947(+)	sample_049.bnk	dar_squam1	92.3
arm_JAWWNF010000326.1:1883618-1883971(-)	sample_049.bnk	dar_squam1	91.8
unp_JAWDKN010000057.1:9120276-9120632(+)	sample_049.bnk	dar_squam1	91.5
nai_JAWWNI010000975.1:412556-412886(-)	sample_049.bnk	dar_squam1	92.4
unm_JAWDKO010000012.1:42718570-42718913(+)	sample_049.bnk	dar_squam1	91.5
unp_JAWDKN010000124.1:4184686-4185040(-)	sample_049.bnk	dar_squam1	91.2
dvl_JAIXNF010000073.1:1161231-1161576(-)	sample_049.bnk	dar_squam1	94.8
arm_JAWWNF010000520.1:4803237-4803589(-)	sample_049.bnk	dar_squam1	93.7
nai_JAWWNI010000244.1:19896855-19897207(-)	sample_049.bnk	dar_squam1	93.1
mix_JAWWNH010000004.1:2672775-2673258(-)	sample_049.bnk	dar_squam1	92.7
mix_JAWWNH010000019.1:14838700-14839056(+)	sample_049.bnk	dar_squam1	92.7
mix_JAWWNH010000092.1:2732297-2732630(-)	sample_049.bnk	dar_squam1	94.3
arm_JAWWNF010000288.1:1377713-1378050(-)	sample_049.bnk	dar_squam1	93.7
arm_JAWWNF010000171.1:3437298-3437652(+)	sample_049.bnk	dar_squam1	94.1
unm_JAWDKO010000039.1:32250654-32250999(+)	sample_049.bnk	dar_squam1	91.9
unp_JAWDKN010000057.1:1839713-1840060(+)	sample_049.bnk	dar_squam1	92.8
nai_JAWWNI010000640.1:122304-122660(-)	sample_049.bnk	dar_squam1	92.4
dva_JAWWNG010000068.1:489588-489946(+)	sample_049.bnk	dar_squam1	93.8
nai_JAWWNI010000490.1:1247242-1247577(+)	sample_049.bnk	dar_squam1	92.8
nai_JAWWNI010000463.1:207065-207413(-)	sample_049.bnk	dar_squam1	93.0
mix_JAWWNH010000151.1:5231050-5231403(-)	sample_049.bnk	dar_squam1	93.7
unp_JAWDKN010000050.1:10864288-10864643(-)	sample_049.bnk	dar_squam1	93.8
dva_JAWWNG010000349.1:297022-297380(+)	sample_049.bnk	dar_squam1	91.2
dvl_JAIXNF010000044.1:3315749-3316027(-)	sample_049.bnk	dar_squam1	93.5
arm_JAWWNF010000025.1:13241861-13242217(+)	sample_049.bnk	dar_squam1	92.1
mix_JAWWNH010000175.1:337570-337920(+)	sample_049.bnk	dar_squam1	93.1
nai_JAWWNI010000171.1:3314236-3314591(-)	sample_049.bnk	dar_squam1	91.6
dva_JAWWNG010000336.1:1015015-1015358(+)	sample_049.bnk	dar_squam1	93.2
arm_JAWWNF010000307.1:1302009-1302361(-)	sample_049.bnk	dar_squam1	92.6
arm_JAWWNF010000342.1:3439632-3440011(-)	sample_049.bnk	dar_squam1	93.4
unm_JAWDKO010000006.1:53099232-53099568(-)	sample_049.bnk	dar_squam1	92.8
mix_JAWWNH010000124.1:1341155-1341505(-)	sample_049.bnk	dar_squam1	93.4
dva_JAWWNG010000388.1:946176-946520(-)	sample_049.bnk	dar_squam1	93.2
unp_JAWDKN010000070.1:11399523-11399878(-)	sample_049.bnk	dar_squam1	93.5
dvl_JAIXNF010000222.1:14601002-14601352(-)	sample_049.bnk	dar_squam1	93.4
dva_JAWWNG010002468.1:568781-569131(+)	sample_049.bnk	dar_squam1	93.4
nai_JAWWNI010000794.1:38745-39087(-)	sample_049.bnk	dar_squam1	94.6
unm_JAWDKO010000042.1:3274114-3274481(+)	sample_049.bnk	dar_squam1	93.2
dvl_JAIXNF010000291.1:638739-639088(+)	sample_049.bnk	dar_squam1	91.9
unp_JAWDKN010000014.1:10706612-10706961(-)	sample_049.bnk	dar_squam1	92.5
unm_JAWDKO010000008.1:23498262-23498624(+)	sample_049.bnk	dar_squam1	93.2
unm_JAWDKO010000035.1:7997349-7997705(-)	sample_050.bnk	dar_squam1	92.7
dva_JAWWNG010000089.1:1802424-1802769(-)	sample_050.bnk	dar_squam1	93.3
arm_JAWWNF010000138.1:231872-232201(-)	sample_050.bnk	dar_squam1	92.3
unp_JAWDKN010000095.1:1987076-1987428(+)	sample_050.bnk	dar_squam1	94.6
dva_JAWWNG010000078.1:1703815-1704168(+)	sample_050.bnk	dar_squam1	92.9
dvl_JAIXNF010000056.1:5993623-5993978(-)	sample_050.bnk	dar_squam1	93.7
unp_JAWDKN010000107.1:3547811-3548168(-)	sample_050.bnk	dar_squam1	91.6
dva_JAWWNG010001176.1:79161-79509(+)	sample_050.bnk	dar_squam1	91.9
unm_JAWDKO010000083.1:190450-190798(-)	sample_050.bnk	dar_squam1	91.9
mix_JAWWNH010000056.1:2221766-2222119(-)	sample_050.bnk	dar_squam1	94.8
unm_JAWDKO010000077.1:2729949-2730295(-)	sample_050.bnk	dar_squam1	93.3
dva_JAWWNG010002780.1:6794-7158(+)	sample_050.bnk	dar_squam1	93.2
arm_JAWWNF010000416.1:3298364-3298718(-)	sample_050.bnk	dar_squam1	92.1
dva_JAWWNG010003092.1:39293-39646(+)	sample_050.bnk	dar_squam1	93.7
dva_JAWWNG010001657.1:259149-259506(-)	sample_050.bnk	dar_squam1	91.5
nai_JAWWNI010000022.1:3905130-3905484(+)	sample_050.bnk	dar_squam1	92.4
nai_JAWWNI010000196.1:692959-693316(+)	sample_050.bnk	dar_squam1	93.3
arm_JAWWNF010000242.1:801013-801351(+)	sample_050.bnk	dar_squam1	93.2
dva_JAWWNG010000289.1:43796-44161(+)	sample_050.bnk	dar_squam1	93.4
dva_JAWWNG010003099.1:89326-89688(+)	sample_050.bnk	dar_squam1	94.5
mix_JAWWNH010000074.1:21588636-21588985(+)	sample_050.bnk	dar_squam1	92.5
nai_JAWWNI010000673.1:554222-554575(+)	sample_050.bnk	dar_squam1	91.5
mix_JAWWNH010000035.1:5458044-5458386(-)	sample_050.bnk	dar_squam1	90.9
unm_JAWDKO010000012.1:19271295-19271652(-)	sample_050.bnk	dar_squam1	91.6
nai_JAWWNI010000614.1:222867-223224(+)	sample_050.bnk	dar_squam1	91.9
unp_JAWDKN010000021.1:4542347-4542704(-)	sample_050.bnk	dar_squam1	92.1
unm_JAWDKO010000045.1:24597648-24597993(+)	sample_050.bnk	dar_squam1	92.4
arm_JAWWNF010000183.1:4748849-4749183(+)	sample_050.bnk	dar_squam1	93.7
mix_JAWWNH010000018.1:23103370-23103710(-)	sample_050.bnk	dar_squam1	92.3
unp_JAWDKN010000059.1:3546291-3546648(+)	sample_050.bnk	dar_squam1	91.0
dvl_JAIXNF010017891.1:2966-3294(-)	sample_050.bnk	dar_squam1	92.7
arm_JAWWNF010000882.1:74061-74417(-)	sample_050.bnk	dar_squam1	91.8
mix_JAWWNH010000081.1:2060415-2060772(+)	sample_050.bnk	dar_squam1	91.0
dvl_JAIXNF010000078.1:1435270-1435621(+)	sample_050.bnk	dar_squam1	91.4
nai_JAWWNI010000253.1:808933-809290(-)	sample_050.bnk	dar_squam1	90.4
mix_JAWWNH010000135.1:1741983-1742338(-)	sample_050.bnk	dar_squam1	93.2
unp_JAWDKN010000029.1:9720011-9720357(-)	sample_050.bnk	dar_squam1	91.2
unp_JAWDKN010000035.1:10678754-10679110(+)	sample_050.bnk	dar_squam1	90.9
dva_JAWWNG010000360.1:1287534-1287884(+)	sample_050.bnk	dar_squam1	94.0
nai_JAWWNI010000019.1:2071053-2071416(+)	sample_050.bnk	dar_squam1	93.3
unp_JAWDKN010000026.1:18857757-18858097(+)	sample_050.bnk	dar_squam1	92.6
dva_JAWWNG010000026.1:119197-119528(-)	sample_050.bnk	dar_squam1	92.1
dvl_JAIXNF010000010.1:15213843-15214193(-)	sample_050.bnk	dar_squam1	92.3
arm_JAWWNF010000104.1:889438-889783(-)	sample_050.bnk	dar_squam1	92.4
nai_JAWWNI010000221.1:4888557-4888909(-)	sample_050.bnk	dar_squam1	92.5
nai_JAWWNI010000310.1:1086589-1086941(-)	sample_050.bnk	dar_squam1	91.5
mix_JAWWNH010000066.1:31572853-31573207(-)	sample_050.bnk	dar_squam1	91.8
unp_JAWDKN010000060.1:315115-315467(+)	sample_050.bnk	dar_squam1	94.6
nai_JAWWNI010000891.1:941240-941573(-)	sample_050.bnk	dar_squam1	91.2
unp_JAWDKN010000007.1:16359306-16359661(+)	sample_050.bnk	dar_squam1	91.2
unm_JAWDKO010000018.1:4975805-4976157(-)	sample_051.bnk	dar_squam1	92.0
dva_JAWWNG010000009.1:5331901-5332267(-)	sample_051.bnk	dar_squam1	91.0
nai_JAWWNI010001281.1:381683-382042(+)	sample_051.bnk	dar_squam1	91.1
nai_JAWWNI010000219.1:9846999-9847343(+)	sample_051.bnk	dar_squam1	92.7
arm_JAWWNF010000159.1:5556302-5556660(-)	sample_051.bnk	dar_squam1	89.9
dva_JAWWNG010000250.1:8245927-8246274(-)	sample_051.bnk	dar_squam1	92.2
dvl_JAIXNF010000044.1:2661708-2662073(+)	sample_051.bnk	dar_squam1	92.2
unp_JAWDKN010000125.1:1589010-1589352(-)	sample_051.bnk	dar_squam1	91.7
unm_JAWDKO010000018.1:20465639-20466001(+)	sample_051.bnk	dar_squam1	90.2
unm_JAWDKO010000018.1:44733888-44734242(-)	sample_051.bnk	dar_squam1	91.8
dvl_JAIXNF010000047.1:1864099-1864465(-)	sample_051.bnk	dar_squam1	92.6
nai_JAWWNI010000052.1:10877592-10877937(-)	sample_051.bnk	dar_squam1	92.7
mix_JAWWNH010000017.1:20958756-20959108(+)	sample_051.bnk	dar_squam1	94.0
nai_JAWWNI010000532.1:363418-363768(-)	sample_051.bnk	dar_squam1	92.0
unm_JAWDKO010000058.1:1995903-1996233(-)	sample_051.bnk	dar_squam1	90.8
nai_JAWWNI010000852.1:365338-365685(+)	sample_051.bnk	dar_squam1	91.9
unp_JAWDKN010000078.1:2470872-2471221(+)	sample_051.bnk	dar_squam1	93.1
dva_JAWWNG010001636.1:172107-172463(+)	sample_051.bnk	dar_squam1	93.4
mix_JAWWNH010000026.1:3361528-3361859(+)	sample_051.bnk	dar_squam1	92.4
dva_JAWWNG010000898.1:1479068-1479404(-)	sample_051.bnk	dar_squam1	91.3
nai_JAWWNI010000063.1:255051-255401(+)	sample_051.bnk	dar_squam1	93.7
nai_JAWWNI010000499.1:719714-720069(-)	sample_051.bnk	dar_squam1	94.4
unp_JAWDKN010000068.1:1578987-1579316(-)	sample_051.bnk	dar_squam1	92.7
unm_JAWDKO010000041.1:9172759-9173111(+)	sample_051.bnk	dar_squam1	93.7
arm_JAWWNF010000098.1:978302-978653(+)	sample_051.bnk	dar_squam1	91.7
unp_JAWDKN010000033.1:1369382-1369740(-)	sample_051.bnk	dar_squam1	92.0
dva_JAWWNG010000080.1:984008-984362(+)	sample_051.bnk	dar_squam1	93.3
nai_JAWWNI010000305.1:39260-39632(+)	sample_051.bnk	dar_squam1	91.7
arm_JAWWNF010000067.1:6299534-6299880(-)	sample_051.bnk	dar_squam1	93.0
dvl_JAIXNF010000194.1:79043-79365(+)	sample_051.bnk	dar_squam1	92.8
arm_JAWWNF010000195.1:1511036-1511395(-)	sample_051.bnk	dar_squam1	92.7
nai_JAWWNI010000852.1:4474994-4475332(-)	sample_051.bnk	dar_squam1	91.6
mix_JAWWNH010000024.1:13119359-13119709(-)	sample_051.bnk	dar_squam1	91.9
mix_JAWWNH010000060.1:7351753-7352109(-)	sample_051.bnk	dar_squam1	93.4
dvl_JAIXNF010000078.1:916105-916458(-)	sample_051.bnk	dar_squam1	93.7
dva_JAWWNG010001255.1:1306294-1306653(-)	sample_051.bnk	dar_squam1	92.6
dvl_JAIXNF010000001.1:10706510-10706858(-)	sample_051.bnk	dar_squam1	91.9
dvl_JAIXNF010027335.1:5734-6100(+)	sample_051.bnk	dar_squam1	90.1
unm_JAWDKO010000025.1:54114368-54114721(-)	sample_051.bnk	dar_squam1	92.1
unp_JAWDKN010000035.1:20854245-20854605(-)	sample_051.bnk	dar_squam1	89.9
unm_JAWDKO010000018.1:32514472-32514833(+)	sample_051.bnk	dar_squam1	90.3
nai_JAWWNI010000907.1:90533-90881(+)	sample_051.bnk	dar_squam1	92.0
arm_JAWWNF010000439.1:2070113-2070451(-)	sample_051.bnk	dar_squam1	92.3
arm_JAWWNF010000891.1:520831-521199(-)	sample_051.bnk	dar_squam1	89.5
dvl_JAIXNF010000112.1:1112066-1112421(-)	sample_051.bnk	dar_squam1	90.4
dva_JAWWNG010003376.1:882-1222(-)	sample_051.bnk	dar_squam1	91.8
unp_JAWDKN010000001.1:12133010-12133365(-)	sample_051.bnk	dar_squam1	91.0
dva_JAWWNG010000244.1:81755-82088(+)	sample_051.bnk	dar_squam1	91.6
nai_JAWWNI010000383.1:1237248-1237616(-)	sample_051.bnk	dar_squam1	90.7
mix_JAWWNH010000133.1:4017638-4017989(+)	sample_051.bnk	dar_squam1	91.5
dva_JAWWNG010001485.1:31567-31913(+)	sample_052.bnk	dar_squam1	91.9
unm_JAWDKO010000045.1:18945850-18946214(-)	sample_052.bnk	dar_squam1	92.6
nai_JAWWNI010000662.1:647742-648083(-)	sample_052.bnk	dar_squam1	91.5
nai_JAWWNI010000361.1:642118-642471(-)	sample_052.bnk	dar_squam1	91.5
unm_JAWDKO010000054.1:6162225-6162578(+)	sample_052.bnk	dar_squam1	92.3
arm_JAWWNF010000001.1:19210030-19210390(+)	sample_052.bnk	dar_squam1	90.8
unm_JAWDKO010000016.1:451389-451749(+)	sample_052.bnk	dar_squam1	91.4
unm_JAWDKO010000020.1:25069542-25069892(+)	sample_052.bnk	dar_squam1	90.5
dvl_JAIXNF010025721.1:2733530-2733888(-)	sample_052.bnk	dar_squam1	93.1
arm_JAWWNF010000725.1:1190158-1190526(-)	sample_052.bnk	dar_squam1	92.4
dvl_JAIXNF010000318.1:3113731-3114099(-)	sample_052.bnk	dar_squam1	93.3
mix_JAWWNH010000176.1:6391021-6391373(-)	sample_052.bnk	dar_squam1	91.4
dvl_JAIXNF010023656.1:12672-13038(-)	sample_052.bnk	dar_squam1	92.7
nai_JAWWNI010000320.1:277160-277503(+)	sample_052.bnk	dar_squam1	94.0
unp_JAWDKN010000124.1:1967537-1967901(-)	sample_052.bnk	dar_squam1	92.4
unp_JAWDKN010000061.1:20207196-20207557(-)	sample_052.bnk	dar_squam1	91.9
unp_JAWDKN010000018.1:3847358-3847703(+)	sample_052.bnk	dar_squam1	92.5
dvl_JAIXNF010025700.1:79868-80230(+)	sample_052.bnk	dar_squam1	91.5
nai_JAWWNI010000182.1:837659-838023(-)	sample_052.bnk	dar_squam1	93.2
dva_JAWWNG010001014.1:97850-98212(+)	sample_052.bnk	dar_squam1	92.9
arm_JAWWNF010000511.1:1199813-1200181(-)	sample_052.bnk	dar_squam1	90.2
unp_JAWDKN010000069.1:1667291-1667621(-)	sample_052.bnk	dar_squam1	91.5
arm_JAWWNF010000106.1:4690337-4690697(-)	sample_052.bnk	dar_squam1	92.6
arm_JAWWNF010000121.1:390661-391022(-)	sample_052.bnk	dar_squam1	91.4
unm_JAWDKO010000025.1:17795010-17795375(+)	sample_052.bnk	dar_squam1	92.3
dvl_JAIXNF010025682.1:1850684-1851042(-)	sample_052.bnk	dar_squam1	91.1
dvl_JAIXNF010000066.1:1287859-1288219(+)	sample_052.bnk	dar_squam1	90.5
mix_JAWWNH010000001.1:11882761-11883118(-)	sample_052.bnk	dar_squam1	92.6
arm_JAWWNF010000427.1:472845-473196(-)	sample_052.bnk	dar_squam1	92.0
mix_JAWWNH010000066.1:32852862-32853200(-)	sample_052.bnk	dar_squam1	92.0
unm_JAWDKO010000012.1:54793563-54793918(+)	sample_052.bnk	dar_squam1	93.1
arm_JAWWNF010000319.1:2800594-2800939(+)	sample_052.bnk	dar_squam1	92.1
nai_JAWWNI010000210.1:352337-352671(-)	sample_052.bnk	dar_squam1	90.4
mix_JAWWNH010000066.1:58358702-58359063(+)	sample_052.bnk	dar_squam1	90.2
mix_JAWWNH010000111.1:2231185-2231551(+)	sample_052.bnk	dar_squam1	91.0
dva_JAWWNG010000388.1:3137551-3137901(-)	sample_052.bnk	dar_squam1	92.9
dvl_JAIXNF010031136.1:13814-14176(-)	sample_052.bnk	dar_squam1	90.8
nai_JAWWNI010000180.1:1933438-1933788(-)	sample_052.bnk	dar_squam1	92.5
mix_JAWWNH010000055.1:388785-389147(+)	sample_052.bnk	dar_squam1	92.7
unp_JAWDKN010000117.1:205484-205892(-)	sample_052.bnk	dar_squam1	92.7
unm_JAWDKO010000006.1:72048829-72049193(+)	sample_052.bnk	dar_squam1	93.5
arm_JAWWNF010000169.1:6962836-6963177(-)	sample_052.bnk	dar_squam1	91.8
unm_JAWDKO010000052.1:10080321-10080679(-)	sample_052.bnk	dar_squam1	91.5
dva_JAWWNG010000608.1:355857-356226(-)	sample_052.bnk	dar_squam1	90.2
arm_JAWWNF010000665.1:168537-168882(+)	sample_052.bnk	dar_squam1	92.5
arm_JAWWNF010000085.1:2388442-2388803(-)	sample_052.bnk	dar_squam1	90.6
dva_JAWWNG010000245.1:795926-796263(+)	sample_052.bnk	dar_squam1	89.4
dva_JAWWNG010000255.1:1066525-1066912(+)	sample_052.bnk	dar_squam1	91.0
arm_JAWWNF010000377.1:4333742-4334098(-)	sample_052.bnk	dar_squam1	91.5
dva_JAWWNG010000064.1:106138-106508(-)	sample_052.bnk	dar_squam1	90.2
dvl_JAIXNF010000027.1:7354907-7355051(+)	sample_053.bnk	dar_squam1	89.6
arm_JAWWNF010000590.1:1595832-1596183(-)	sample_053.bnk	dar_squam1	89.4
dvl_JAIXNF010000137.1:625833-626061(+)	sample_053.bnk	dar_squam1	92.4
arm_JAWWNF010000159.1:2258449-2258817(+)	sample_053.bnk	dar_squam1	92.4
nai_JAWWNI010000903.1:365038-365381(+)	sample_053.bnk	dar_squam1	91.7
nai_JAWWNI010000452.1:3115539-3115907(-)	sample_053.bnk	dar_squam1	91.5
unp_JAWDKN010000076.1:175683-176044(-)	sample_053.bnk	dar_squam1	92.2
unm_JAWDKO010000052.1:6428599-6428969(+)	sample_053.bnk	dar_squam1	89.6
dva_JAWWNG010002413.1:57320-57691(-)	sample_053.bnk	dar_squam1	91.3
nai_JAWWNI010001064.1:240296-240645(+)	sample_053.bnk	dar_squam1	92.1
dva_JAWWNG010000941.1:81919-82282(+)	sample_053.bnk	dar_squam1	93.4
dvl_JAIXNF010000133.1:323409-323721(+)	sample_053.bnk	dar_squam1	93.4
unp_JAWDKN010000021.1:2963173-2963543(+)	sample_053.bnk	dar_squam1	91.9
unm_JAWDKO010000073.1:13257474-13257822(-)	sample_053.bnk	dar_squam1	91.3
dvl_JAIXNF010000134.1:429623-429837(+)	sample_053.bnk	dar_squam1	87.7
unp_JAWDKN010000007.1:3050545-3050932(+)	sample_053.bnk	dar_squam1	91.6
unm_JAWDKO010000012.1:36081707-36082088(-)	sample_053.bnk	dar_squam1	91.4
mix_JAWWNH010000004.1:9793138-9793499(+)	sample_053.bnk	dar_squam1	91.9
dvl_JAIXNF010025744.1:37284-37514(-)	sample_053.bnk	dar_squam1	91.1
unm_JAWDKO010000025.1:57674788-57675150(-)	sample_053.bnk	dar_squam1	92.2
arm_JAWWNF010000033.1:7588175-7588544(+)	sample_053.bnk	dar_squam1	90.1
arm_JAWWNF010000256.1:3589954-3590317(-)	sample_053.bnk	dar_squam1	90.5
arm_JAWWNF010000693.1:485563-485901(-)	sample_053.bnk	dar_squam1	92.3
unm_JAWDKO010000040.1:12523182-12523555(+)	sample_053.bnk	dar_squam1	91.5
dva_JAWWNG010001281.1:1557050-1557422(+)	sample_053.bnk	dar_squam1	90.2
dvl_JAIXNF010000059.1:1185594-1185911(-)	sample_053.bnk	dar_squam1	92.4
arm_JAWWNF010000126.1:1975757-1976120(+)	sample_053.bnk	dar_squam1	90.5
unp_JAWDKN010000011.1:17526149-17526516(-)	sample_053.bnk	dar_squam1	91.4
mix_JAWWNH010000027.1:4479176-4479546(+)	sample_053.bnk	dar_squam1	92.7
dvl_JAIXNF010000265.1:1693463-1693772(-)	sample_053.bnk	dar_squam1	90.8
unm_JAWDKO010000043.1:7104099-7104456(+)	sample_053.bnk	dar_squam1	91.8
mix_JAWWNH010000030.1:13914014-13914379(-)	sample_053.bnk	dar_squam1	91.5
mix_JAWWNH010000047.1:2743246-2743605(+)	sample_053.bnk	dar_squam1	90.8
dva_JAWWNG010000092.1:285077-285410(-)	sample_053.bnk	dar_squam1	89.5
arm_JAWWNF010000034.1:5418821-5419211(-)	sample_053.bnk	dar_squam1	88.2
dva_JAWWNG010001485.1:152068-152436(-)	sample_053.bnk	dar_squam1	91.8
unp_JAWDKN010000048.1:15399800-15400188(+)	sample_053.bnk	dar_squam1	91.2
dva_JAWWNG010000431.1:671635-672014(-)	sample_053.bnk	dar_squam1	89.9
mix_JAWWNH010000003.1:16850458-16850813(+)	sample_053.bnk	dar_squam1	88.5
dvl_JAIXNF010000025.1:14643389-14643754(+)	sample_053.bnk	dar_squam1	90.3
nai_JAWWNI010000239.1:3776146-3776515(-)	sample_053.bnk	dar_squam1	90.0
dvl_JAIXNF010000144.1:12053786-12054127(+)	sample_053.bnk	dar_squam1	89.7
mix_JAWWNH010000073.1:3195783-3196117(-)	sample_053.bnk	dar_squam1	92.1
mix_JAWWNH010000018.1:12553189-12553571(-)	sample_053.bnk	dar_squam1	91.4
arm_JAWWNF010000414.1:2468964-2469325(-)	sample_053.bnk	dar_squam1	90.4
arm_JAWWNF010000183.1:3362621-3363008(-)	sample_053.bnk	dar_squam1	88.5
dvl_JAIXNF010000011.1:16991349-16991732(+)	sample_053.bnk	dar_squam1	89.8
nai_JAWWNI010000459.1:2026433-2026823(-)	sample_053.bnk	dar_squam1	88.7
unm_JAWDKO010000001.1:17568420-17568791(-)	sample_053.bnk	dar_squam1	89.5
dvl_JAIXNF010025754.1:1787923-1788197(-)	sample_053.bnk	dar_squam1	91.8
mix_JAWWNH010000017.1:11898994-11899364(-)	sample_054.bnk	dar_squam1	90.4
nai_JAWWNI010000802.1:494061-494435(-)	sample_054.bnk	dar_squam1	91.6
mix_JAWWNH010000074.1:21796459-21796789(+)	sample_054.bnk	dar_squam1	93.0
unm_JAWDKO010000018.1:12764133-12764508(-)	sample_054.bnk	dar_squam1	90.9
dva_JAWWNG010000711.1:407619-407988(+)	sample_054.bnk	dar_squam1	91.1
arm_JAWWNF010000016.1:1762034-1762415(+)	sample_054.bnk	dar_squam1	90.5
dva_JAWWNG010001163.1:16776-17138(-)	sample_054.bnk	dar_squam1	90.2
unp_JAWDKN010000006.1:15694617-15694986(+)	sample_054.bnk	dar_squam1	90.6
dva_JAWWNG010000451.1:494979-495343(+)	sample_054.bnk	dar_squam1	89.7
dva_JAWWNG010001226.1:376641-376997(-)	sample_054.bnk	dar_squam1	90.9
unm_JAWDKO010000045.1:9749392-9749751(-)	sample_054.bnk	dar_squam1	90.7
unm_JAWDKO010000022.1:8887412-8887774(+)	sample_054.bnk	dar_squam1	89.6
unp_JAWDKN010000026.1:10934877-10935219(+)	sample_054.bnk	dar_squam1	92.0
dva_JAWWNG010002789.1:140620-140962(-)	sample_054.bnk	dar_squam1	92.2
nai_JAWWNI010001005.1:340315-340694(-)	sample_054.bnk	dar_squam1	89.7
unp_JAWDKN010000117.1:3822479-3822885(-)	sample_054.bnk	dar_squam1	89.9
mix_JAWWNH010000062.1:5786354-5786714(+)	sample_054.bnk	dar_squam1	89.9
arm_JAWWNF010000307.1:345919-346287(+)	sample_054.bnk	dar_squam1	89.1
mix_JAWWNH010000089.1:3178839-3179176(-)	sample_054.bnk	dar_squam1	90.4
unm_JAWDKO010000039.1:18586128-18586497(-)	sample_054.bnk	dar_squam1	89.0
mix_JAWWNH010000151.1:2135611-2135973(-)	sample_054.bnk	dar_squam1	89.0
dvl_JAIXNF010025784.1:9582181-9582539(+)	sample_054.bnk	dar_squam1	91.0
dvl_JAIXNF010000424.1:30351-30717(-)	sample_054.bnk	dar_squam1	91.0
arm_JAWWNF010000655.1:28501-28856(+)	sample_054.bnk	dar_squam1	92.2
nai_JAWWNI010000022.1:5827622-5827976(-)	sample_054.bnk	dar_squam1	89.7
arm_JAWWNF010000449.1:664534-664893(+)	sample_054.bnk	dar_squam1	91.6
dvl_JAIXNF010000130.1:3534975-3535338(-)	sample_054.bnk	dar_squam1	89.7
nai_JAWWNI010000062.1:5268100-5268450(-)	sample_054.bnk	dar_squam1	90.5
mix_JAWWNH010000013.1:41747246-41747608(+)	sample_054.bnk	dar_squam1	90.8
arm_JAWWNF010000260.1:895082-895431(-)	sample_054.bnk	dar_squam1	90.7
unm_JAWDKO010000009.1:24557425-24557789(-)	sample_054.bnk	dar_squam1	89.5
arm_JAWWNF010000709.1:202965-203305(+)	sample_054.bnk	dar_squam1	91.2
unp_JAWDKN010000045.1:2930070-2930440(-)	sample_054.bnk	dar_squam1	91.7
arm_JAWWNF010000362.1:780887-781234(-)	sample_054.bnk	dar_squam1	91.0
dva_JAWWNG010000002.1:287225-287586(-)	sample_054.bnk	dar_squam1	89.1
unm_JAWDKO010000025.1:26564444-26564796(-)	sample_054.bnk	dar_squam1	89.2
unp_JAWDKN010000003.1:80922981-80923332(+)	sample_054.bnk	dar_squam1	88.0
dva_JAWWNG010000038.1:7929199-7929573(-)	sample_054.bnk	dar_squam1	90.9
unp_JAWDKN010000110.1:2088148-2088515(-)	sample_054.bnk	dar_squam1	91.2
dva_JAWWNG010000056.1:1628965-1629318(-)	sample_054.bnk	dar_squam1	90.6
dvl_JAIXNF010012636.1:1275-1581(+)	sample_054.bnk	dar_squam1	92.5
dva_JAWWNG010001909.1:444339-444683(-)	sample_054.bnk	dar_squam1	93.3
dva_JAWWNG010002176.1:1280693-1281036(-)	sample_054.bnk	dar_squam1	93.2
arm_JAWWNF010000579.1:1603739-1604128(-)	sample_054.bnk	dar_squam1	92.1
mix_JAWWNH010000063.1:10008659-10009014(-)	sample_054.bnk	dar_squam1	92.7
dvl_JAIXNF010000532.1:1415000-1415357(+)	sample_054.bnk	dar_squam1	91.5
unm_JAWDKO010000007.1:11285064-11285409(+)	sample_054.bnk	dar_squam1	91.2
dva_JAWWNG010000061.1:773-1128(-)	sample_054.bnk	dar_squam1	90.4
dvl_JAIXNF010025119.1:191866-192212(+)	sample_054.bnk	dar_squam1	91.6
dvl_JAIXNF010025435.1:3021-3374(+)	sample_054.bnk	dar_squam1	91.5
dvl_JAIXNF010000162.1:464489-464851(-)	sample_055.bnk	dar_squam1	89.7
dvl_JAIXNF010000025.1:9837507-9837862(-)	sample_055.bnk	dar_squam1	91.5
unm_JAWDKO010000025.1:12935492-12935841(-)	sample_055.bnk	dar_squam1	91.7
mix_JAWWNH010000066.1:37691316-37691659(+)	sample_055.bnk	dar_squam1	92.1
dvl_JAIXNF010000158.1:777708-778064(+)	sample_055.bnk	dar_squam1	91.5
dva_JAWWNG010000069.1:693959-694331(-)	sample_055.bnk	dar_squam1	91.5
unp_JAWDKN010000090.1:1249137-1249509(-)	sample_055.bnk	dar_squam1	89.3
dvl_JAIXNF010000064.1:2195757-2196018(-)	sample_055.bnk	dar_squam1	92.2
unm_JAWDKO010000006.1:72386644-72386996(-)	sample_055.bnk	dar_squam1	90.9
nai_JAWWNI010000047.1:3923344-3923674(-)	sample_055.bnk	dar_squam1	91.2
mix_JAWWNH010000095.1:4255065-4255396(-)	sample_055.bnk	dar_squam1	93.1
unm_JAWDKO010000003.1:1310642-1311002(+)	sample_055.bnk	dar_squam1	92.5
nai_JAWWNI010000331.1:730601-730967(+)	sample_055.bnk	dar_squam1	91.2
unm_JAWDKO010000018.1:18611290-18611650(+)	sample_055.bnk	dar_squam1	90.2
dva_JAWWNG010000501.1:348568-348911(-)	sample_055.bnk	dar_squam1	93.5
dva_JAWWNG010001911.1:746344-746693(-)	sample_055.bnk	dar_squam1	92.8
dva_JAWWNG010000717.1:345789-346146(-)	sample_055.bnk	dar_squam1	92.6
nai_JAWWNI010000052.1:27058061-27058395(-)	sample_055.bnk	dar_squam1	92.5
arm_JAWWNF010000126.1:6351230-6351577(-)	sample_055.bnk	dar_squam1	90.9
unm_JAWDKO010000021.1:24522090-24522447(-)	sample_055.bnk	dar_squam1	91.9
nai_JAWWNI010000331.1:3163208-3163563(+)	sample_055.bnk	dar_squam1	91.5
unm_JAWDKO010000058.1:33256516-33256866(+)	sample_055.bnk	dar_squam1	91.9
nai_JAWWNI010000035.1:1196583-1196916(-)	sample_055.bnk	dar_squam1	91.7
dva_JAWWNG010001019.1:389113-389468(+)	sample_055.bnk	dar_squam1	91.8
dvl_JAIXNF010000082.1:26510-26867(+)	sample_055.bnk	dar_squam1	92.7
dvl_JAIXNF010000022.1:2566371-2566725(-)	sample_055.bnk	dar_squam1	91.5
dvl_JAIXNF010000022.1:713252-713604(-)	sample_055.bnk	dar_squam1	92.0
arm_JAWWNF010000085.1:1381882-1382247(-)	sample_055.bnk	dar_squam1	91.8
arm_JAWWNF010000365.1:1034110-1034449(-)	sample_055.bnk	dar_squam1	92.9
unm_JAWDKO010000030.1:2534924-2535274(-)	sample_055.bnk	dar_squam1	93.3
mix_JAWWNH010000115.1:725296-725664(-)	sample_055.bnk	dar_squam1	90.1
unm_JAWDKO010000021.1:8517550-8517893(-)	sample_055.bnk	dar_squam1	92.6
dva_JAWWNG010000088.1:1926316-1926661(-)	sample_055.bnk	dar_squam1	91.3
nai_JAWWNI010000052.1:14083148-14083497(-)	sample_055.bnk	dar_squam1	92.8
mix_JAWWNH010000072.1:13468063-13468399(-)	sample_055.bnk	dar_squam1	90.7
unp_JAWDKN010000091.1:3000633-3000990(+)	sample_055.bnk	dar_squam1	92.4
arm_JAWWNF010000086.1:4593416-4593783(-)	sample_055.bnk	dar_squam1	90.7
nai_JAWWNI010000276.1:337754-338109(-)	sample_055.bnk	dar_squam1	91.2
arm_JAWWNF010000097.1:9505495-9505835(-)	sample_055.bnk	dar_squam1	91.7
mix_JAWWNH010000006.1:2216338-2216669(+)	sample_055.bnk	dar_squam1	93.6
arm_JAWWNF010000202.1:2520021-2520372(-)	sample_055.bnk	dar_squam1	92.3
nai_JAWWNI010001117.1:156343-156699(-)	sample_055.bnk	dar_squam1	92.7
mix_JAWWNH010000242.1:4308842-4309172(-)	sample_055.bnk	dar_squam1	93.0
dvl_JAIXNF010000317.1:431400-431734(+)	sample_055.bnk	dar_squam1	93.1
mix_JAWWNH010000029.1:57217771-57218123(+)	sample_055.bnk	dar_squam1	92.0
unp_JAWDKN010000003.1:40787763-40788092(-)	sample_055.bnk	dar_squam1	93.9
unm_JAWDKO010000011.1:17910808-17911159(-)	sample_055.bnk	dar_squam1	93.3
nai_JAWWNI010000062.1:13471149-13471496(-)	sample_055.bnk	dar_squam1	92.3
unp_JAWDKN010000089.1:96912-97348(-)	sample_055.bnk	dar_squam1	92.0
unm_JAWDKO010000012.1:2896669-2897025(-)	sample_055.bnk	dar_squam1	92.1
dvl_JAIXNF010000219.1:622706-623032(-)	sample_056.bnk	dar_squam1	94.7
mix_JAWWNH010000188.1:868092-868436(+)	sample_056.bnk	dar_squam1	93.3
unp_JAWDKN010000107.1:10982056-10982408(+)	sample_056.bnk	dar_squam1	91.5
nai_JAWWNI010000774.1:738044-738391(+)	sample_056.bnk	dar_squam1	91.9
dva_JAWWNG010001039.1:67002-67373(-)	sample_056.bnk	dar_squam1	92.6
nai_JAWWNI010000482.1:215552-215906(-)	sample_056.bnk	dar_squam1	92.9
unm_JAWDKO010000016.1:6054685-6055041(-)	sample_056.bnk	dar_squam1	93.2
nai_JAWWNI010000071.1:9977-10340(+)	sample_056.bnk	dar_squam1	91.6
dva_JAWWNG010000897.1:361392-361741(-)	sample_056.bnk	dar_squam1	92.5
nai_JAWWNI010000520.1:387261-387612(+)	sample_056.bnk	dar_squam1	92.9
nai_JAWWNI010000499.1:11312-11645(-)	sample_056.bnk	dar_squam1	91.3
dva_JAWWNG010000090.1:15084280-15084626(+)	sample_056.bnk	dar_squam1	92.4
nai_JAWWNI010000892.1:210446-210817(-)	sample_056.bnk	dar_squam1	91.8
arm_JAWWNF010000558.1:195783-196142(+)	sample_056.bnk	dar_squam1	90.9
arm_JAWWNF010000086.1:2144195-2144545(-)	sample_056.bnk	dar_squam1	92.3
unp_JAWDKN010000095.1:2046110-2046454(-)	sample_056.bnk	dar_squam1	93.5
unp_JAWDKN010000017.1:8660938-8661283(+)	sample_056.bnk	dar_squam1	92.4
nai_JAWWNI010000281.1:657243-657596(-)	sample_056.bnk	dar_squam1	90.4
mix_JAWWNH010000029.1:54280758-54281086(+)	sample_056.bnk	dar_squam1	92.4
mix_JAWWNH010000071.1:1618987-1619348(+)	sample_056.bnk	dar_squam1	91.7
unp_JAWDKN010000062.1:3660232-3660583(+)	sample_056.bnk	dar_squam1	92.0
mix_JAWWNH010000011.1:36369748-36370113(+)	sample_056.bnk	dar_squam1	89.5
mix_JAWWNH010000071.1:3590026-3590375(+)	sample_056.bnk	dar_squam1	91.1
unp_JAWDKN010000043.1:3530053-3530396(-)	sample_056.bnk	dar_squam1	92.4
mix_JAWWNH010000233.1:23978-24327(+)	sample_056.bnk	dar_squam1	91.0
mix_JAWWNH010000071.1:3784505-3784839(-)	sample_056.bnk	dar_squam1	92.4
arm_JAWWNF010000608.1:846874-847222(+)	sample_056.bnk	dar_squam1	91.6
arm_JAWWNF010000497.1:29125-29471(-)	sample_056.bnk	dar_squam1	92.5
unm_JAWDKO010000121.1:98481-98828(+)	sample_056.bnk	dar_squam1	92.7
dva_JAWWNG010000381.1:1158782-1159134(-)	sample_056.bnk	dar_squam1	90.0
dva_JAWWNG010002176.1:952074-952426(-)	sample_056.bnk	dar_squam1	91.7
mix_JAWWNH010000098.1:1024914-1025271(-)	sample_056.bnk	dar_squam1	89.0
dvl_JAIXNF010000116.1:80794-81130(+)	sample_056.bnk	dar_squam1	92.9
unp_JAWDKN010000081.1:9324873-9325217(-)	sample_056.bnk	dar_squam1	90.6
dvl_JAIXNF010025916.1:276078-276182(-)	sample_056.bnk	dar_squam1	88.3
unp_JAWDKN010000057.1:6086793-6087162(-)	sample_056.bnk	dar_squam1	90.7
arm_JAWWNF010000273.1:286894-287439(-)	sample_056.bnk	dar_squam1	93.4
unm_JAWDKO010000037.1:15395845-15396183(+)	sample_056.bnk	dar_squam1	93.2
unm_JAWDKO010000011.1:19679040-19679389(-)	sample_056.bnk	dar_squam1	92.8
dvl_JAIXNF010000575.1:285000-285312(-)	sample_056.bnk	dar_squam1	93.6
mix_JAWWNH010000040.1:239115-239479(-)	sample_056.bnk	dar_squam1	92.1
nai_JAWWNI010000555.1:830906-831264(-)	sample_056.bnk	dar_squam1	91.2
dva_JAWWNG010000052.1:528584-528943(+)	sample_056.bnk	dar_squam1	93.8
dva_JAWWNG010000224.1:2446264-2446624(+)	sample_056.bnk	dar_squam1	91.3
mix_JAWWNH010000112.1:3362238-3362588(+)	sample_056.bnk	dar_squam1	90.3
arm_JAWWNF010000202.1:861965-862296(+)	sample_056.bnk	dar_squam1	90.9
arm_JAWWNF010000342.1:979571-979917(-)	sample_056.bnk	dar_squam1	91.3
dvl_JAIXNF010000025.1:11730932-11731263(-)	sample_056.bnk	dar_squam1	91.8
dvl_JAIXNF010025944.1:18856-19307(-)	sample_056.bnk	dar_squam1	90.9
mix_JAWWNH010000071.1:7700136-7700465(-)	sample_056.bnk	dar_squam1	91.5
nai_JAWWNI010000383.1:530387-530740(+)	sample_057.bnk	dar_squam1	93.1
dva_JAWWNG010000041.1:4745252-4745609(+)	sample_057.bnk	dar_squam1	88.4
dvl_JAIXNF010000362.1:8594580-8594923(+)	sample_057.bnk	dar_squam1	90.7
unp_JAWDKN010000015.1:1244878-1245229(+)	sample_057.bnk	dar_squam1	90.3
unp_JAWDKN010000048.1:18187445-18187807(+)	sample_057.bnk	dar_squam1	90.3
dvl_JAIXNF010000151.1:189453-189807(+)	sample_057.bnk	dar_squam1	92.0
unp_JAWDKN010000124.1:1813165-1813522(-)	sample_057.bnk	dar_squam1	92.1
dvl_JAIXNF010025940.1:289276-289638(+)	sample_057.bnk	dar_squam1	89.1
nai_JAWWNI010000292.1:2384182-2384549(-)	sample_057.bnk	dar_squam1	90.1
arm_JAWWNF010000024.1:407964-408308(+)	sample_057.bnk	dar_squam1	91.2
arm_JAWWNF010000504.1:1593220-1593572(+)	sample_057.bnk	dar_squam1	89.1
arm_JAWWNF010000347.1:1686019-1686353(+)	sample_057.bnk	dar_squam1	90.0
dva_JAWWNG010002679.1:114690-115044(+)	sample_057.bnk	dar_squam1	89.8
arm_JAWWNF010000240.1:1841454-1841819(-)	sample_057.bnk	dar_squam1	89.5
nai_JAWWNI010000104.1:1171740-1172105(+)	sample_057.bnk	dar_squam1	90.7
nai_JAWWNI010000311.1:1962054-1962422(+)	sample_057.bnk	dar_squam1	88.2
mix_JAWWNH010000085.1:5674340-5674675(+)	sample_057.bnk	dar_squam1	90.7
unp_JAWDKN010000015.1:108589-108946(-)	sample_057.bnk	dar_squam1	92.4
nai_JAWWNI010000518.1:214887-215256(-)	sample_057.bnk	dar_squam1	89.9
nai_JAWWNI010000077.1:683989-684342(-)	sample_057.bnk	dar_squam1	90.9
mix_JAWWNH010000061.1:14949113-14949460(+)	sample_057.bnk	dar_squam1	92.5
mix_JAWWNH010000149.1:1623063-1623413(+)	sample_057.bnk	dar_squam1	91.7
arm_JAWWNF010000369.1:1753959-1754297(-)	sample_057.bnk	dar_squam1	90.7
mix_JAWWNH010000011.1:15537581-15537924(-)	sample_057.bnk	dar_squam1	92.4
dva_JAWWNG010001230.1:253501-253830(-)	sample_057.bnk	dar_squam1	91.2
dvl_JAIXNF010012739.1:3978-4324(+)	sample_057.bnk	dar_squam1	91.6
arm_JAWWNF010000760.1:570044-570398(+)	sample_057.bnk	dar_squam1	90.9
unp_JAWDKN010000044.1:13645982-13646326(+)	sample_057.bnk	dar_squam1	91.8
dvl_JAIXNF010025849.1:2560388-2560744(+)	sample_057.bnk	dar_squam1	92.1
mix_JAWWNH010000050.1:9804505-9804840(+)	sample_057.bnk	dar_squam1	92.2
dva_JAWWNG010000125.1:1120662-1121011(+)	sample_057.bnk	dar_squam1	92.0
nai_JAWWNI010000041.1:1780532-1780875(-)	sample_057.bnk	dar_squam1	92.4
dvl_JAIXNF010000304.1:797938-798137(-)	sample_057.bnk	dar_squam1	91.2
unm_JAWDKO010000039.1:24449092-24449464(+)	sample_057.bnk	dar_squam1	88.8
nai_JAWWNI010000009.1:689023-689380(-)	sample_057.bnk	dar_squam1	91.5
nai_JAWWNI010000003.1:101276-101632(+)	sample_057.bnk	dar_squam1	90.7
dvl_JAIXNF010000026.1:6645175-6645536(-)	sample_057.bnk	dar_squam1	89.3
dvl_JAIXNF010025043.1:4590-4799(-)	sample_057.bnk	dar_squam1	89.7
unp_JAWDKN010000052.1:2705502-2705858(-)	sample_057.bnk	dar_squam1	92.9
arm_JAWWNF010000106.1:2885976-2886304(-)	sample_057.bnk	dar_squam1	90.1
unp_JAWDKN010000053.1:17213728-17214071(+)	sample_057.bnk	dar_squam1	90.1
unp_JAWDKN010000044.1:178148-178521(+)	sample_057.bnk	dar_squam1	89.5
unp_JAWDKN010000002.1:1147698-1148056(+)	sample_057.bnk	dar_squam1	91.5
unm_JAWDKO010000039.1:7381827-7382185(+)	sample_057.bnk	dar_squam1	91.3
dvl_JAIXNF010000136.1:203822-204183(-)	sample_057.bnk	dar_squam1	89.1
nai_JAWWNI010000248.1:4189715-4190067(+)	sample_057.bnk	dar_squam1	90.3
dva_JAWWNG010000052.1:1030761-1031143(-)	sample_057.bnk	dar_squam1	88.7
dva_JAWWNG010000009.1:9499252-9499602(+)	sample_057.bnk	dar_squam1	90.9
unm_JAWDKO010000032.1:12484720-12485104(+)	sample_057.bnk	dar_squam1	88.1
dvl_JAIXNF010025940.1:994092-994456(+)	sample_057.bnk	dar_squam1	92.1
nai_JAWWNI010000003.1:630787-631149(-)	sample_058.bnk	dar_squam1	89.3
arm_JAWWNF010000082.1:2790037-2790396(-)	sample_058.bnk	dar_squam1	87.7
nai_JAWWNI010000085.1:2890844-2891208(+)	sample_058.bnk	dar_squam1	89.7
arm_JAWWNF010000860.1:157886-158247(+)	sample_058.bnk	dar_squam1	89.9
arm_JAWWNF010000380.1:1534225-1534554(-)	sample_058.bnk	dar_squam1	88.8
dva_JAWWNG010000276.1:1569650-1570028(+)	sample_058.bnk	dar_squam1	88.1
dva_JAWWNG010000287.1:1191036-1191405(+)	sample_058.bnk	dar_squam1	90.1
arm_JAWWNF010000825.1:86831-87201(-)	sample_058.bnk	dar_squam1	89.1
dvl_JAIXNF010000001.1:31013554-31013739(+)	sample_058.bnk	dar_squam1	89.1
mix_JAWWNH010000046.1:1675774-1676148(+)	sample_058.bnk	dar_squam1	88.5
nai_JAWWNI010000428.1:885284-885663(-)	sample_058.bnk	dar_squam1	89.3
nai_JAWWNI010000464.1:2078976-2079307(-)	sample_058.bnk	dar_squam1	88.6
dva_JAWWNG010000009.1:3922821-3923191(-)	sample_058.bnk	dar_squam1	89.0
mix_JAWWNH010000108.1:3712098-3712461(+)	sample_058.bnk	dar_squam1	87.1
unp_JAWDKN010000057.1:7070156-7070497(-)	sample_058.bnk	dar_squam1	89.3
nai_JAWWNI010000681.1:4030972-4031333(+)	sample_058.bnk	dar_squam1	89.7
arm_JAWWNF010000332.1:2094466-2094827(-)	sample_058.bnk	dar_squam1	88.4
nai_JAWWNI010000080.1:3069206-3069583(-)	sample_058.bnk	dar_squam1	90.7
arm_JAWWNF010000404.1:483293-483684(-)	sample_058.bnk	dar_squam1	88.8
mix_JAWWNH010000126.1:5887361-5887699(+)	sample_058.bnk	dar_squam1	91.5
unp_JAWDKN010000009.1:3976845-3977177(-)	sample_058.bnk	dar_squam1	90.2
unp_JAWDKN010000172.1:482082-482466(-)	sample_058.bnk	dar_squam1	89.7
unp_JAWDKN010000018.1:10943407-10943769(-)	sample_058.bnk	dar_squam1	89.2
arm_JAWWNF010000081.1:535339-535706(-)	sample_058.bnk	dar_squam1	90.6
arm_JAWWNF010000153.1:3089401-3089746(-)	sample_058.bnk	dar_squam1	91.4
unp_JAWDKN010000081.1:2772743-2773111(-)	sample_058.bnk	dar_squam1	89.7
dvl_JAIXNF010025364.1:430452-430826(+)	sample_058.bnk	dar_squam1	87.1
nai_JAWWNI010000022.1:4594406-4594782(-)	sample_058.bnk	dar_squam1	87.3
dvl_JAIXNF010000605.1:105498-105884(+)	sample_058.bnk	dar_squam1	90.7
mix_JAWWNH010000030.1:6478805-6479183(+)	sample_058.bnk	dar_squam1	89.0
nai_JAWWNI010000941.1:2955204-2955591(+)	sample_058.bnk	dar_squam1	89.3
mix_JAWWNH010000173.1:5494405-5494788(+)	sample_058.bnk	dar_squam1	90.0
unm_JAWDKO010000015.1:10250496-10250833(-)	sample_058.bnk	dar_squam1	91.9
nai_JAWWNI010000306.1:12674628-12674985(-)	sample_058.bnk	dar_squam1	90.4
unp_JAWDKN010000070.1:14235874-14236222(-)	sample_058.bnk	dar_squam1	90.0
unp_JAWDKN010000003.1:65730910-65731272(+)	sample_058.bnk	dar_squam1	89.7
mix_JAWWNH010000011.1:25326354-25326726(+)	sample_058.bnk	dar_squam1	90.0
arm_JAWWNF010000170.1:3867462-3867817(-)	sample_058.bnk	dar_squam1	90.1
unm_JAWDKO010000014.1:508874-509223(+)	sample_058.bnk	dar_squam1	91.0
mix_JAWWNH010000136.1:3188867-3189202(+)	sample_058.bnk	dar_squam1	92.6
arm_JAWWNF010000499.1:241119-241461(+)	sample_058.bnk	dar_squam1	92.1
unm_JAWDKO010000003.1:13237212-13237559(-)	sample_058.bnk	dar_squam1	89.9
unm_JAWDKO010000010.1:9264914-9265254(+)	sample_058.bnk	dar_squam1	90.3
dva_JAWWNG010001511.1:1244359-1244715(+)	sample_058.bnk	dar_squam1	91.7
mix_JAWWNH010000072.1:2009691-2010032(-)	sample_058.bnk	dar_squam1	91.5
unp_JAWDKN010000067.1:19658311-19658645(+)	sample_058.bnk	dar_squam1	91.8
dva_JAWWNG010000033.1:1982988-1983341(+)	sample_058.bnk	dar_squam1	90.9
nai_JAWWNI010000561.1:1014786-1015131(-)	sample_058.bnk	dar_squam1	89.8
dva_JAWWNG010000630.1:422303-422653(+)	sample_058.bnk	dar_squam1	89.7
mix_JAWWNH010000004.1:3584341-3584685(+)	sample_058.bnk	dar_squam1	89.6
unp_JAWDKN010000070.1:21044021-21044372(-)	sample_059.bnk	dar_squam1	90.1
dva_JAWWNG010000010.1:3390173-3390540(-)	sample_059.bnk	dar_squam1	89.5
dva_JAWWNG010000701.1:366548-366906(+)	sample_059.bnk	dar_squam1	90.7
arm_JAWWNF010000206.1:506339-506698(+)	sample_059.bnk	dar_squam1	89.4
unp_JAWDKN010000059.1:6992177-6992533(-)	sample_059.bnk	dar_squam1	88.4
nai_JAWWNI010000303.1:79778-80118(-)	sample_059.bnk	dar_squam1	89.4
dvl_JAIXNF010025700.1:4347534-4347895(+)	sample_059.bnk	dar_squam1	92.2
arm_JAWWNF010000171.1:2213334-2213668(-)	sample_059.bnk	dar_squam1	92.2
dvl_JAIXNF010000028.1:3584574-3584935(-)	sample_059.bnk	dar_squam1	90.9
mix_JAWWNH010000013.1:31737574-31737943(+)	sample_059.bnk	dar_squam1	89.0
dvl_JAIXNF010000010.1:4429558-4429905(-)	sample_059.bnk	dar_squam1	87.6
dva_JAWWNG010001587.1:89216-89571(+)	sample_059.bnk	dar_squam1	91.8
nai_JAWWNI010000588.1:4568439-4568784(+)	sample_059.bnk	dar_squam1	92.1
arm_JAWWNF010000216.1:4826885-4827248(+)	sample_059.bnk	dar_squam1	91.6
dva_JAWWNG010001400.1:314544-314903(-)	sample_059.bnk	dar_squam1	91.9
unm_JAWDKO010000026.1:17877911-17878273(+)	sample_059.bnk	dar_squam1	90.3
dvl_JAIXNF010025888.1:37510-37877(+)	sample_059.bnk	dar_squam1	90.4
nai_JAWWNI010000228.1:2432079-2432442(+)	sample_059.bnk	dar_squam1	88.5
arm_JAWWNF010000060.1:577778-578147(-)	sample_059.bnk	dar_squam1	89.9
unp_JAWDKN010000025.1:3739062-3739415(+)	sample_059.bnk	dar_squam1	92.1
unm_JAWDKO010000026.1:14199265-14199605(-)	sample_059.bnk	dar_squam1	89.4
dva_JAWWNG010000009.1:5632978-5633338(-)	sample_059.bnk	dar_squam1	90.4
nai_JAWWNI010000404.1:1587743-1588099(+)	sample_059.bnk	dar_squam1	92.4
unp_JAWDKN010000041.1:16916694-16917045(+)	sample_059.bnk	dar_squam1	90.6
mix_JAWWNH010000050.1:33304128-33304493(-)	sample_059.bnk	dar_squam1	89.8
unp_JAWDKN010000003.1:14687489-14687819(+)	sample_059.bnk	dar_squam1	89.1
dva_JAWWNG010000145.1:673194-673538(-)	sample_059.bnk	dar_squam1	88.3
dvl_JAIXNF010000020.1:8081391-8081751(-)	sample_059.bnk	dar_squam1	88.8
mix_JAWWNH010000105.1:708388-708751(+)	sample_059.bnk	dar_squam1	90.0
mix_JAWWNH010000222.1:113529-113885(+)	sample_059.bnk	dar_squam1	92.1
unp_JAWDKN010000107.1:827019-827353(-)	sample_059.bnk	dar_squam1	90.6
mix_JAWWNH010000015.1:1384355-1384719(-)	sample_059.bnk	dar_squam1	92.4
unm_JAWDKO010000049.1:10071182-10071540(-)	sample_059.bnk	dar_squam1	90.8
dva_JAWWNG010001734.1:800655-801017(+)	sample_059.bnk	dar_squam1	91.5
arm_JAWWNF010000660.1:374485-374813(-)	sample_059.bnk	dar_squam1	89.4
arm_JAWWNF010000377.1:6052787-6053117(+)	sample_059.bnk	dar_squam1	87.8
unp_JAWDKN010000181.1:1338390-1338749(+)	sample_059.bnk	dar_squam1	91.0
nai_JAWWNI010000452.1:1607757-1608295(+)	sample_059.bnk	dar_squam1	93.1
dva_JAWWNG010000038.1:4131732-4132079(-)	sample_059.bnk	dar_squam1	91.3
nai_JAWWNI010000288.1:167743-168091(+)	sample_059.bnk	dar_squam1	92.3
mix_JAWWNH010000010.1:7193949-7194279(-)	sample_059.bnk	dar_squam1	93.6
dva_JAWWNG010001194.1:1430499-1430842(+)	sample_059.bnk	dar_squam1	88.1
unp_JAWDKN010000027.1:6977544-6977890(+)	sample_059.bnk	dar_squam1	90.2
unp_JAWDKN010000183.1:1074880-1075217(-)	sample_059.bnk	dar_squam1	92.4
unm_JAWDKO010000017.1:5714517-5714903(+)	sample_059.bnk	dar_squam1	89.3
dvl_JAIXNF010000010.1:18728751-18729099(+)	sample_059.bnk	dar_squam1	88.1
dvl_JAIXNF010000069.1:2979058-2979423(+)	sample_059.bnk	dar_squam1	90.0
dvl_JAIXNF010000051.1:1574498-1574799(-)	sample_059.bnk	dar_squam1	94.5
mix_JAWWNH010000030.1:5292234-5292578(-)	sample_059.bnk	dar_squam1	90.2
unm_JAWDKO010000038.1:5530546-5530894(-)	sample_059.bnk	dar_squam1	90.1
arm_JAWWNF010000369.1:775390-775742(+)	sample_060.bnk	dar_squam1	91.4
arm_JAWWNF010000299.1:2773049-2773404(-)	sample_060.bnk	dar_squam1	91.2
dvl_JAIXNF010025678.1:149431-149672(+)	sample_060.bnk	dar_squam1	88.4
arm_JAWWNF010000070.1:5118430-5118778(+)	sample_060.bnk	dar_squam1	91.6
mix_JAWWNH010000016.1:6999218-6999558(-)	sample_060.bnk	dar_squam1	88.9
dva_JAWWNG010000580.1:646464-646843(-)	sample_060.bnk	dar_squam1	87.9
mix_JAWWNH010000074.1:23551421-23551792(-)	sample_060.bnk	dar_squam1	89.1
dva_JAWWNG010000703.1:1744004-1744345(-)	sample_060.bnk	dar_squam1	89.6
nai_JAWWNI010000129.1:1207947-1208306(-)	sample_060.bnk	dar_squam1	88.6
dvl_JAIXNF010025735.1:266523-266881(-)	sample_060.bnk	dar_squam1	89.1
arm_JAWWNF010000319.1:922822-923187(+)	sample_060.bnk	dar_squam1	89.5
dvl_JAIXNF010025714.1:2324431-2324513(+)	sample_060.bnk	dar_squam1	94.7
dvl_JAIXNF010025714.1:3667546-3667921(-)	sample_060.bnk	dar_squam1	90.0
dvl_JAIXNF010000413.1:15896636-15896990(-)	sample_060.bnk	dar_squam1	88.8
mix_JAWWNH010000066.1:20316512-20316871(-)	sample_060.bnk	dar_squam1	89.5
unm_JAWDKO010000040.1:30413669-30414001(-)	sample_060.bnk	dar_squam1	88.0
nai_JAWWNI010000600.1:534172-534535(+)	sample_060.bnk	dar_squam1	89.6
arm_JAWWNF010000486.1:3553037-3553398(+)	sample_060.bnk	dar_squam1	89.2
dvl_JAIXNF010025579.1:2209132-2209486(-)	sample_060.bnk	dar_squam1	88.9
dvl_JAIXNF010025401.1:134209-134561(-)	sample_060.bnk	dar_squam1	87.5
unp_JAWDKN010000067.1:20958567-20958923(+)	sample_060.bnk	dar_squam1	90.3
dvl_JAIXNF010000039.1:1160604-1160979(+)	sample_060.bnk	dar_squam1	85.8
arm_JAWWNF010000404.1:4193165-4193538(+)	sample_060.bnk	dar_squam1	87.8
unm_JAWDKO010000054.1:8483158-8483523(-)	sample_060.bnk	dar_squam1	90.4
unm_JAWDKO010000028.1:5942829-5943195(-)	sample_060.bnk	dar_squam1	89.0
unp_JAWDKN010000003.1:78943849-78944197(+)	sample_060.bnk	dar_squam1	91.3
mix_JAWWNH010000056.1:13342014-13342366(+)	sample_060.bnk	dar_squam1	88.5
unm_JAWDKO010000005.1:13026907-13027256(-)	sample_060.bnk	dar_squam1	85.9
dvl_JAIXNF010000107.1:1729763-1730134(-)	sample_060.bnk	dar_squam1	87.0
dva_JAWWNG010002409.1:227264-227630(-)	sample_060.bnk	dar_squam1	87.9
dvl_JAIXNF010000039.1:3081700-3081986(+)	sample_060.bnk	dar_squam1	92.0
dvl_JAIXNF010025873.1:113523-113836(+)	sample_060.bnk	dar_squam1	88.6
nai_JAWWNI010001157.1:309432-309797(+)	sample_060.bnk	dar_squam1	90.1
mix_JAWWNH010000037.1:751294-751670(+)	sample_060.bnk	dar_squam1	86.7
unm_JAWDKO010000032.1:2329276-2329625(-)	sample_060.bnk	dar_squam1	90.5
unm_JAWDKO010000017.1:1842092-1842435(-)	sample_060.bnk	dar_squam1	87.9
dvl_JAIXNF010000394.1:62162-62525(-)	sample_060.bnk	dar_squam1	88.1
unm_JAWDKO010000060.1:6404963-6405318(+)	sample_060.bnk	dar_squam1	88.0
dva_JAWWNG010003073.1:862-1214(+)	sample_060.bnk	dar_squam1	87.2
dvl_JAIXNF010004552.1:471-674(+)	sample_060.bnk	dar_squam1	82.9
unm_JAWDKO010000021.1:2371316-2371673(+)	sample_060.bnk	dar_squam1	83.6
mix_JAWWNH010000194.1:787840-788206(+)	sample_060.bnk	dar_squam1	82.8
unm_JAWDKO010000013.1:2191595-2191958(-)	sample_060.bnk	dar_squam1	84.4
nai_JAWWNI010000428.1:1354767-1355105(+)	sample_060.bnk	dar_squam1	81.5
arm_JAWWNF010000724.1:867794-868156(+)	sample_060.bnk	dar_squam1	84.2
dva_JAWWNG010001407.1:3555250-3555606(+)	sample_060.bnk	dar_squam1	81.6
dvl_JAIXNF010000190.1:293065-293248(-)	sample_060.bnk	dar_squam1	86.5
nai_JAWWNI010000009.1:3034139-3034478(+)	sample_060.bnk	dar_squam1	85.4
nai_JAWWNI010000170.1:3882458-3882844(+)	sample_060.bnk	dar_squam1	82.0
dvl_JAIXNF010000049.1:2766615-2766857(+)	sample_060.bnk	dar_squam1	90.7
